comp_id,comp_source,comp_type,make,model,year_built,loa_ft,propulsion_type,engine_hours,region_market,condition_grade,list_price,sold_price,days_on_market,sale_date,equipment_flags,notes
comp_ddbf6510368c,marketplace,sold,Grady-White,257 Fisherman,2010,25.16,inboard,1001,Gulf Coast,good,22668.21,20877.07,100,2025-03-10,"[""AIS"", ""joystick"", ""trailer""]",
comp_49f98a202101,marketplace,listing,Sea Ray,SPX 190,1999,20.48,sterndrive,2095,Gulf Coast,good,10146.3,,10,2025-07-06,"[""radar""]",
comp_ffc8d91953a6,marketplace,listing,Sun Tracker,Party Barge 22 DLX,2010,23.06,outboard,1509,Gulf Coast,fair,8725.08,,92,2023-03-01,[],
comp_cbf68c9e9612,brokerage,sold,Lund,1650 Angler,2009,33.25,inboard,1948,Inland Lakes,good,31519.45,27938.09,64,2024-11-02,"[""generator""]",
comp_15b8d13cbde1,brokerage,sold,HarborCat,26 WB,2009,12.82,outboard,1058,Gulf Coast,very_good,16056.67,15375.61,66,2023-01-04,"[""autopilot""]",
comp_73f1cd435b30,marketplace,listing,Tiara,38 LS,2015,23.61,sterndrive,1404,Gulf Coast,good,42024.4,,27,2026-03-21,[],
comp_befc148e04a1,brokerage,listing,Chaparral,21 SSI,2006,26.0,sterndrive,1992,Maritimes,fair,16280.3,,26,2025-01-27,"[""solar"", ""joystick"", ""AIS""]",
comp_48d4aa44fd6f,internal_sales,sold,Tiara,38 LS,1983,33.56,sterndrive,7215,Pacific Coast,very_good,44303.71,38488.98,88,2025-01-24,"[""solar"", ""joystick""]",
comp_1bf85124861b,brokerage,listing,Catalina,275 Sport,1976,41.4,inboard,1996,Inland Lakes,good,51192.55,,292,2024-12-26,"[""solar"", ""joystick""]",
comp_50f4169c37f1,brokerage,sold,Sea Ray,Sundancer 320,1998,16.66,sterndrive,988,Maritimes,good,24375.46,22003.05,62,2024-05-17,"[""radar"", ""AIS""]",
comp_7b5c570699a0,marketplace,listing,Sun Tracker,Party Barge 22 DLX,2014,26.0,outboard,333,Inland Lakes,excellent,21413.72,,56,2026-10-20,"[""joystick""]",
comp_6206b44ef961,marketplace,sold,Jeanneau,Leader 10.5,1969,39.84,inboard,1032,Gulf Coast,good,41354.0,36441.93,43,2025-03-14,"[""trailer"", ""AIS""]",
comp_3b162a2fa0c0,marketplace,sold,Grady-White,191 CE,2019,26.0,outboard,1586,Great Lakes,good,38933.17,37109.96,105,2025-03-08,"[""joystick"", ""trailer""]",
comp_ecfd46fc2edb,marketplace,sold,Carver,C34 Coupe,1996,34.37,sterndrive,5085,Maritimes,very_good,64523.67,56046.68,26,2025-10-07,"[""generator"", ""AIS""]",
comp_c16ab9a1cd2f,brokerage,listing,Grady-White,191 CE,1996,12.08,inboard,3425,Atlantic Coast,very_good,5227.67,,63,2026-01-22,"[""generator""]",
comp_d9d1d4287e71,marketplace,sold,Regal,LS4,2025,26.0,sterndrive,259,Pacific Coast,excellent,64665.14,60058.16,154,2024-03-21,"[""solar""]",
comp_3a398b7266bc,marketplace,sold,Chaparral,23 SSi,2015,16.61,outboard,163,Pacific Coast,very_good,16454.84,13826.92,147,2025-08-11,"[""trailer"", ""generator"", ""AIS""]",
comp_f11d68ce49b7,brokerage,sold,Harris,Cruiser 210,2023,25.76,outboard,246,Great Lakes,excellent,42568.5,37195.5,88,2025-10-05,"[""generator"", ""solar"", ""AIS""]",
comp_bf6af57aea8c,marketplace,sold,Sun Tracker,Party Barge 22 DLX,2007,26.0,outboard,432,Maritimes,fair,9307.76,8439.3,27,2024-04-11,"[""generator""]",
comp_492c0776513a,marketplace,sold,Boston Whaler,170 Montauk,1993,16.4,outboard,4998,Maritimes,good,8059.4,7800.1,339,2024-01-25,"[""trailer"", ""autopilot"", ""solar""]",
comp_331db02ac27f,internal_sales,sold,Tiara,44 Coupe,2010,37.27,inboard,1307,Gulf Coast,good,92896.71,90798.67,66,2026-07-09,"[""radar"", ""generator""]",
comp_5ce89864c8f3,brokerage,listing,Sea Ray,Sundancer 320,2008,21.26,sterndrive,2477,Great Lakes,very_good,17198.4,,99,2025-12-13,"[""solar"", ""trailer""]",
comp_33c8d7bafad6,marketplace,listing,Harris,Solstice 230,2021,26.0,outboard,156,Gulf Coast,good,25224.28,,42,2024-01-27,"[""solar"", ""AIS"", ""trailer""]",
comp_dd1a77f29b21,internal_sales,sold,Boston Whaler,230 Outrage,1985,19.34,inboard,8440,Atlantic Coast,poor,3947.06,3527.93,85,2023-06-19,"[""solar"", ""joystick"", ""AIS""]",
comp_63fc30efe028,brokerage,sold,Regal,28 Express,2010,19.28,outboard,610,Maritimes,good,16194.24,14643.03,35,2026-06-27,"[""autopilot"", ""radar"", ""trailer""]",
comp_2df40902d157,marketplace,listing,Sun Tracker,Party Barge 22 DLX,2013,19.76,outboard,358,Maritimes,poor,5262.01,,113,2025-01-16,"[""radar"", ""trailer"", ""generator""]",
comp_ba3f777d164a,brokerage,sold,Tiara,38 LS,2009,23.4,inboard,1471,Maritimes,good,48366.71,41339.56,139,2024-05-22,"[""solar""]",
comp_5bd6b2b7fd26,brokerage,sold,Yamaha WaveRunner,VX Cruiser,1985,10.64,jet,908,Atlantic Coast,excellent,1434.93,1256.22,31,2025-02-18,"[""autopilot""]",
comp_2418f3648d29,marketplace,listing,Hunter,36,2012,25.96,sail_aux,0,Gulf Coast,very_good,47353.6,,59,2026-09-24,"[""generator"", ""radar"", ""trailer""]",
comp_9be623314c47,internal_sales,sold,Regal,28 Express,1998,20.67,sterndrive,1134,Great Lakes,very_good,12268.24,10979.62,30,2026-07-01,"[""AIS"", ""solar""]",
comp_e196191b9544,marketplace,sold,Tiara,44 Coupe,2006,29.65,sterndrive,1227,Atlantic Coast,fair,47488.06,46084.32,9,2023-10-21,"[""joystick"", ""solar""]",
comp_bdc969201f3a,marketplace,sold,Chaparral,23 SSi,2006,20.76,sterndrive,2795,Pacific Coast,good,12701.81,12290.83,81,2026-10-06,[],
comp_b0da73edbf04,brokerage,sold,Tracker,Pro Team 175,2016,17.92,inboard,841,Atlantic Coast,excellent,19348.75,17603.27,29,2023-02-17,"[""solar"", ""joystick"", ""autopilot""]",
comp_61ebb075d187,marketplace,sold,Harris,Cruiser 210,2011,26.0,outboard,588,Maritimes,good,13980.92,12775.31,29,2025-02-10,"[""solar"", ""joystick"", ""generator""]",
comp_0132030f02f3,internal_sales,sold,Tiara,38 LS,2001,44.06,inboard,1020,Atlantic Coast,very_good,98903.85,84125.98,24,2024-05-12,[],
comp_bc7bcb738158,brokerage,sold,Sun Tracker,Bass Buggy 18 DLX,2014,23.29,outboard,588,Atlantic Coast,fair,9873.48,9628.16,61,2025-06-13,[],
comp_b2de49c45c13,brokerage,listing,Sun Tracker,Party Barge 22 DLX,2006,20.84,outboard,158,Atlantic Coast,poor,5082.58,,48,2023-07-18,[],
comp_4e19b29dbb2c,marketplace,sold,Carver,C40 Command Bridge,2004,34.04,inboard,2139,Pacific Coast,very_good,68564.03,66218.59,50,2026-03-11,"[""solar""]",
comp_574b1acc6cac,internal_sales,listing,SafeBoat,25 Defender,2000,37.94,inboard,4153,Atlantic Coast,fair,40820.37,,28,2025-07-15,[],
comp_6e54f5e3bb34,brokerage,sold,SafeBoat,25 Defender,2005,37.94,inboard,3729,Atlantic Coast,fair,47238.66,41088.11,21,2025-02-08,"[""radar"", ""generator""]",
comp_ad3836b2fa88,marketplace,listing,Sea Ray,SPX 190,2025,35.57,sterndrive,0,Inland Lakes,good,182654.98,,109,2025-09-27,"[""joystick""]",
comp_7cebe037ed96,internal_sales,sold,SafeBoat,25 Defender,2000,38.78,outboard,4494,Inland Lakes,poor,34600.36,31974.86,19,2026-05-12,"[""radar""]",
comp_00ae7721d42e,marketplace,sold,Sea Ray,SLX 260,2001,17.97,outboard,1510,Gulf Coast,fair,8354.05,7383.04,43,2025-06-20,"[""radar""]",
comp_380bfa2c9cd8,brokerage,sold,Harris,Cruiser 210,2013,22.72,outboard,628,Gulf Coast,excellent,16271.14,15167.81,60,2025-11-11,[],
comp_fce3a5505f60,marketplace,listing,Carver,C40 Command Bridge,2023,37.45,sterndrive,98,Inland Lakes,fair,121188.84,,50,2023-12-13,"[""radar"", ""trailer"", ""joystick""]",
comp_05d7f00b58a3,marketplace,listing,Bennington,22 SSB,2019,22.0,outboard,740,Pacific Coast,very_good,20422.18,,51,2025-06-15,[],
comp_1a9b1ff42456,marketplace,sold,Yamaha WaveRunner,VX Cruiser,2011,11.11,jet,640,Gulf Coast,fair,2754.67,2398.83,107,2025-09-22,"[""radar"", ""trailer"", ""autopilot""]",
comp_d1c3d32e91e5,marketplace,sold,Boston Whaler,280 Vantage,2006,24.03,outboard,1123,Pacific Coast,good,17526.67,15384.82,74,2025-12-19,[],
comp_89585240653f,marketplace,sold,Harris,Solstice 230,2012,21.27,outboard,447,Great Lakes,poor,6908.51,5850.09,37,2026-08-04,"[""joystick""]",
comp_7f5c3c5f0977,marketplace,listing,Hunter,31,2015,24.67,inboard,276,Gulf Coast,good,51838.7,,141,2025-09-02,[],
comp_dc6ab2e82ba6,internal_sales,sold,Harris,Cruiser 210,2011,28.77,outboard,1483,Atlantic Coast,good,17354.94,15167.19,17,2025-08-20,"[""autopilot"", ""generator""]",
comp_4c00b32e3ca3,marketplace,sold,Carver,C40 Command Bridge,2007,41.17,inboard,1289,Maritimes,very_good,97582.51,82455.5,146,2026-12-13,[],
comp_f4e357b10d6e,brokerage,listing,Hunter,31,2015,24.67,inboard,211,Gulf Coast,very_good,55779.72,,22,2026-11-10,[],
comp_5513a8292806,brokerage,listing,Bayliner,Ciera 8,1969,25.11,sterndrive,4943,Maritimes,fair,4432.47,,49,2023-12-15,"[""solar"", ""autopilot"", ""trailer""]",
comp_32720e5a6ef2,marketplace,sold,Sea Ray,SPX 190,2018,40.71,inboard,357,Gulf Coast,good,137512.05,133657.65,20,2025-01-04,"[""autopilot"", ""solar""]",
comp_8f501f94677f,marketplace,sold,Sun Tracker,Bass Buggy 18 DLX,2016,26.0,outboard,227,Inland Lakes,poor,10728.17,9984.81,9,2024-06-06,"[""joystick""]",
comp_30691a37651e,brokerage,listing,Harris,Solstice 230,1972,21.78,outboard,3009,Great Lakes,fair,2797.5,,68,2024-09-11,[],
comp_bde511721668,marketplace,sold,Sea Ray,SLX 260,1998,20.28,outboard,952,Inland Lakes,fair,9147.98,8331.44,119,2024-05-28,"[""solar""]",
comp_7e18177ff11a,brokerage,listing,Lund,1650 Angler,1981,17.27,outboard,2287,Pacific Coast,fair,4685.51,,31,2026-02-13,[],
comp_32f79402b4af,marketplace,sold,Harris,Cruiser 210,2005,23.21,outboard,385,Pacific Coast,poor,5911.31,5085.1,41,2025-08-06,"[""autopilot""]",
comp_76f9593b5204,marketplace,sold,Boston Whaler,280 Vantage,2022,24.39,inboard,861,Great Lakes,good,46856.42,43073.53,16,2025-01-16,"[""radar""]",
comp_1fcaf8fd504d,marketplace,sold,Catalina,445,2025,19.04,inboard,0,Great Lakes,good,61035.14,53135.85,19,2025-12-17,"[""autopilot"", ""solar""]",
comp_17d06775c04e,internal_sales,listing,Boston Whaler,170 Montauk,1981,24.54,outboard,821,Pacific Coast,very_good,11565.38,,180,2023-04-22,"[""joystick"", ""solar""]",
comp_ed0e586dce9b,brokerage,sold,Bennington,20 SVL,1982,18.85,outboard,1357,Pacific Coast,fair,4070.63,3859.18,98,2024-04-24,"[""radar""]",
comp_30984904ab25,internal_sales,sold,Sun Tracker,Party Barge 22 DLX,2021,19.71,outboard,172,Inland Lakes,poor,9563.22,8059.11,47,2023-05-20,"[""solar"", ""AIS""]",
comp_b02283d2da36,internal_sales,sold,Grady-White,336 Canyon,2011,26.0,outboard,147,Gulf Coast,fair,19856.84,17791.08,71,2024-12-25,[],
comp_f870327480e6,internal_sales,sold,Sea Ray,SLX 260,2010,17.19,outboard,575,Great Lakes,good,12405.52,10638.86,71,2026-04-23,"[""generator"", ""solar"", ""radar""]",
comp_6e91af5875ea,marketplace,sold,Regal,LS4,2012,23.58,sterndrive,355,Maritimes,excellent,15716.31,13480.17,50,2024-02-21,"[""autopilot"", ""AIS"", ""solar""]",
comp_e564fbdd6c78,brokerage,sold,Bennington,24 LXSB,1994,18.33,outboard,603,Pacific Coast,excellent,7277.28,6331.48,119,2024-06-03,"[""joystick"", ""autopilot""]",
comp_e0323316a1db,brokerage,sold,Catalina,355,2024,37.01,inboard,77,Great Lakes,good,144773.27,131563.52,13,2024-07-01,[],
comp_04797ee767bd,brokerage,listing,Bayliner,Ciera 8,1985,24.7,outboard,3211,Maritimes,good,8660.29,,17,2025-04-17,"[""autopilot""]",
comp_34dabe65f83e,brokerage,sold,Regal,28 Express,2018,21.77,sterndrive,617,Gulf Coast,very_good,24509.72,23981.37,80,2024-02-13,"[""AIS"", ""generator"", ""trailer""]",
comp_4daa2fcbe4ac,brokerage,sold,Tiara,38 LS,2010,36.01,sterndrive,2106,Inland Lakes,good,96873.16,82926.67,622,2025-09-28,"[""joystick"", ""autopilot"", ""solar""]",
comp_94635213b103,marketplace,sold,Alumacraft Pro,Trophy 195,2020,24.04,outboard,5016,Maritimes,fair,45930.61,39504.2,67,2024-03-17,"[""solar"", ""AIS"", ""autopilot""]",
comp_fa55f98954ba,brokerage,sold,Grady-White,191 CE,1969,16.26,outboard,2885,Maritimes,very_good,3651.31,3164.24,38,2024-09-25,"[""autopilot"", ""AIS"", ""trailer""]",
comp_b8412a31073a,marketplace,sold,Bennington,22 SSB,1993,20.05,outboard,2400,Gulf Coast,fair,5868.6,5489.06,68,2026-02-08,"[""solar""]",
comp_a3cdd7cbd0a6,internal_sales,sold,Carver,C40 Command Bridge,2014,44.52,sterndrive,1200,Maritimes,very_good,150841.47,136895.25,80,2023-05-10,"[""AIS""]",
comp_ca16f0d2cf2c,brokerage,sold,Regal,LS4,2020,26.0,outboard,263,Pacific Coast,good,33599.58,30043.35,20,2024-05-07,[],
comp_87f51ad518c7,marketplace,sold,Jeanneau,Leader 10.5,2011,50.72,inboard,712,Inland Lakes,excellent,186067.77,171488.74,54,2024-09-15,[],
comp_340860648aee,marketplace,listing,SafeBoat,25 Defender,2006,8.0,inboard,1487,Inland Lakes,fair,6449.99,,23,2023-05-08,[],
comp_06aae6f073f6,marketplace,sold,Sun Tracker,Party Barge 22 DLX,1992,17.06,outboard,1965,Maritimes,good,4681.94,4583.15,22,2023-02-06,[],
comp_af637c114dab,marketplace,sold,Bennington,20 SVL,1999,22.8,outboard,392,Inland Lakes,very_good,12126.51,10772.57,115,2024-01-20,"[""autopilot"", ""joystick"", ""AIS""]",
comp_bac5189d349d,marketplace,sold,Sea Ray,SLX 260,2005,43.38,sterndrive,1021,Great Lakes,very_good,109009.22,99704.31,91,2026-10-27,"[""AIS"", ""solar""]",
comp_a79086d4a940,marketplace,sold,Regal,28 Express,2011,15.23,outboard,938,Atlantic Coast,good,10250.01,9101.96,71,2023-05-10,"[""solar""]",
comp_6f9652d76dfa,marketplace,listing,Chaparral,23 SSi,2004,25.11,sterndrive,533,Great Lakes,good,19728.92,,41,2026-10-26,"[""autopilot""]",
comp_a87d3fc1311e,brokerage,sold,Jeanneau,Leader 10.5,2025,35.81,sail_aux,84,Pacific Coast,good,167662.73,156770.21,66,2024-08-12,[],
comp_fe2493e851dc,internal_sales,listing,Sun Tracker,Bass Buggy 18 DLX,2023,26.0,outboard,151,Pacific Coast,good,27560.33,,21,2026-04-19,"[""radar""]",
comp_a81132c15134,marketplace,listing,Chaparral,23 SSi,2022,20.76,sterndrive,313,Maritimes,poor,15872.76,,23,2026-05-12,"[""trailer"", ""AIS""]",
comp_fc16dc94a2a1,marketplace,sold,Harris,Cruiser 210,2017,26.0,outboard,324,Maritimes,good,19819.51,16804.88,40,2024-02-16,"[""generator"", ""joystick""]",
comp_0a950167c25a,marketplace,listing,Sun Tracker,Party Barge 22 DLX,1977,18.66,outboard,1793,Atlantic Coast,very_good,4027.3,,66,2026-06-02,[],
comp_00f53715b39e,brokerage,listing,Kawasaki Jet Ski,STX 160,1989,11.83,jet,624,Inland Lakes,poor,1000.0,,133,2026-08-09,"[""joystick"", ""generator"", ""solar""]",
comp_2b0e0593e580,marketplace,sold,Sun Tracker,Bass Buggy 18 DLX,2023,26.0,outboard,17,Gulf Coast,fair,24442.38,22601.55,62,2026-02-02,"[""trailer"", ""AIS""]",
comp_f900ad6dc630,brokerage,sold,Regal,LS4,2007,24.0,outboard,280,Maritimes,very_good,21922.32,21012.65,33,2023-07-21,"[""generator"", ""radar""]",
comp_08e4a64b4955,marketplace,sold,Regal,28 Express,2003,25.0,sterndrive,1424,Atlantic Coast,good,16972.61,15929.29,70,2025-05-12,"[""solar"", ""autopilot"", ""trailer""]",
comp_0a14f3bf65d2,brokerage,sold,Catalina,275 Sport,1992,35.27,inboard,1615,Pacific Coast,poor,27872.94,24442.04,27,2026-05-06,"[""autopilot"", ""solar"", ""AIS""]",
comp_cab2f95e5516,internal_sales,sold,Jeanneau,Leader 10.5,1979,29.82,sail_aux,2655,Inland Lakes,good,40988.61,35295.35,18,2023-07-04,"[""autopilot""]",
comp_1582d608a3bb,marketplace,sold,Tracker,Grizzly 1860,1981,22.48,inboard,5482,Gulf Coast,very_good,8371.39,7261.86,155,2025-09-22,"[""generator""]",
comp_50fc7cafc45e,internal_sales,listing,Regal,LS4,1976,20.0,sterndrive,3561,Pacific Coast,very_good,5626.56,,65,2023-08-03,"[""solar"", ""generator"", ""radar""]",
comp_e353830171d9,marketplace,sold,Boston Whaler,170 Montauk,2014,25.21,inboard,878,Gulf Coast,good,25129.44,24051.96,10,2026-04-17,[],
comp_a4ece8a1e0db,marketplace,listing,Tiara,44 Coupe,2023,25.19,inboard,151,Inland Lakes,very_good,128730.65,,23,2024-03-10,"[""trailer""]",
comp_bce7c681afec,brokerage,sold,Chaparral,23 SSi,1979,25.33,sterndrive,3404,Atlantic Coast,poor,4717.65,4344.49,80,2025-03-27,[],
comp_95ab1e4e6fb2,marketplace,listing,SafeBoat,33 Full Cabin,2018,19.41,outboard,1971,Great Lakes,good,46143.99,,67,2023-04-13,"[""joystick"", ""solar""]",
comp_411d324779a4,brokerage,listing,Sun Tracker,Party Barge 22 DLX,2014,23.92,outboard,999,Inland Lakes,very_good,15018.77,,93,2023-03-26,"[""solar"", ""AIS"", ""radar""]",
comp_bb77a0107cd9,brokerage,sold,Lund,1650 Angler,1984,26.0,outboard,2533,Great Lakes,good,9799.04,9043.42,94,2026-02-26,"[""joystick""]",
comp_947c46e2c16b,brokerage,sold,Tracker,Targa V-18,2004,20.89,inboard,1027,Inland Lakes,good,14413.65,13691.15,84,2024-05-25,"[""joystick""]",
comp_b51d79a8b16e,brokerage,sold,Regal,LS4,2022,23.3,sterndrive,264,Great Lakes,good,32345.77,31543.05,95,2025-06-28,"[""trailer"", ""AIS"", ""solar""]",
comp_d45d0821c2dc,brokerage,sold,Harris,Cruiser 210,2013,24.72,outboard,1511,Great Lakes,fair,12885.71,12046.45,48,2023-10-15,"[""radar"", ""solar""]",
comp_e9ca9638737c,marketplace,sold,Sun Tracker,Party Barge 22 DLX,1976,18.78,outboard,4091,Inland Lakes,poor,1988.43,1831.13,103,2024-05-17,"[""AIS""]",
comp_229962e61f13,marketplace,listing,Catalina,445,2020,16.0,inboard,170,Great Lakes,excellent,39004.14,,42,2024-05-14,"[""radar"", ""joystick"", ""AIS""]",
comp_f21c07606228,marketplace,sold,Alumacraft Pro,Trophy 195,1969,41.91,jet,1022,Inland Lakes,poor,12382.69,10816.32,23,2024-04-02,"[""trailer"", ""autopilot""]",
comp_929940d69f20,marketplace,sold,Regal,LS4,2004,26.0,outboard,3108,Maritimes,fair,15371.27,13178.45,60,2023-05-02,"[""solar"", ""radar""]",
comp_615edcba3ea0,marketplace,sold,Regal,28 Express,2005,24.28,outboard,565,Gulf Coast,good,18817.72,16676.98,125,2026-03-04,"[""AIS"", ""autopilot""]",
comp_422fe48a2be1,marketplace,sold,Tracker,Pro Team 175,1995,21.98,inboard,6536,Inland Lakes,very_good,10573.73,9263.67,53,2026-05-08,"[""AIS"", ""solar""]",
comp_156d7ec212f0,brokerage,sold,Bennington,20 SVL,1990,19.63,outboard,1046,Gulf Coast,very_good,7652.0,7173.04,70,2023-03-14,"[""solar""]",
comp_74790ae14bb2,marketplace,sold,Grady-White,336 Canyon,2010,21.34,inboard,752,Pacific Coast,good,12339.56,11148.97,188,2024-01-28,[],
comp_4bd1d0785a8c,internal_sales,sold,Sun Tracker,Party Barge 22 DLX,2010,23.28,outboard,614,Pacific Coast,good,12903.93,12282.87,18,2026-08-26,"[""AIS"", ""generator"", ""solar""]",
comp_b176143663cb,marketplace,sold,Sea Ray,SDX 250,2000,36.77,sterndrive,1545,Maritimes,very_good,74282.7,71868.6,19,2025-09-18,[],
comp_47fa437fefd6,marketplace,sold,SafeBoat,33 Full Cabin,2015,19.41,outboard,1795,Great Lakes,good,38460.34,34839.95,16,2023-07-19,"[""generator"", ""trailer"", ""radar""]",
comp_3bf1823abedd,marketplace,sold,Sun Tracker,Party Barge 22 DLX,1988,22.4,outboard,938,Pacific Coast,fair,4207.98,3741.21,65,2025-06-27,"[""trailer"", ""autopilot"", ""generator""]",
comp_322ef9f72bd9,marketplace,sold,Chaparral,21 SSI,2012,23.46,outboard,751,Great Lakes,fair,15167.65,14325.14,33,2026-12-08,"[""AIS"", ""autopilot""]",
comp_ab0c3f793a6a,brokerage,sold,Tracker,Grizzly 1860,2013,26.0,outboard,1472,Atlantic Coast,very_good,25716.31,25030.27,95,2025-10-15,[],
comp_a8a2f7b072f8,marketplace,listing,Tiara,38 LS,1974,37.84,sterndrive,2042,Great Lakes,fair,32087.6,,13,2024-03-08,"[""joystick"", ""AIS"", ""generator""]",
comp_f0f7ddc12413,brokerage,listing,Regal,28 Express,1987,21.17,outboard,3106,Gulf Coast,very_good,9248.85,,59,2024-08-23,"[""radar"", ""autopilot"", ""solar""]",
comp_e4c1265d6eec,marketplace,sold,Jeanneau,Sun Odyssey 349,2010,35.71,sail_aux,659,Inland Lakes,good,84306.06,75058.99,59,2025-07-02,"[""solar"", ""generator"", ""trailer""]",
comp_1b56123ec5fb,internal_sales,sold,Tiara,38 LS,1991,41.8,sterndrive,2214,Inland Lakes,poor,42973.49,39926.11,58,2026-08-08,"[""joystick"", ""radar"", ""trailer""]",
comp_30302c3f2a5c,internal_sales,sold,Bayliner,VR5,2023,17.29,outboard,0,Pacific Coast,good,25150.0,23016.67,49,2026-10-03,[],
comp_b62dfaa0bbde,marketplace,sold,Tracker,Targa V-18,1969,26.0,inboard,4137,Pacific Coast,poor,2928.33,2644.83,26,2026-03-28,"[""generator""]",
comp_661623cd0125,brokerage,sold,Tracker,Pro Team 175,2018,17.92,inboard,761,Atlantic Coast,good,17967.96,16261.06,78,2024-09-12,"[""solar""]",
comp_c6db614b9eea,marketplace,sold,Sea Ray,SPX 190,2008,21.13,sterndrive,701,Gulf Coast,fair,13071.49,11831.72,50,2025-12-18,"[""autopilot"", ""AIS""]",
comp_bcb7b713d23c,internal_sales,sold,Tracker,Targa V-18,2002,15.1,outboard,1818,Gulf Coast,fair,6847.52,5998.03,59,2024-12-17,[],
comp_4c6f28ac2945,brokerage,sold,Lund,1875 Pro-V,1983,24.44,inboard,2512,Atlantic Coast,good,9094.33,8689.05,42,2025-01-28,"[""solar"", ""joystick"", ""autopilot""]",
comp_aad4cd643ed5,brokerage,sold,Harris,Cruiser 210,2013,28.77,outboard,1544,Atlantic Coast,very_good,23199.76,21759.34,25,2026-06-01,"[""radar"", ""generator""]",
comp_9a2c8de270a1,brokerage,sold,Boston Whaler,170 Montauk,2018,25.21,inboard,722,Gulf Coast,very_good,38267.68,33948.99,35,2026-02-25,[],
comp_0c635d834c48,marketplace,sold,Grady-White,336 Canyon,1982,23.71,inboard,3160,Inland Lakes,fair,7235.99,6722.61,15,2024-09-15,[],
comp_4b123a1587db,marketplace,listing,Lund,1650 Angler,2018,15.61,outboard,1595,Maritimes,good,16731.28,,37,2024-01-22,"[""autopilot"", ""solar"", ""trailer""]",
comp_6d9e4a810963,brokerage,listing,Bayliner,DX2000,2021,15.61,sterndrive,152,Maritimes,good,19161.61,,174,2025-11-10,[],
comp_37ae730b7f50,marketplace,sold,Regal,LS4,1999,21.8,outboard,222,Inland Lakes,fair,10178.74,9820.52,85,2026-11-26,"[""joystick"", ""generator"", ""AIS""]",
comp_7e08db9236bd,brokerage,sold,Sea Ray,SLX 260,2014,21.98,outboard,509,Pacific Coast,very_good,19759.16,18533.85,18,2026-06-27,"[""autopilot""]",
comp_577c8c31430c,internal_sales,listing,Boston Whaler,170 Montauk,1989,18.94,outboard,1700,Atlantic Coast,good,9114.42,,18,2024-12-21,"[""generator"", ""solar""]",
comp_52cac12a2e12,marketplace,sold,Lund,1650 Angler,2008,17.22,outboard,1275,Gulf Coast,very_good,14328.86,13334.61,67,2026-03-20,[],
comp_a51160a5d858,marketplace,sold,Boston Whaler,170 Montauk,1991,10.59,outboard,3022,Gulf Coast,fair,3033.54,2601.11,32,2023-09-13,"[""autopilot""]",
comp_996be436ee47,brokerage,sold,Sun Tracker,Bass Buggy 18 DLX,2011,18.63,outboard,908,Pacific Coast,very_good,10485.75,9617.61,13,2025-09-27,"[""generator"", ""autopilot"", ""trailer""]",
comp_1f75becd90af,brokerage,sold,Harris,Solstice 230,1975,24.12,outboard,2074,Maritimes,excellent,6190.07,5206.08,18,2025-04-26,"[""radar"", ""AIS"", ""joystick""]",
comp_097f26af4819,brokerage,sold,Catalina,275 Sport,1997,49.34,sail_aux,768,Maritimes,fair,79685.17,77835.83,131,2023-10-09,"[""autopilot"", ""AIS""]",
comp_f2ec1e52533e,marketplace,sold,Sea Ray,SLX 260,2010,17.19,outboard,645,Great Lakes,good,13084.76,11203.41,78,2024-10-10,"[""radar""]",
comp_b6329a54fdf3,marketplace,sold,Boston Whaler,230 Outrage,2024,24.56,outboard,439,Inland Lakes,fair,52765.73,48242.48,6,2024-07-19,[],
comp_a99ad8e36db4,brokerage,sold,Boston Whaler,170 Montauk,2026,19.66,outboard,21,Gulf Coast,fair,46429.56,43623.07,37,2023-10-21,"[""AIS"", ""autopilot""]",
comp_7f3d8c5b21a6,brokerage,sold,Boston Whaler,170 Montauk,2014,25.21,inboard,645,Gulf Coast,good,28266.1,24920.49,38,2024-12-14,"[""joystick""]",
comp_2092d00649e5,brokerage,sold,Lund,1875 Pro-V,1997,21.06,inboard,1574,Gulf Coast,good,12344.21,11943.42,211,2023-03-21,"[""solar"", ""joystick""]",
comp_f5b33a77e255,brokerage,sold,Formula,350 CBR,2002,32.31,inboard,918,Maritimes,very_good,65714.01,63060.88,105,2023-11-03,"[""solar"", ""trailer""]",
comp_c5dbedc062da,marketplace,listing,Bennington,20 SVL,1982,18.85,outboard,1563,Pacific Coast,very_good,4618.18,,72,2026-01-13,"[""generator"", ""AIS""]",
comp_fe2173d5b03b,marketplace,sold,Regal,28 Express,1989,26.0,outboard,6376,Gulf Coast,fair,8809.05,8417.98,18,2024-09-05,"[""radar"", ""trailer"", ""generator""]",
comp_daaad60a706c,brokerage,listing,HarborCat,36 Pilot,1986,28.59,inboard,19650,Atlantic Coast,fair,17893.92,,21,2024-03-04,[],
comp_68395645691d,brokerage,sold,Tiara,44 Coupe,2019,35.09,inboard,302,Inland Lakes,excellent,162644.41,143237.57,53,2024-06-13,"[""trailer"", ""joystick""]",
comp_1ba6394ccaed,marketplace,sold,Tracker,Grizzly 1860,2022,20.13,inboard,208,Maritimes,good,29344.6,25660.66,64,2026-11-05,"[""solar"", ""joystick""]",
comp_187086d9f3a0,brokerage,sold,Sea Ray,SPX 190,1996,33.14,sterndrive,6447,Pacific Coast,fair,42726.17,36651.3,12,2026-08-25,[],
comp_d6628e68b7d1,brokerage,sold,Tracker,Grizzly 1860,1994,20.3,inboard,1238,Gulf Coast,good,9203.3,8574.38,123,2024-07-19,[],
comp_1c8c4a1e77fa,brokerage,sold,Chaparral,21 SSI,1967,20.31,outboard,4320,Maritimes,good,4801.95,4603.98,40,2026-06-22,"[""solar"", ""autopilot""]",
comp_ea06e8a9fc2d,brokerage,listing,Bayliner,Ciera 8,1996,22.82,sterndrive,2269,Atlantic Coast,fair,9562.94,,74,2023-12-24,"[""solar"", ""joystick"", ""AIS""]",
comp_ce8674e30d1f,marketplace,sold,Sun Tracker,Party Barge 22 DLX,1999,17.54,outboard,972,Atlantic Coast,good,6577.33,5782.41,25,2025-12-02,"[""AIS"", ""solar""]",
comp_8ed8e04f349d,marketplace,sold,Lund,1975 Impact,1991,26.0,outboard,1267,Maritimes,fair,9283.1,7933.26,33,2025-05-25,"[""generator"", ""radar"", ""solar""]",
comp_3cecea353643,marketplace,sold,Regal,LS4,1992,19.91,sterndrive,2309,Gulf Coast,fair,7068.16,6566.55,39,2024-06-17,[],
comp_5708c376a931,brokerage,sold,Bennington,22 SSB,2020,18.64,outboard,898,Great Lakes,good,19589.98,17908.48,13,2026-11-24,"[""radar""]",
comp_2f2ebf8ccff8,internal_sales,sold,Lund,1650 Angler,2020,22.38,outboard,382,Maritimes,very_good,33171.03,29515.72,171,2026-01-27,"[""trailer"", ""generator""]",
comp_9ccfd300d27b,internal_sales,listing,Alumacraft Pro,Trophy 195,2010,30.02,jet,9908,Maritimes,poor,32152.39,,80,2025-05-21,"[""radar"", ""generator"", ""joystick""]",
comp_3e094106310d,internal_sales,sold,Lund,1875 Pro-V,1973,10.74,inboard,3576,Great Lakes,fair,1924.97,1636.99,67,2024-05-11,[],
comp_8100a2a8d677,marketplace,sold,Catalina,275 Sport,1997,30.94,inboard,1383,Maritimes,good,46038.77,41113.7,125,2024-05-08,"[""solar"", ""generator"", ""autopilot""]",
comp_e6b02d18c1e2,internal_sales,sold,Harris,Solstice 230,1987,26.0,outboard,390,Great Lakes,fair,6184.83,5901.39,13,2026-06-17,"[""radar"", ""autopilot"", ""joystick""]",
comp_d17fe38d9cb9,brokerage,listing,HarborCat,36 Pilot,2024,41.76,jet,204,Great Lakes,good,204230.45,,77,2024-08-14,"[""autopilot"", ""joystick"", ""generator""]",
comp_bee57b9b623f,brokerage,sold,Boston Whaler,170 Montauk,1986,24.54,outboard,1215,Pacific Coast,good,9828.22,8425.32,13,2025-04-08,"[""trailer"", ""autopilot""]",
comp_33dee9619b33,internal_sales,listing,Boston Whaler,170 Montauk,1991,10.59,outboard,2703,Gulf Coast,poor,2547.65,,64,2024-11-05,"[""generator"", ""joystick"", ""solar""]",
comp_cf0a2e5a283a,brokerage,sold,Regal,LS4,2016,20.11,outboard,319,Gulf Coast,fair,14084.9,12223.01,19,2023-10-14,[],
comp_72fd804fefa3,brokerage,listing,Chaparral,21 SSI,2020,20.36,sterndrive,154,Atlantic Coast,excellent,27823.67,,15,2026-08-08,"[""autopilot"", ""AIS""]",
comp_3c04417b40ea,brokerage,sold,Harris,Solstice 230,1987,17.44,outboard,2513,Maritimes,very_good,5328.06,4604.22,39,2025-03-10,"[""autopilot"", ""AIS"", ""trailer""]",
comp_1e1de3b05852,marketplace,sold,Boston Whaler,280 Vantage,2007,13.27,outboard,540,Inland Lakes,poor,5297.91,4855.64,17,2024-03-19,"[""autopilot"", ""generator""]",
comp_1d1ca0dfeb5e,marketplace,sold,Lund,1975 Impact,2018,20.12,outboard,1170,Pacific Coast,good,20409.62,17624.1,4,2025-07-11,"[""trailer""]",
comp_f201d464adbe,marketplace,listing,Sun Tracker,Bass Buggy 18 DLX,2007,22.51,outboard,202,Gulf Coast,very_good,10432.89,,17,2026-07-19,"[""joystick"", ""autopilot"", ""generator""]",
comp_cf1fb1b36084,marketplace,sold,Formula,290 BR,2020,30.73,sterndrive,546,Maritimes,good,108662.12,94892.86,6,2024-01-27,[],
comp_c1a6fe7a6cd5,marketplace,sold,Sea Ray,SPX 190,2016,38.53,inboard,441,Gulf Coast,poor,54592.8,53156.46,26,2024-09-28,"[""solar"", ""trailer"", ""generator""]",
comp_b696e9148526,brokerage,sold,Bennington,20 SVL,1983,18.85,outboard,1523,Pacific Coast,good,4974.33,4427.59,41,2025-03-05,[],
comp_451083c3aa8b,marketplace,sold,Jeanneau,Sun Odyssey 349,1978,17.0,sail_aux,3753,Great Lakes,good,15549.85,14810.93,21,2024-10-03,"[""generator"", ""solar""]",
comp_ad5ad598d7bd,brokerage,sold,Chaparral,23 SSi,2009,24.79,outboard,882,Pacific Coast,good,18007.23,16769.9,14,2025-03-02,"[""generator"", ""radar"", ""joystick""]",
comp_31dc620558ed,marketplace,sold,Sea Ray,SPX 190,1995,33.14,sterndrive,3701,Pacific Coast,fair,44357.95,40294.9,32,2024-06-22,[],
comp_08935491bd38,brokerage,sold,Bayliner,VR5,2023,17.29,outboard,0,Pacific Coast,very_good,26178.83,23358.24,59,2023-03-17,"[""AIS"", ""joystick"", ""solar""]",
comp_b6609440dda5,marketplace,sold,Sea Ray,SPX 190,2012,16.0,sterndrive,483,Pacific Coast,very_good,14284.07,13353.83,81,2024-02-25,"[""generator""]",
comp_ffc9be597b32,marketplace,sold,Harris,Cruiser 210,2022,20.98,outboard,58,Gulf Coast,good,19410.85,16975.41,28,2026-11-22,"[""radar""]",
comp_51f4808b288a,internal_sales,sold,Formula,350 CBR,2000,35.86,sterndrive,2819,Great Lakes,very_good,89525.29,78233.65,25,2025-07-20,"[""solar""]",
comp_7ce8cb998916,brokerage,listing,Sea-Doo,GTI 130,2024,11.6,jet,0,Maritimes,good,11000.19,,43,2023-10-14,"[""radar""]",
comp_43748a7a77b2,brokerage,sold,Carver,C40 Command Bridge,2008,42.48,sterndrive,2649,Atlantic Coast,very_good,102896.43,99591.3,51,2023-01-17,"[""AIS""]",
comp_80b42caa9aec,marketplace,sold,Boston Whaler,280 Vantage,1973,22.1,inboard,10343,Atlantic Coast,fair,5338.3,4770.74,21,2024-01-19,"[""joystick""]",
comp_236950e3824c,brokerage,listing,HarborCat,36 Pilot,2005,44.1,inboard,3386,Pacific Coast,very_good,75203.29,,66,2023-09-14,"[""autopilot"", ""trailer"", ""solar""]",
comp_9fddadf55947,marketplace,sold,Carver,C34 Coupe,2009,29.73,sterndrive,3764,Pacific Coast,good,68101.65,65657.46,19,2023-12-11,"[""trailer"", ""generator"", ""joystick""]",
comp_f77d93639fca,marketplace,sold,Chaparral,21 SSI,2012,24.42,sterndrive,1388,Atlantic Coast,very_good,22430.41,19492.73,18,2026-02-01,"[""autopilot"", ""radar""]",
comp_eade0ccc2516,brokerage,sold,Boston Whaler,230 Outrage,2007,27.75,outboard,1391,Gulf Coast,very_good,25281.35,21838.07,309,2023-09-21,"[""radar"", ""generator""]",
comp_ca492fa365c4,internal_sales,sold,Regal,28 Express,1994,18.22,sterndrive,776,Pacific Coast,good,9169.95,7974.62,21,2026-09-05,"[""radar"", ""joystick"", ""solar""]",
comp_0227fbdd31b0,brokerage,sold,Sun Tracker,Bass Buggy 18 DLX,2022,21.3,outboard,131,Pacific Coast,very_good,25570.8,23171.81,42,2024-06-25,"[""joystick"", ""radar"", ""autopilot""]",
comp_eaa14c563e9a,brokerage,sold,Bayliner,DX2000,2008,19.2,outboard,1545,Inland Lakes,good,12611.79,11795.66,31,2023-12-06,[],
comp_be9e42cd7b98,brokerage,sold,Harris,Solstice 230,1967,23.28,outboard,1101,Great Lakes,very_good,4610.78,4137.71,62,2025-11-22,"[""solar"", ""trailer"", ""AIS""]",
comp_6575c083dbc7,marketplace,sold,Bayliner,Ciera 8,1972,25.11,sterndrive,6706,Maritimes,good,6295.36,5444.13,231,2023-07-24,"[""AIS""]",
comp_39672eddcab7,internal_sales,sold,Chaparral,280 OSX,2000,25.8,outboard,1222,Great Lakes,good,16816.72,15638.71,150,2023-07-16,"[""solar""]",
comp_d823418de244,internal_sales,sold,Beneteau,First 27,2004,30.71,sail_aux,1120,Atlantic Coast,very_good,69563.55,67192.48,241,2026-01-10,"[""joystick"", ""trailer""]",
comp_c00441fd69ce,marketplace,sold,Boston Whaler,280 Vantage,1981,21.93,inboard,1795,Gulf Coast,good,8639.76,7943.39,90,2025-02-07,[],
comp_a46760b3c89d,brokerage,sold,Bayliner,Ciera 8,1983,24.7,outboard,2870,Maritimes,good,8074.81,7215.31,67,2023-09-28,"[""radar""]",
comp_bc1e655dd592,marketplace,sold,Boston Whaler,170 Montauk,2019,28.3,inboard,1071,Inland Lakes,good,41513.16,37642.38,18,2026-02-11,"[""joystick"", ""generator""]",
comp_e1b3cdab6ae4,marketplace,sold,Tracker,Grizzly 1860,1995,24.11,outboard,1440,Pacific Coast,fair,8719.35,8344.58,28,2026-04-01,"[""solar""]",
comp_f478cade462f,brokerage,sold,Jeanneau,Sun Odyssey 349,2008,22.3,inboard,300,Gulf Coast,poor,21748.08,20340.73,19,2025-07-02,[],
comp_56218bc4a0ad,marketplace,sold,Boston Whaler,280 Vantage,1969,26.0,outboard,7473,Atlantic Coast,fair,6171.41,5196.01,117,2023-03-25,"[""generator"", ""joystick"", ""radar""]",
comp_ca1c99d5ee63,marketplace,sold,HarborCat,36 Pilot,2007,30.87,inboard,7521,Maritimes,very_good,54830.42,47061.01,24,2026-06-11,"[""autopilot""]",
comp_30a371a89782,marketplace,listing,Yamaha WaveRunner,VX Cruiser,2007,12.44,jet,435,Gulf Coast,very_good,3436.31,,49,2025-06-09,"[""generator"", ""joystick""]",
comp_f4024a97aed8,marketplace,sold,Hunter,36,1989,27.0,sail_aux,3596,Maritimes,excellent,40996.01,39907.64,34,2024-06-20,"[""trailer"", ""joystick"", ""solar""]",
comp_d55781bc62e1,marketplace,sold,Yamaha WaveRunner,FX HO,1986,11.61,jet,226,Great Lakes,fair,1015.21,962.78,103,2026-11-08,"[""autopilot""]",
comp_43c71c3e85f9,internal_sales,sold,Tracker,Grizzly 1860,1966,21.63,outboard,8443,Maritimes,fair,3679.7,3478.88,37,2026-09-05,"[""AIS"", ""joystick"", ""trailer""]",
comp_cb53ccafc2dc,marketplace,sold,Formula,350 CBR,2010,48.44,sterndrive,2202,Pacific Coast,very_good,156902.74,135492.1,20,2024-08-08,[],
comp_51805341d571,marketplace,listing,Regal,28 Express,2016,26.0,sterndrive,391,Pacific Coast,good,23382.35,,26,2025-02-27,"[""generator""]",
comp_460e9547e590,marketplace,listing,Carver,C34 Coupe,1976,40.56,sterndrive,4139,Pacific Coast,poor,24394.83,,29,2024-12-02,"[""AIS"", ""trailer""]",
comp_537cfbc3ca16,brokerage,listing,Bennington,24 LXSB,2003,26.0,outboard,3015,Maritimes,fair,10850.8,,23,2023-06-14,"[""joystick""]",
comp_186b5cdcac52,brokerage,listing,Sea Ray,Sundancer 320,2008,27.26,inboard,1014,Maritimes,fair,42578.04,,27,2023-08-26,[],
comp_2f8f0ea936d2,marketplace,sold,HarborCat,36 Pilot,1995,20.25,inboard,16517,Great Lakes,excellent,22005.24,19355.82,27,2025-12-20,"[""autopilot""]",
comp_4d2c8851c6f1,marketplace,sold,Tracker,Targa V-18,2001,15.1,outboard,1500,Gulf Coast,fair,5997.34,5702.91,41,2023-02-13,[],
comp_74658d824db0,marketplace,sold,Tracker,Grizzly 1860,1993,19.05,outboard,2570,Inland Lakes,good,7513.47,7054.2,27,2026-01-03,"[""generator""]",
comp_7afe978a78a1,internal_sales,sold,Bayliner,Ciera 8,1971,25.11,sterndrive,4958,Maritimes,very_good,6354.05,5542.69,68,2026-07-14,[],
comp_8d3bc532b129,brokerage,sold,Alumacraft Pro,Trophy 195,2021,18.84,inboard,2300,Maritimes,fair,38258.22,32516.39,23,2023-06-01,"[""generator"", ""solar"", ""AIS""]",
comp_1e4ce9b9f663,brokerage,sold,Regal,28 Express,2026,26.0,outboard,77,Pacific Coast,fair,58124.14,56653.31,47,2024-05-13,"[""radar"", ""trailer"", ""AIS""]",
comp_db1129d0f754,marketplace,listing,Sea Ray,Sundancer 320,2020,16.29,sterndrive,435,Atlantic Coast,very_good,22710.31,,45,2024-02-18,"[""generator"", ""autopilot"", ""joystick""]",
comp_99fed36b3574,marketplace,listing,Bayliner,DX2000,2001,22.17,sterndrive,2109,Great Lakes,fair,9522.0,,32,2025-07-26,"[""AIS""]",
comp_476c41550b45,marketplace,sold,Bayliner,Element M17,1968,20.55,sterndrive,3604,Inland Lakes,fair,3574.39,3322.98,29,2025-02-09,[],
comp_d046ee945691,brokerage,sold,Grady-White,336 Canyon,2000,12.66,outboard,1961,Atlantic Coast,very_good,6237.05,5996.8,25,2023-03-03,"[""solar""]",
comp_cb7b84ba64d3,marketplace,sold,Formula,350 CBR,2015,33.91,inboard,1016,Maritimes,good,94013.25,80172.42,10,2025-08-04,"[""autopilot""]",
comp_fdcf94563d5f,internal_sales,sold,Sea Ray,Sundancer 320,2018,23.53,outboard,1187,Maritimes,very_good,25701.84,23776.4,48,2023-11-02,"[""trailer""]",
comp_1edef31b5453,internal_sales,sold,Sea Ray,Sundancer 320,2020,22.94,sterndrive,252,Great Lakes,very_good,30120.36,27472.46,26,2025-10-10,"[""solar"", ""joystick"", ""generator""]",
comp_acd175d501a5,marketplace,sold,Regal,LS4,2007,19.92,sterndrive,445,Atlantic Coast,fair,10332.5,9569.82,108,2023-03-10,"[""AIS""]",
comp_6ff7daf02f56,brokerage,listing,Tiara,44 Coupe,2010,29.78,sterndrive,668,Pacific Coast,good,72415.85,,74,2024-12-27,"[""radar"", ""trailer"", ""autopilot""]",
comp_e3a73a1f6085,internal_sales,listing,Chaparral,21 SSI,1975,18.66,sterndrive,5005,Atlantic Coast,excellent,6062.07,,20,2024-06-03,[],
comp_495d0bea4a1b,brokerage,sold,Beneteau,Oceanis 41.1,1991,33.33,inboard,284,Atlantic Coast,good,48898.48,44005.95,99,2023-05-26,[],
comp_8deecc659990,marketplace,listing,Lund,1650 Angler,2018,18.28,outboard,673,Great Lakes,good,18321.3,,31,2024-07-28,"[""generator"", ""joystick""]",
comp_6a2496357d8f,brokerage,sold,Catalina,275 Sport,1996,41.07,inboard,1039,Inland Lakes,very_good,86178.91,80205.07,32,2026-12-20,"[""solar"", ""generator""]",
comp_340c4a473080,internal_sales,sold,SafeBoat,33 Full Cabin,2019,19.41,outboard,934,Great Lakes,fair,39711.87,37994.65,21,2024-09-21,[],
comp_a121d2909549,marketplace,sold,Sun Tracker,Bass Buggy 18 DLX,1982,22.11,outboard,1969,Inland Lakes,very_good,6094.32,5511.86,25,2026-03-17,[],
comp_5c06cea9561e,brokerage,sold,Regal,26 XO,2022,14.5,outboard,549,Great Lakes,excellent,24189.13,23601.41,27,2025-03-15,"[""solar""]",
comp_c04417dcea1d,brokerage,sold,Sea-Doo,GTI 130,2000,10.93,jet,695,Maritimes,good,2346.77,2178.16,15,2026-04-12,"[""generator"", ""AIS"", ""radar""]",
comp_c5891e44d3d9,brokerage,sold,Bayliner,VR5,2019,14.76,sterndrive,252,Gulf Coast,good,13527.26,12426.96,93,2026-02-12,"[""joystick"", ""radar""]",
comp_cb2b0530c361,brokerage,listing,HarborCat,26 WB,2019,36.89,inboard,1891,Inland Lakes,very_good,131642.69,,43,2023-11-20,"[""joystick"", ""autopilot""]",
comp_2c75aaaafa09,marketplace,sold,Harris,Cruiser 210,2009,22.72,outboard,1076,Gulf Coast,good,12832.88,11647.75,109,2026-07-17,"[""AIS""]",
comp_81be5642c477,internal_sales,sold,Bayliner,Element M17,2002,13.93,outboard,1683,Maritimes,poor,3624.46,3211.62,24,2024-11-27,"[""generator""]",
comp_18e3096a47cd,brokerage,sold,Boston Whaler,170 Montauk,2026,19.66,outboard,45,Gulf Coast,good,60291.38,56957.05,66,2023-08-17,[],
comp_b32e3fec7e41,marketplace,sold,Beneteau,Oceanis 41.1,1999,37.86,sail_aux,1281,Maritimes,fair,57898.34,56079.23,28,2026-05-16,[],
comp_8efe01dde479,internal_sales,sold,Formula,290 BR,1982,23.42,sterndrive,12371,Maritimes,fair,22141.55,18849.15,55,2024-11-16,"[""solar""]",
comp_e2c83cd3e363,brokerage,listing,Sea Ray,SPX 190,2017,42.47,sterndrive,1513,Gulf Coast,very_good,137790.2,,55,2026-03-25,"[""AIS""]",
comp_c13430dc6d56,internal_sales,sold,Sea Ray,Sundancer 320,2000,23.6,sterndrive,2178,Pacific Coast,good,33109.43,29048.19,110,2023-12-12,"[""solar""]",
comp_7f4d1890985b,brokerage,listing,Grady-White,191 CE,2003,19.85,inboard,1327,Gulf Coast,fair,10074.28,,41,2025-10-24,[],
comp_4eeec29a9d62,brokerage,sold,Sun Tracker,Party Barge 22 DLX,1999,19.18,outboard,1231,Gulf Coast,good,6381.05,5678.36,42,2024-10-27,"[""generator""]",
comp_e41165df2dc7,internal_sales,sold,Chaparral,23 SSi,2012,22.13,sterndrive,991,Great Lakes,good,19684.87,16610.61,9,2023-03-05,"[""AIS"", ""generator"", ""solar""]",
comp_c73079f7e993,marketplace,listing,Carver,C40 Command Bridge,2012,38.04,inboard,1211,Great Lakes,good,109626.4,,29,2025-09-23,"[""trailer""]",
comp_f6edcde57c1b,marketplace,sold,Bayliner,Element M17,2002,20.6,outboard,2738,Maritimes,poor,6191.76,5736.58,12,2026-09-25,"[""radar"", ""joystick"", ""trailer""]",
comp_69151bd3dc21,brokerage,sold,Chaparral,23 SSi,2026,23.5,sterndrive,0,Inland Lakes,fair,54051.66,47627.07,20,2026-06-23,"[""generator"", ""joystick""]",
comp_4fb6e397e4a6,marketplace,sold,Harris,Solstice 230,2026,19.86,outboard,0,Maritimes,fair,25005.34,22493.92,73,2024-02-18,"[""joystick"", ""generator"", ""trailer""]",
comp_30855b40cbc1,brokerage,sold,Jeanneau,Sun Odyssey 349,2004,36.77,sail_aux,490,Gulf Coast,fair,64964.99,55365.11,98,2024-05-11,"[""trailer"", ""solar""]",
comp_7c526566119a,marketplace,sold,Tiara,44 Coupe,2005,39.94,sterndrive,1863,Inland Lakes,good,89428.89,79808.89,66,2026-01-14,[],
comp_31e11e331cfb,internal_sales,sold,Regal,26 XO,2008,14.73,outboard,1000,Pacific Coast,good,8549.76,7367.91,32,2025-04-17,"[""generator"", ""radar"", ""autopilot""]",
comp_7f811cd6b14b,brokerage,sold,Regal,LS4,1982,18.06,sterndrive,7408,Maritimes,excellent,6500.37,5629.38,25,2024-03-24,"[""trailer"", ""radar""]",
comp_7a47e973191e,marketplace,listing,Regal,28 Express,2016,19.28,outboard,346,Maritimes,poor,10198.38,,27,2023-05-28,"[""trailer""]",
comp_a63cc47dd972,brokerage,sold,Sun Tracker,Party Barge 22 DLX,1982,27.11,outboard,1353,Great Lakes,good,7206.02,6544.3,55,2023-09-14,"[""trailer""]",
comp_03205cbf7f19,marketplace,sold,Harris,Solstice 230,2009,19.44,outboard,496,Great Lakes,very_good,10795.72,9219.51,64,2026-02-13,"[""trailer""]",
comp_6a9122cf45d6,marketplace,sold,Harris,Solstice 230,1982,17.44,outboard,2706,Maritimes,fair,2748.25,2350.1,18,2024-01-07,[],
comp_f27953482eec,brokerage,sold,Harris,Solstice 230,1990,21.51,outboard,1023,Inland Lakes,good,7187.75,6672.27,49,2026-07-20,"[""solar""]",
comp_cf0de733e12b,internal_sales,sold,Hunter,36,2009,27.19,sail_aux,210,Maritimes,poor,29505.08,28901.36,12,2023-08-12,[],
comp_5c8fa46e1592,brokerage,listing,Tracker,Grizzly 1860,1984,26.0,inboard,4450,Great Lakes,good,10704.53,,64,2026-02-09,"[""autopilot"", ""radar"", ""generator""]",
comp_e68f0cc5dd27,marketplace,sold,Sea Ray,Sundancer 320,2021,30.82,sterndrive,335,Atlantic Coast,poor,63454.91,60210.44,38,2024-04-21,"[""AIS"", ""autopilot""]",
comp_4fe4a0942115,internal_sales,listing,Boston Whaler,170 Montauk,2024,23.89,inboard,0,Gulf Coast,fair,40577.52,,15,2026-04-01,[],
comp_7aa7bc5cf7a7,marketplace,sold,Chaparral,21 SSI,1977,25.27,sterndrive,716,Gulf Coast,fair,5811.98,5504.69,17,2024-08-19,[],
comp_f79dbe5a4b37,brokerage,sold,Sun Tracker,Party Barge 22 DLX,2026,26.0,outboard,0,Pacific Coast,very_good,53350.4,46319.73,43,2025-03-10,[],
comp_f2fc2550a0ed,marketplace,sold,Parker,2320 Sport Cabin,2020,15.78,jet,1946,Great Lakes,fair,27060.58,22805.21,27,2026-05-07,"[""AIS"", ""trailer""]",
comp_d64bd47577f2,marketplace,sold,Formula,350 CBR,2018,36.47,sterndrive,637,Maritimes,good,134875.59,128331.51,36,2023-07-18,[],
comp_ee6e1a6e695f,brokerage,listing,Lund,1875 Pro-V,2004,12.93,inboard,801,Maritimes,good,7711.75,,139,2026-04-12,[],
comp_b2a9f669fe44,brokerage,sold,Regal,LS4,2003,26.0,outboard,2215,Maritimes,very_good,21420.58,18819.17,56,2026-02-03,"[""generator""]",
comp_7e52195f8e18,brokerage,sold,Sea Ray,Sundancer 320,2003,15.83,sterndrive,596,Gulf Coast,poor,5204.49,4766.94,154,2024-10-07,"[""radar""]",
comp_c66802284770,marketplace,listing,Regal,28 Express,2009,17.82,outboard,1282,Maritimes,very_good,13147.23,,29,2024-03-02,"[""solar"", ""trailer""]",
comp_38f451436193,brokerage,sold,Sun Tracker,Party Barge 22 DLX,2026,26.0,outboard,0,Pacific Coast,excellent,58513.22,52481.19,34,2026-09-13,"[""trailer""]",
comp_d5a258894208,marketplace,sold,Grady-White,336 Canyon,2023,13.67,inboard,58,Great Lakes,very_good,25114.07,22654.3,98,2023-09-17,"[""joystick""]",
comp_a3528d4ba665,marketplace,sold,Jeanneau,Leader 10.5,2023,33.93,sail_aux,359,Inland Lakes,good,128792.58,119791.34,22,2024-12-08,"[""AIS"", ""generator"", ""radar""]",
comp_ebb6fcd1fe82,marketplace,sold,Bayliner,DX2000,1998,12.29,sterndrive,1227,Great Lakes,fair,4177.48,3961.52,40,2026-08-27,[],
comp_ee18f4b1fb8a,brokerage,sold,Sea Ray,Sundancer 320,2007,21.26,sterndrive,3090,Great Lakes,fair,11060.53,9933.15,136,2023-08-13,[],
comp_d2f9c19b357b,marketplace,sold,Lund,1650 Angler,1977,26.0,inboard,4420,Pacific Coast,good,7902.88,7341.16,49,2025-10-06,[],
comp_41c6ffab4799,marketplace,sold,Hunter,31,2004,28.0,sail_aux,442,Maritimes,very_good,55317.01,48819.29,12,2025-12-14,[],
comp_f7e37ed04c0d,internal_sales,sold,Beneteau,First 27,2025,39.43,inboard,127,Inland Lakes,good,178909.76,165346.24,62,2026-05-14,"[""joystick"", ""AIS""]",
comp_8b23e54bfb5f,internal_sales,sold,Regal,28 Express,1996,23.49,outboard,1167,Gulf Coast,very_good,12256.63,10912.69,61,2025-06-28,"[""AIS""]",
comp_31b464424b49,marketplace,sold,Bayliner,VR5,1965,26.0,sterndrive,4398,Inland Lakes,good,5353.34,5086.73,62,2025-05-16,"[""joystick"", ""autopilot""]",
comp_3a9fde6a5fd7,brokerage,sold,Chaparral,21 SSI,1968,22.28,outboard,1271,Atlantic Coast,good,5196.6,4554.04,45,2025-11-03,"[""radar"", ""trailer""]",
comp_29e2e94b9643,brokerage,listing,Boston Whaler,280 Vantage,2022,19.75,inboard,134,Pacific Coast,good,31618.58,,30,2024-01-08,"[""AIS"", ""generator""]",
comp_4ddace0f1700,marketplace,sold,Beneteau,Oceanis 41.1,2012,33.8,sail_aux,257,Pacific Coast,fair,68492.4,60623.79,16,2023-04-12,"[""solar""]",
comp_3a5620affd2a,brokerage,listing,Jeanneau,Leader 10.5,1968,42.71,inboard,2182,Gulf Coast,excellent,57946.38,,122,2026-02-17,"[""AIS"", ""autopilot"", ""radar""]",
comp_8515012d42d9,brokerage,sold,Regal,26 XO,2021,12.32,sterndrive,42,Pacific Coast,poor,4730.19,3996.03,39,2025-12-11,[],
comp_e80054c51cb6,marketplace,listing,Lund,1650 Angler,1982,26.0,outboard,2542,Great Lakes,very_good,11581.01,,91,2025-07-26,"[""trailer""]",
comp_321a75b7134c,internal_sales,sold,Hunter,36,1986,27.88,inboard,2257,Maritimes,good,30424.73,28919.73,37,2026-11-24,"[""solar""]",
comp_0c31ca65c0c3,internal_sales,sold,Bayliner,Ciera 8,1995,21.4,sterndrive,2839,Pacific Coast,fair,7846.25,6810.85,39,2023-04-14,"[""AIS"", ""autopilot"", ""joystick""]",
comp_db4dfdeb1622,brokerage,listing,Formula,350 CBR,1987,21.17,sterndrive,1512,Pacific Coast,poor,12786.7,,17,2024-04-24,"[""solar""]",
comp_a8fba802ac9a,marketplace,sold,Sea Ray,SPX 190,1991,18.35,sterndrive,2312,Great Lakes,very_good,8829.31,8167.31,45,2023-08-17,"[""radar""]",
comp_9170b50c5412,marketplace,listing,Boston Whaler,230 Outrage,2010,13.93,outboard,1108,Maritimes,very_good,11047.86,,74,2024-04-24,"[""joystick"", ""solar""]",
comp_a1c682e04ab3,brokerage,sold,Beneteau,First 27,2006,15.66,inboard,1883,Pacific Coast,fair,19471.37,17230.95,49,2026-01-11,"[""radar"", ""trailer""]",
comp_a52122927f55,marketplace,sold,Yamaha WaveRunner,VX Cruiser,2001,11.13,jet,339,Atlantic Coast,good,2047.24,1914.01,47,2025-02-04,"[""solar""]",
comp_503aaa892514,marketplace,listing,Carver,C40 Command Bridge,1992,45.03,inboard,1094,Gulf Coast,good,64672.65,,14,2024-09-20,[],
comp_bfd9e210864e,internal_sales,sold,Sea Ray,SPX 190,1976,13.35,sterndrive,1955,Maritimes,good,2801.93,2681.91,65,2024-03-20,"[""solar"", ""radar"", ""generator""]",
comp_dac18975bd67,internal_sales,listing,Lund,1650 Angler,1998,25.59,outboard,815,Pacific Coast,fair,10895.24,,75,2023-11-05,[],
comp_8add34b2d96c,marketplace,listing,Grady-White,336 Canyon,1970,19.85,outboard,2996,Atlantic Coast,good,4850.93,,22,2023-01-07,"[""radar"", ""solar"", ""joystick""]",
comp_680b693f4dda,marketplace,listing,Sea Ray,SLX 260,1983,25.95,outboard,2042,Pacific Coast,fair,7710.76,,32,2026-11-20,[],
comp_6632b2a2ee3b,brokerage,sold,Chaparral,21 SSI,1975,22.35,outboard,2282,Maritimes,fair,5540.35,5290.64,53,2026-04-11,"[""generator"", ""joystick""]",
comp_7d995ee5ad24,marketplace,listing,Boston Whaler,280 Vantage,1970,22.1,inboard,10384,Atlantic Coast,fair,5120.65,,37,2026-09-04,"[""trailer"", ""solar"", ""autopilot""]",
comp_57f6d965e2e3,brokerage,listing,Boston Whaler,280 Vantage,1994,20.23,inboard,4044,Great Lakes,very_good,13757.58,,23,2026-10-28,"[""AIS"", ""generator"", ""solar""]",
comp_8ef484d0d480,internal_sales,sold,Alumacraft Pro,205 Bay,1980,27.82,jet,13358,Inland Lakes,very_good,23580.23,22894.12,69,2026-11-01,"[""solar"", ""generator""]",
comp_3aa186dc37ee,brokerage,listing,Kawasaki Jet Ski,STX 160,1994,11.83,jet,826,Inland Lakes,good,1765.43,,51,2024-02-16,"[""AIS"", ""autopilot""]",
comp_b889bd6ea61b,marketplace,listing,Yamaha WaveRunner,FX HO,2005,12.45,jet,1181,Pacific Coast,good,3501.68,,169,2025-09-28,"[""radar"", ""joystick""]",
comp_728e78b68994,internal_sales,sold,Carver,C40 Command Bridge,2002,27.82,inboard,2663,Pacific Coast,fair,34996.9,31938.22,22,2023-03-13,[],
comp_793ca9b6758a,brokerage,sold,Harris,Solstice 230,2024,26.0,outboard,87,Maritimes,good,35865.5,35011.68,56,2025-02-19,"[""solar"", ""trailer"", ""AIS""]",
comp_1ea3eec4a9d3,marketplace,listing,Hunter,36,2016,25.96,sail_aux,0,Gulf Coast,good,45383.8,,42,2026-10-26,"[""trailer"", ""generator""]",
comp_da323f533017,marketplace,sold,Bennington,24 LXSB,2007,14.59,outboard,316,Pacific Coast,fair,5170.93,4436.46,31,2023-07-10,"[""autopilot"", ""solar"", ""trailer""]",
comp_cffe0b2cbd68,marketplace,sold,Regal,26 XO,2018,24.15,sterndrive,265,Great Lakes,very_good,32324.8,31265.37,93,2026-10-21,"[""joystick""]",
comp_95a90bcf1c06,marketplace,sold,Carver,C34 Coupe,2020,28.65,inboard,396,Great Lakes,good,87984.14,84204.99,38,2024-01-05,"[""generator"", ""AIS""]",
comp_3c87cfa01292,brokerage,listing,Boston Whaler,230 Outrage,2025,23.13,inboard,132,Atlantic Coast,fair,49891.38,,22,2026-09-17,[],
comp_8a1ad93fc98c,brokerage,sold,Lund,1875 Pro-V,2007,12.55,outboard,1397,Great Lakes,very_good,9607.32,8542.54,28,2023-05-13,"[""AIS""]",
comp_708c97e9f82b,marketplace,sold,Carver,C34 Coupe,2019,28.65,inboard,490,Great Lakes,very_good,105738.32,93327.12,39,2024-11-06,"[""AIS"", ""joystick""]",
comp_45456b81bfbc,marketplace,sold,Bennington,24 LXSB,1982,18.04,outboard,1284,Gulf Coast,poor,2422.41,2085.06,26,2023-08-25,"[""joystick""]",
comp_062bd82f8750,marketplace,sold,Carver,C40 Command Bridge,2018,29.74,sterndrive,404,Atlantic Coast,excellent,93645.05,87276.75,22,2025-12-14,"[""AIS""]",
comp_db134823983c,marketplace,sold,Chaparral,280 OSX,2023,21.43,sterndrive,27,Atlantic Coast,fair,23785.77,22608.81,59,2025-09-04,[],
comp_434348a9a6ab,marketplace,sold,Parker,2320 Sport Cabin,2008,25.55,outboard,302,Maritimes,good,40858.56,37266.3,138,2025-10-23,"[""autopilot"", ""trailer""]",
comp_e7778c9a3449,marketplace,listing,Harris,Cruiser 210,2006,18.02,outboard,1247,Atlantic Coast,excellent,10825.82,,58,2023-04-26,"[""AIS"", ""autopilot"", ""radar""]",
comp_473d7ecf64fd,brokerage,listing,Kawasaki Jet Ski,STX 160,1999,12.21,jet,573,Inland Lakes,very_good,2674.24,,11,2025-07-13,"[""trailer""]",
comp_7e1bd700a413,marketplace,sold,Bennington,22 SSB,2018,22.0,outboard,919,Pacific Coast,good,19409.53,17098.49,17,2026-10-27,"[""radar""]",
comp_5e30c19e137b,marketplace,sold,Lund,1975 Impact,1986,21.26,outboard,4400,Atlantic Coast,excellent,9501.2,8619.36,104,2023-11-09,"[""trailer"", ""radar""]",
comp_31bda1d61b32,internal_sales,sold,Regal,28 Express,2008,24.28,outboard,375,Gulf Coast,very_good,19079.5,18456.88,132,2026-01-07,"[""solar""]",
comp_cd321fece29f,marketplace,listing,Boston Whaler,280 Vantage,2023,19.75,inboard,141,Pacific Coast,good,39269.95,,36,2026-02-08,[],
comp_cf191ef04610,marketplace,sold,Parker,2320 Sport Cabin,2019,15.78,jet,2032,Great Lakes,very_good,35540.74,33282.04,41,2023-03-10,"[""joystick"", ""autopilot"", ""AIS""]",
comp_f40d599f97b3,brokerage,sold,Sea Ray,Sundancer 320,2021,33.61,inboard,129,Atlantic Coast,good,108481.71,104504.51,62,2026-11-03,"[""AIS"", ""generator"", ""radar""]",
comp_4a17644831a5,marketplace,sold,Sun Tracker,Bass Buggy 18 DLX,2008,25.16,outboard,620,Great Lakes,good,12104.36,10737.94,78,2026-06-11,"[""generator"", ""AIS""]",
comp_c25c31af5a7b,internal_sales,sold,Bayliner,DX2000,2008,19.94,outboard,505,Maritimes,good,11540.25,10168.55,42,2025-01-12,"[""generator""]",
comp_29b45ff440e6,marketplace,sold,Bayliner,DX2000,1998,20.83,sterndrive,1196,Atlantic Coast,very_good,12665.46,11214.31,110,2023-05-05,"[""radar"", ""autopilot"", ""solar""]",
comp_94875885235e,marketplace,listing,Regal,LS4,1998,16.12,outboard,753,Pacific Coast,very_good,9365.05,,74,2023-08-24,"[""joystick""]",
comp_31cd8088cb92,marketplace,sold,Sea Ray,Sundancer 320,2014,36.37,inboard,1284,Atlantic Coast,fair,67365.03,60409.02,56,2023-11-15,"[""generator"", ""trailer"", ""autopilot""]",
comp_37e5ebd982ef,marketplace,listing,Alumacraft Pro,Trophy 195,2014,37.22,outboard,965,Gulf Coast,fair,64684.62,,37,2024-06-10,"[""autopilot"", ""generator"", ""AIS""]",
comp_7dcccaa77fe8,brokerage,sold,Sea Ray,SPX 190,1993,23.69,sterndrive,2883,Pacific Coast,good,11211.74,9928.86,45,2026-01-18,[],
comp_786900bf461b,brokerage,sold,Sun Tracker,Party Barge 22 DLX,2026,23.23,outboard,67,Maritimes,very_good,39688.85,37610.75,62,2025-07-26,"[""autopilot"", ""AIS""]",
comp_c55f768799f0,brokerage,sold,Tiara,38 LS,2004,40.06,sterndrive,1487,Inland Lakes,very_good,99990.95,85275.42,25,2023-11-07,"[""joystick""]",
comp_811044ab779a,brokerage,sold,Chaparral,21 SSI,2012,24.67,sterndrive,1439,Great Lakes,fair,19527.76,18920.4,97,2023-08-26,"[""solar"", ""joystick""]",
comp_03aaf48006b7,marketplace,listing,Chaparral,21 SSI,2016,16.07,sterndrive,488,Gulf Coast,good,13904.23,,19,2023-02-09,"[""autopilot"", ""joystick""]",
comp_6dcf303f98a6,brokerage,listing,Bayliner,DX2000,2018,19.14,outboard,183,Maritimes,very_good,21433.77,,83,2023-11-26,"[""radar""]",
comp_d221c9e70b6e,brokerage,sold,Beneteau,Oceanis 41.1,2026,24.03,sail_aux,125,Atlantic Coast,good,110673.74,104520.67,36,2024-04-02,"[""generator"", ""radar"", ""AIS""]",
comp_7f1ba90c3abe,brokerage,listing,Jeanneau,Sun Odyssey 349,2019,21.93,inboard,50,Maritimes,poor,34949.74,,22,2024-07-01,"[""AIS"", ""solar""]",
comp_98b82b93c0ab,brokerage,sold,Bayliner,Element M17,2018,19.15,sterndrive,184,Gulf Coast,good,16872.58,14256.54,63,2026-09-11,[],
comp_bf2cf4af1c5e,brokerage,listing,Bennington,20 SVL,2003,13.6,outboard,1544,Pacific Coast,poor,3488.35,,59,2023-10-13,[],
comp_be25d68ace12,marketplace,listing,Tiara,38 LS,2020,28.51,sterndrive,1063,Great Lakes,good,111639.65,,74,2023-10-22,"[""autopilot""]",
comp_df64dfa0b15a,marketplace,sold,Carver,C40 Command Bridge,2011,38.04,inboard,1109,Great Lakes,fair,76955.78,74746.55,22,2026-07-24,"[""radar"", ""AIS"", ""autopilot""]",
comp_7b862d725eb4,marketplace,sold,Sun Tracker,Party Barge 22 DLX,1982,27.11,outboard,1726,Great Lakes,very_good,7722.67,6971.5,97,2026-09-23,"[""generator"", ""AIS""]",
comp_aa397b7d9bb3,marketplace,listing,Beneteau,First 27,2016,38.35,sail_aux,837,Inland Lakes,fair,79277.15,,31,2023-11-16,[],
comp_218502d20b4d,brokerage,sold,Lund,1875 Pro-V,2018,26.0,outboard,717,Atlantic Coast,fair,22787.94,19533.3,38,2023-02-11,"[""AIS""]",
comp_104683e3ed7e,marketplace,listing,Beneteau,First 27,1986,15.33,sail_aux,2234,Gulf Coast,fair,15049.92,,14,2026-01-17,[],
comp_151615778752,brokerage,listing,Beneteau,Oceanis 31,2009,34.44,sail_aux,116,Atlantic Coast,good,87164.88,,52,2024-09-11,"[""generator"", ""solar"", ""AIS""]",
comp_27f4a9328827,marketplace,listing,Sea Ray,Sundancer 320,2021,32.64,sterndrive,230,Maritimes,good,126815.8,,97,2026-02-12,[],
comp_e6401112f4a9,marketplace,sold,Chaparral,23 SSi,2005,25.11,sterndrive,362,Great Lakes,fair,15722.68,14917.88,26,2025-11-23,"[""autopilot""]",
comp_c8684a3020e9,marketplace,sold,Carver,C40 Command Bridge,2011,43.71,inboard,1627,Inland Lakes,poor,62156.0,57790.42,35,2024-02-15,[],
comp_330c0deb240d,internal_sales,listing,SafeBoat,33 Full Cabin,2013,32.35,outboard,1053,Atlantic Coast,very_good,68203.6,,46,2024-04-01,"[""generator"", ""radar"", ""solar""]",
comp_e1da4f8d5dbe,marketplace,sold,Sea Ray,SDX 250,1977,26.05,sterndrive,5328,Great Lakes,good,27313.19,23551.25,14,2025-01-23,"[""solar"", ""AIS""]",
comp_e3493b5a422d,brokerage,sold,Tracker,Grizzly 1860,2021,20.66,outboard,624,Atlantic Coast,fair,19561.6,18317.15,15,2025-08-03,"[""trailer""]",
comp_ba477812cc7b,internal_sales,listing,Tracker,Pro Team 175,2007,18.36,inboard,928,Great Lakes,good,12384.21,,37,2023-05-24,"[""generator"", ""radar""]",
comp_a8842ad16987,marketplace,sold,Tracker,Grizzly 1860,2002,17.72,outboard,1296,Pacific Coast,good,10163.81,9780.71,64,2024-02-03,"[""radar"", ""autopilot"", ""trailer""]",
comp_d2e09b49e1f1,marketplace,sold,Tracker,Pro Team 175,1988,31.6,outboard,5504,Gulf Coast,very_good,16566.03,14549.63,103,2026-08-21,[],
comp_6eaf89f25fea,marketplace,sold,Harris,Cruiser 210,2014,22.99,outboard,86,Gulf Coast,good,15355.41,12933.73,8,2026-09-24,"[""autopilot"", ""radar""]",
comp_60bf1b650085,brokerage,sold,SafeBoat,33 Full Cabin,2012,32.35,outboard,875,Atlantic Coast,fair,48643.48,43025.75,39,2023-07-28,[],
comp_49f1935fb10d,brokerage,sold,Sea Ray,Sundancer 320,2007,18.25,sterndrive,1342,Maritimes,good,10813.32,10050.2,77,2025-03-18,[],
comp_7b5129283059,internal_sales,sold,Hunter,31,2013,24.67,inboard,235,Gulf Coast,excellent,59724.17,52827.47,30,2024-10-23,"[""trailer"", ""solar""]",
comp_c4361a1b5c63,brokerage,sold,Bennington,20 SVL,1981,18.23,outboard,778,Inland Lakes,excellent,5766.99,5118.67,86,2023-05-03,"[""autopilot""]",
comp_0fb29a556ed5,marketplace,sold,Regal,28 Express,2011,19.26,sterndrive,1554,Inland Lakes,good,14365.34,13756.63,72,2023-07-21,"[""generator""]",
comp_4edddb16969e,internal_sales,listing,Lund,1975 Impact,2013,26.0,outboard,1063,Gulf Coast,good,24126.64,,44,2024-09-12,"[""joystick"", ""autopilot"", ""AIS""]",
comp_ed40d8608609,brokerage,sold,Chaparral,280 OSX,2022,17.64,sterndrive,273,Atlantic Coast,good,23934.71,20766.59,14,2025-01-26,"[""solar""]",
comp_841466681457,brokerage,sold,Grady-White,191 CE,2015,26.0,outboard,1655,Great Lakes,fair,22843.69,20882.09,154,2025-02-02,"[""autopilot""]",
comp_b4f44bda816b,brokerage,sold,Tracker,Targa V-18,2025,23.39,inboard,249,Gulf Coast,fair,39431.1,33638.16,9,2024-02-07,"[""solar""]",
comp_5e9bae161a55,brokerage,sold,Harris,Cruiser 210,2013,23.12,outboard,285,Pacific Coast,very_good,16179.14,14179.01,100,2024-02-15,"[""AIS"", ""radar"", ""trailer""]",
comp_0c3f7f1f9ec4,marketplace,listing,Bayliner,DX2000,2025,16.6,sterndrive,0,Maritimes,good,32000.1,,120,2023-02-27,"[""autopilot"", ""solar""]",
comp_c7d8cf9e530a,marketplace,sold,Bennington,24 LXSB,2018,18.17,outboard,414,Inland Lakes,good,15521.31,13633.51,47,2025-06-05,"[""joystick"", ""solar"", ""autopilot""]",
comp_f788d0f7e6ec,marketplace,sold,Bennington,22 SSB,1971,13.73,outboard,1385,Pacific Coast,good,2293.71,2189.87,23,2024-01-22,"[""generator"", ""joystick"", ""autopilot""]",
comp_43b439901777,marketplace,sold,Bennington,20 SVL,2025,26.0,outboard,221,Atlantic Coast,very_good,52654.84,47893.14,34,2025-04-13,"[""trailer"", ""generator"", ""solar""]",
comp_c06162e96c32,brokerage,sold,Sea Ray,SPX 190,2015,21.85,sterndrive,999,Atlantic Coast,good,19971.23,17336.17,100,2025-10-27,[],
comp_530e1c2b264b,marketplace,sold,Bennington,22 SSB,1988,13.54,outboard,985,Maritimes,good,4030.62,3739.29,91,2026-12-17,"[""solar""]",
comp_177bbd1352ca,marketplace,sold,Formula,350 CBR,2006,33.36,inboard,2398,Pacific Coast,excellent,97860.45,84232.25,95,2023-02-21,"[""radar"", ""generator"", ""trailer""]",
comp_f8a7916fc510,brokerage,listing,Jeanneau,Leader 10.5,2024,35.81,sail_aux,79,Pacific Coast,very_good,169136.92,,46,2024-05-18,"[""solar"", ""trailer""]",
comp_60af2d56866f,marketplace,sold,Catalina,355,2022,37.01,inboard,43,Great Lakes,good,123124.4,110226.96,26,2026-10-09,[],
comp_7fb91559a3b6,marketplace,sold,Grady-White,191 CE,2023,26.0,inboard,1013,Pacific Coast,very_good,46252.55,42574.4,53,2024-02-16,"[""trailer"", ""joystick""]",
comp_690eb43c6b91,brokerage,sold,Sea Ray,SDX 250,2009,20.34,sterndrive,2962,Great Lakes,very_good,42915.9,37095.12,23,2026-11-05,"[""autopilot"", ""trailer""]",
comp_d9f14113d1d1,marketplace,sold,Jeanneau,Leader 10.5,2012,32.16,inboard,230,Pacific Coast,fair,59952.48,54518.26,229,2026-08-17,"[""AIS"", ""autopilot""]",
comp_d3f586d5b9d9,marketplace,listing,Bayliner,Ciera 8,1989,23.64,sterndrive,2349,Pacific Coast,good,10502.34,,25,2026-05-18,"[""AIS"", ""radar"", ""joystick""]",
comp_5fdece8c4a75,marketplace,sold,Boston Whaler,230 Outrage,2007,23.68,outboard,617,Maritimes,very_good,24846.96,23166.4,118,2026-09-26,"[""autopilot"", ""joystick""]",
comp_d50dc99c92c3,marketplace,sold,Formula,350 CBR,1980,41.1,sterndrive,1235,Pacific Coast,good,49516.75,46129.3,143,2026-05-07,"[""generator"", ""radar""]",
comp_838c78a1164b,marketplace,listing,Hunter,36,2016,23.22,sail_aux,386,Pacific Coast,good,48949.7,,113,2025-05-26,[],
comp_9597b5602671,marketplace,sold,Grady-White,336 Canyon,2017,21.66,inboard,545,Atlantic Coast,very_good,25988.26,24951.24,35,2026-07-05,"[""joystick"", ""radar""]",
comp_ce06acb10598,marketplace,listing,Beneteau,Oceanis 31,2004,40.18,sail_aux,632,Gulf Coast,poor,54180.32,,32,2023-05-02,"[""joystick""]",
comp_35ea2a412ff2,brokerage,sold,Jeanneau,Sun Odyssey 349,2014,22.3,inboard,456,Gulf Coast,good,50452.55,49136.8,23,2026-12-22,[],
comp_42485890bfef,brokerage,sold,Tracker,Pro Team 175,2015,17.76,inboard,1410,Inland Lakes,good,14766.64,13826.61,22,2025-05-09,[],
comp_d89fdcc47ad9,internal_sales,sold,Formula,290 BR,2011,34.74,inboard,209,Inland Lakes,good,105391.95,99833.22,18,2023-11-12,"[""radar"", ""trailer"", ""autopilot""]",
comp_d01d5aaef531,marketplace,listing,Boston Whaler,280 Vantage,1994,20.23,inboard,3911,Great Lakes,good,11967.89,,41,2023-04-17,"[""radar"", ""joystick"", ""generator""]",
comp_3ffed46fafa1,internal_sales,listing,Bayliner,Element M17,2007,17.93,sterndrive,826,Great Lakes,good,10582.94,,37,2025-07-11,[],
comp_d29c11ab6ca2,brokerage,sold,Formula,350 CBR,2026,31.1,sterndrive,79,Pacific Coast,very_good,237187.8,231232.74,137,2025-07-26,"[""trailer"", ""AIS"", ""joystick""]",
comp_0edf1a707836,brokerage,sold,Chaparral,21 SSI,2018,13.2,sterndrive,196,Gulf Coast,good,12287.26,10724.66,11,2024-07-23,"[""AIS"", ""autopilot""]",
comp_a14a15439d9b,brokerage,sold,Grady-White,191 CE,2006,26.0,inboard,584,Great Lakes,good,21867.53,19246.38,45,2024-03-07,[],
comp_289495686c89,marketplace,sold,Bayliner,VR5,2009,19.66,sterndrive,1394,Gulf Coast,poor,7915.68,6907.62,31,2024-06-27,[],
comp_7a818f438a10,marketplace,sold,HarborCat,36 Pilot,1986,31.01,inboard,4749,Maritimes,fair,22360.93,19392.4,44,2024-10-08,"[""autopilot"", ""AIS"", ""trailer""]",
comp_8d911efddf6f,marketplace,sold,SafeBoat,33 Full Cabin,2016,19.41,outboard,1638,Great Lakes,excellent,47384.77,40883.79,32,2023-08-23,[],
comp_f590fbc18518,marketplace,listing,HarborCat,26 WB,2012,8.58,jet,1477,Pacific Coast,good,10478.58,,49,2025-02-05,"[""joystick""]",
comp_cf1bc60fb14c,brokerage,sold,Sun Tracker,Party Barge 22 DLX,1993,21.66,outboard,888,Maritimes,poor,3646.62,3541.14,128,2023-12-18,"[""radar"", ""autopilot""]",
comp_cdebfde6a824,marketplace,sold,Alumacraft Pro,Trophy 195,2008,35.11,outboard,7587,Gulf Coast,poor,36667.43,31691.06,104,2026-03-17,[],
comp_7cedf877d5bb,marketplace,sold,Harris,Solstice 230,1988,26.0,outboard,581,Great Lakes,very_good,8159.37,7690.71,30,2026-11-15,"[""trailer"", ""radar"", ""autopilot""]",
comp_ed4167c29e5b,internal_sales,sold,Sun Tracker,Bass Buggy 18 DLX,2005,19.12,outboard,1335,Atlantic Coast,very_good,8811.36,8330.53,13,2023-10-08,"[""autopilot"", ""trailer""]",
comp_8cfece33981c,marketplace,sold,Formula,290 BR,2016,38.01,sterndrive,312,Pacific Coast,good,131324.94,116069.44,125,2023-06-15,"[""autopilot"", ""radar"", ""generator""]",
comp_e8be4058bc0d,marketplace,sold,Harris,Solstice 230,2009,19.44,outboard,345,Great Lakes,fair,8493.29,8102.04,27,2024-11-17,"[""radar""]",
comp_ed28178dd14b,internal_sales,sold,Bayliner,VR5,2009,23.17,outboard,813,Atlantic Coast,excellent,19379.92,16963.75,11,2024-05-11,"[""trailer""]",
comp_2a736f501960,internal_sales,sold,Bennington,20 SVL,2017,16.37,outboard,448,Great Lakes,very_good,13629.22,12782.09,40,2024-10-18,[],
comp_126cdb5fa2b8,internal_sales,sold,Boston Whaler,170 Montauk,2022,17.88,inboard,191,Atlantic Coast,good,26195.23,24682.6,37,2023-09-09,[],
comp_e3c2976af5a7,brokerage,sold,Sea Ray,SDX 250,2010,43.25,sterndrive,648,Great Lakes,very_good,124112.39,106609.04,16,2025-01-04,"[""AIS""]",
comp_f6dbe9b33ba6,internal_sales,sold,Chaparral,21 SSI,2006,19.12,sterndrive,1147,Pacific Coast,fair,10695.36,9214.76,32,2024-08-02,"[""autopilot"", ""AIS"", ""solar""]",
comp_7e697c153bae,marketplace,sold,Sea Ray,SLX 260,2007,33.97,sterndrive,4308,Gulf Coast,very_good,72204.45,67623.3,29,2025-06-25,"[""autopilot"", ""joystick""]",
comp_8e3b4c1baa9d,marketplace,listing,Harris,Solstice 230,2020,17.32,outboard,567,Atlantic Coast,excellent,17007.7,,24,2024-05-20,"[""autopilot"", ""joystick"", ""solar""]",
comp_ee0d1d8f81be,internal_sales,listing,Bennington,20 SVL,2001,26.0,outboard,1519,Great Lakes,good,15002.72,,54,2023-05-18,"[""generator"", ""autopilot"", ""AIS""]",
comp_be5c43af61b9,marketplace,sold,Sea Ray,Sundancer 320,2016,13.47,sterndrive,136,Gulf Coast,fair,7979.76,7662.18,83,2026-10-20,"[""autopilot"", ""generator"", ""trailer""]",
comp_56e6fa49d16c,brokerage,sold,Sea Ray,SDX 250,1966,20.15,outboard,7253,Gulf Coast,good,4102.74,3796.18,158,2024-05-14,"[""generator"", ""AIS""]",
comp_c89ea3a0085d,marketplace,sold,HarborCat,36 Pilot,1994,20.25,inboard,18625,Great Lakes,good,18518.33,16346.87,24,2023-09-17,"[""AIS""]",
comp_9071e9c5d8c6,marketplace,sold,Bennington,22 SSB,1996,20.69,outboard,2894,Pacific Coast,very_good,8128.57,7515.52,225,2026-02-28,"[""generator"", ""autopilot"", ""joystick""]",
comp_c4f1d45d7cfa,marketplace,sold,Sea Ray,Sundancer 320,1970,21.24,sterndrive,1258,Great Lakes,good,5306.97,4534.85,10,2025-11-05,[],
comp_af0c068ac758,marketplace,sold,Bayliner,DX2000,2006,22.07,sterndrive,220,Gulf Coast,fair,12053.25,10706.41,25,2025-03-04,"[""AIS""]",
comp_f5fee7f0bc39,marketplace,sold,Harris,Cruiser 210,2014,23.12,outboard,449,Pacific Coast,good,14122.54,12249.38,105,2024-10-15,[],
comp_59b43537bd2b,marketplace,sold,Regal,28 Express,2008,24.28,outboard,560,Gulf Coast,fair,15238.45,13544.98,10,2024-01-07,[],
comp_bed109f1a6d9,internal_sales,sold,Sea Ray,SDX 250,2012,43.25,sterndrive,1012,Great Lakes,good,128199.56,122919.61,27,2025-07-07,"[""trailer""]",
comp_f9c1b76e12f7,brokerage,listing,Tracker,Grizzly 1860,2009,24.27,outboard,2032,Atlantic Coast,fair,15348.63,,72,2023-09-21,[],
comp_6c2f872078ba,marketplace,listing,Catalina,275 Sport,1976,41.4,inboard,2492,Inland Lakes,fair,37022.05,,18,2023-08-07,"[""AIS""]",
comp_5b63258e5b83,internal_sales,sold,SafeBoat,33 Full Cabin,2012,45.31,outboard,816,Atlantic Coast,good,92667.63,84309.25,20,2024-10-10,"[""radar"", ""generator""]",
comp_c9cbba49c475,internal_sales,listing,Sun Tracker,Party Barge 22 DLX,1971,18.66,outboard,2597,Atlantic Coast,very_good,2846.88,,22,2025-03-19,"[""AIS"", ""solar"", ""trailer""]",
comp_97ee44daa29d,brokerage,sold,Tiara,44 Coupe,1967,37.02,inboard,10158,Gulf Coast,good,34645.91,29618.09,53,2026-11-13,"[""autopilot"", ""trailer""]",
comp_c008e12f0e76,marketplace,listing,Catalina,275 Sport,2001,49.34,sail_aux,848,Maritimes,good,109767.83,,34,2025-05-25,[],
comp_975be1cef447,internal_sales,sold,Grady-White,257 Fisherman,1969,26.0,inboard,2504,Maritimes,fair,4980.82,4583.91,62,2026-01-04,[],
comp_93f1a4710630,marketplace,sold,Regal,26 XO,1977,18.67,outboard,5328,Gulf Coast,poor,3178.5,2934.0,150,2023-07-08,"[""generator"", ""trailer""]",
comp_124b550d9b1d,marketplace,sold,Beneteau,Oceanis 41.1,1992,33.33,inboard,369,Atlantic Coast,fair,48693.04,44416.87,142,2024-10-25,"[""AIS"", ""radar""]",
comp_6551410b9660,brokerage,sold,Alumacraft Pro,Trophy 195,2004,22.58,inboard,5595,Inland Lakes,very_good,37891.32,32097.0,88,2024-10-18,"[""AIS"", ""trailer"", ""solar""]",
comp_4be9a3d2da3f,internal_sales,sold,Carver,C40 Command Bridge,2004,50.14,inboard,3180,Atlantic Coast,very_good,133114.55,114895.7,120,2024-06-10,"[""trailer"", ""radar"", ""autopilot""]",
comp_276091f6bd33,brokerage,sold,Regal,26 XO,2014,19.0,sterndrive,791,Great Lakes,fair,14039.54,12120.2,14,2025-05-15,"[""generator"", ""joystick"", ""autopilot""]",
comp_2bb1ef7a7318,brokerage,sold,Regal,26 XO,1999,19.21,sterndrive,1699,Great Lakes,fair,8516.09,7722.4,98,2025-09-20,"[""generator""]",
comp_fa6c1f2df03c,brokerage,listing,Regal,LS4,1992,15.64,sterndrive,1736,Atlantic Coast,very_good,7160.65,,54,2024-11-14,"[""joystick"", ""solar""]",
comp_760843237c1e,marketplace,sold,Regal,26 XO,2020,14.5,outboard,434,Great Lakes,excellent,17483.1,15576.87,42,2025-07-07,"[""AIS""]",
comp_9b57e70103f8,marketplace,sold,Kawasaki Jet Ski,Ultra 310LX,2017,10.51,jet,323,Pacific Coast,good,3508.06,3269.75,20,2025-09-12,[],
comp_13e8f1a1c9c2,marketplace,sold,Catalina,355,1985,45.22,inboard,2202,Gulf Coast,excellent,76520.1,73860.45,51,2026-05-23,"[""solar"", ""AIS""]",
comp_b0f7fff97805,brokerage,sold,Formula,290 BR,1963,20.35,sterndrive,14101,Atlantic Coast,good,12995.68,12153.53,56,2025-10-26,"[""AIS"", ""solar"", ""radar""]",
comp_0b0093c2aee7,internal_sales,sold,Regal,26 XO,1995,19.65,outboard,556,Pacific Coast,fair,8241.47,7250.98,38,2023-06-23,"[""joystick"", ""radar""]",
comp_1d161acf0784,marketplace,sold,Sea Ray,SLX 260,2006,14.14,outboard,290,Great Lakes,fair,7877.43,7159.77,179,2023-07-15,"[""trailer""]",
comp_d3a82fc3fbc1,brokerage,sold,Regal,LS4,1971,26.0,sterndrive,2883,Great Lakes,very_good,7867.07,7684.41,18,2023-12-14,"[""generator"", ""joystick"", ""AIS""]",
comp_915a4d82d103,marketplace,sold,Tracker,Targa V-18,1972,26.0,outboard,6418,Maritimes,very_good,7852.38,7420.61,70,2025-04-27,"[""trailer"", ""AIS""]",
comp_e4c2a67ad841,marketplace,sold,Grady-White,257 Fisherman,1980,22.2,outboard,2609,Pacific Coast,good,8013.68,6770.37,29,2024-01-10,"[""radar""]",
comp_82d2cc36783f,marketplace,sold,Chaparral,280 OSX,2011,21.65,outboard,661,Gulf Coast,very_good,18886.21,18099.82,90,2025-04-12,"[""trailer"", ""generator""]",
comp_5ea7b6cc8f0c,marketplace,sold,Sun Tracker,Bass Buggy 18 DLX,2017,21.3,outboard,131,Pacific Coast,poor,8533.74,8217.56,67,2026-06-26,"[""radar""]",
comp_5aa9ec5d81ef,marketplace,listing,Formula,290 BR,1993,48.43,inboard,3342,Maritimes,very_good,115695.91,,29,2025-11-24,"[""AIS""]",
comp_6dfcdcf4d767,marketplace,sold,Chaparral,21 SSI,2018,25.37,outboard,128,Atlantic Coast,good,30216.78,26895.32,129,2026-03-03,"[""AIS"", ""autopilot""]",
comp_65525254a470,marketplace,listing,HarborCat,36 Pilot,1999,18.24,inboard,4171,Gulf Coast,poor,11524.79,,40,2026-05-09,"[""AIS"", ""trailer"", ""autopilot""]",
comp_ae28c4624069,internal_sales,sold,Chaparral,280 OSX,1968,21.72,sterndrive,3973,Atlantic Coast,fair,3574.8,3011.29,27,2023-04-15,"[""solar"", ""AIS""]",
comp_3a8cd5bc9d08,brokerage,listing,Lund,1875 Pro-V,2001,18.96,inboard,717,Inland Lakes,fair,8605.8,,84,2026-06-20,"[""generator""]",
comp_8be58e10360f,brokerage,sold,Carver,C40 Command Bridge,1977,42.91,inboard,2668,Maritimes,good,47405.28,41683.2,22,2023-03-27,"[""autopilot""]",
comp_063b2e0667eb,marketplace,sold,Bayliner,Ciera 8,2000,26.0,sterndrive,1503,Pacific Coast,excellent,17140.15,14589.84,24,2023-01-21,[],
comp_6009bd40c37f,brokerage,listing,Boston Whaler,170 Montauk,2008,23.84,outboard,1514,Inland Lakes,good,19668.17,,22,2025-02-15,"[""radar"", ""joystick"", ""trailer""]",
comp_8fd19164340d,marketplace,sold,Regal,LS4,2007,19.92,sterndrive,485,Atlantic Coast,good,12866.24,11722.91,30,2023-07-07,"[""autopilot""]",
comp_e132b19c91d1,internal_sales,sold,Grady-White,257 Fisherman,2008,30.76,inboard,465,Inland Lakes,excellent,36106.26,32661.35,21,2024-07-16,"[""radar"", ""trailer"", ""AIS""]",
comp_abf9c33f3ced,marketplace,sold,Chaparral,23 SSi,1963,17.68,outboard,1599,Atlantic Coast,good,3240.35,3147.12,15,2026-12-14,"[""trailer"", ""AIS""]",
comp_dee992796513,brokerage,sold,Sea Ray,Sundancer 320,2006,16.14,sterndrive,826,Maritimes,fair,7683.21,7456.48,123,2024-02-10,"[""joystick""]",
comp_abec1efceac1,marketplace,listing,Sea Ray,SLX 260,2009,23.0,outboard,432,Gulf Coast,good,19140.95,,106,2024-06-17,"[""joystick"", ""radar"", ""generator""]",
comp_a1500e95cb21,internal_sales,listing,Sea Ray,SDX 250,2012,20.34,sterndrive,1576,Great Lakes,fair,35326.58,,45,2024-01-06,"[""joystick"", ""trailer"", ""AIS""]",
comp_5acd1e881162,brokerage,sold,Chaparral,23 SSi,2007,22.78,sterndrive,1551,Inland Lakes,good,18974.34,18298.1,29,2024-05-04,"[""AIS""]",
comp_26c0fde341ea,marketplace,sold,SafeBoat,33 Full Cabin,1981,47.2,inboard,9115,Gulf Coast,good,45231.53,42562.81,34,2024-01-22,"[""AIS"", ""joystick""]",
comp_1c07eaaf8a88,marketplace,sold,Alumacraft Pro,Trophy 195,2007,35.11,outboard,5067,Gulf Coast,fair,42627.65,38319.02,54,2024-01-03,[],
comp_2cb5f1b4b3f8,brokerage,sold,Hunter,31,1990,39.46,inboard,0,Maritimes,fair,42594.53,37207.87,38,2024-07-25,[],
comp_6b89c056a943,internal_sales,listing,Sea Ray,SDX 250,2009,40.54,inboard,3475,Gulf Coast,fair,71656.78,,24,2024-10-11,"[""solar"", ""joystick"", ""generator""]",
comp_466d82a17722,internal_sales,listing,Sea Ray,SLX 260,1971,20.11,outboard,4798,Pacific Coast,good,4912.77,,64,2024-01-01,[],
comp_2d521b9cfd06,marketplace,sold,Grady-White,257 Fisherman,1982,22.2,outboard,1387,Pacific Coast,fair,6338.93,5491.78,27,2026-01-04,"[""joystick""]",
comp_5a5c8c127ddb,brokerage,sold,Formula,290 BR,2019,30.73,sterndrive,621,Maritimes,good,113124.99,98662.31,5,2025-10-10,[],
comp_4021919be887,marketplace,sold,Kawasaki Jet Ski,Ultra 310LX,2019,10.51,jet,325,Pacific Coast,good,4668.52,4539.59,46,2023-09-15,"[""AIS""]",
comp_01c346c18769,brokerage,sold,SafeBoat,33 Full Cabin,2017,24.58,inboard,1845,Pacific Coast,very_good,56403.74,55191.92,13,2025-07-02,[],
comp_64ab7d7d3bdc,brokerage,sold,Tiara,44 Coupe,2016,31.7,sterndrive,370,Gulf Coast,fair,66151.66,58046.56,49,2025-02-13,"[""AIS"", ""generator"", ""radar""]",
comp_f4e746184845,internal_sales,listing,Lund,1650 Angler,2025,23.09,inboard,0,Pacific Coast,very_good,55306.42,,28,2025-08-23,[],
comp_e12d2d419a88,marketplace,sold,Chaparral,23 SSi,1965,17.68,outboard,1843,Atlantic Coast,fair,2676.32,2490.66,34,2026-08-11,"[""autopilot"", ""radar""]",
comp_cd89ed883dae,internal_sales,sold,Tiara,44 Coupe,2017,37.81,inboard,662,Great Lakes,very_good,160767.77,144779.13,37,2025-02-09,"[""generator"", ""radar"", ""autopilot""]",
comp_ef7e1904d7aa,brokerage,listing,Tracker,Pro Team 175,2012,28.29,outboard,932,Great Lakes,good,23141.6,,117,2025-09-03,"[""trailer"", ""autopilot"", ""solar""]",
comp_06b07c7d2ba0,internal_sales,sold,Sea Ray,SDX 250,1977,25.03,sterndrive,1817,Inland Lakes,very_good,9576.76,9040.0,80,2024-01-09,"[""generator"", ""autopilot"", ""solar""]",
comp_cc0c797a02be,brokerage,sold,Sun Tracker,Party Barge 22 DLX,2015,27.76,outboard,309,Maritimes,very_good,21703.79,20043.76,55,2023-10-09,"[""solar"", ""trailer"", ""AIS""]",
comp_1ecb5a8352ac,marketplace,sold,Sea Ray,Sundancer 320,2024,34.3,inboard,93,Atlantic Coast,very_good,158007.09,142706.14,20,2023-09-03,"[""solar"", ""generator"", ""trailer""]",
comp_5d3e5899b31f,marketplace,listing,Bayliner,Element M17,1967,22.69,sterndrive,3657,Pacific Coast,good,4947.38,,22,2023-03-15,[],
comp_8a5a41ee7012,marketplace,listing,Regal,LS4,1969,21.14,outboard,1842,Gulf Coast,good,5106.83,,22,2023-06-17,"[""autopilot""]",
comp_5c78ed660b5f,marketplace,listing,Bennington,24 LXSB,2001,17.52,outboard,819,Inland Lakes,excellent,8323.91,,50,2023-04-09,"[""generator""]",
comp_47e41802b71d,brokerage,sold,Bayliner,Ciera 8,1979,25.33,sterndrive,1171,Maritimes,excellent,10251.92,9821.06,49,2024-10-05,"[""autopilot"", ""joystick"", ""AIS""]",
comp_067d846749f2,marketplace,listing,Sea Ray,Sundancer 320,2023,19.63,outboard,64,Atlantic Coast,good,30925.5,,73,2026-09-12,"[""AIS"", ""autopilot""]",
comp_6933c68d5142,internal_sales,listing,Tracker,Pro Team 175,2011,23.3,inboard,99,Pacific Coast,fair,12926.83,,7,2023-11-08,"[""generator""]",
comp_20ed4e95714c,brokerage,sold,Harris,Solstice 230,1966,23.28,outboard,1462,Great Lakes,good,3271.25,3196.04,31,2025-08-06,"[""joystick"", ""solar""]",
comp_205132fa6bd1,marketplace,listing,Formula,290 BR,2013,32.8,inboard,405,Atlantic Coast,excellent,106638.19,,76,2026-02-19,"[""autopilot""]",
comp_0216051f89f5,marketplace,listing,Sea Ray,SPX 190,2022,21.93,outboard,69,Atlantic Coast,fair,23697.15,,112,2026-05-04,"[""joystick""]",
comp_4fe7867090db,marketplace,listing,Harris,Cruiser 210,2015,24.93,outboard,392,Inland Lakes,very_good,20440.61,,159,2023-07-09,"[""joystick"", ""solar"", ""trailer""]",
comp_5d0cd7a8b6d8,marketplace,listing,Lund,1650 Angler,1983,26.0,inboard,1101,Great Lakes,fair,8751.79,,35,2026-04-15,"[""generator"", ""joystick""]",
comp_f381fd4ff526,marketplace,sold,SafeBoat,33 Full Cabin,2020,19.41,outboard,2124,Great Lakes,poor,29778.75,26000.3,131,2023-07-11,"[""joystick"", ""generator""]",
comp_6186126f240d,brokerage,listing,Regal,LS4,2019,18.13,sterndrive,314,Pacific Coast,good,19222.33,,96,2025-09-10,"[""solar""]",
comp_754d13ec3427,marketplace,listing,Harris,Cruiser 210,1983,19.62,outboard,840,Great Lakes,good,4826.68,,175,2026-08-08,"[""autopilot"", ""AIS""]",
comp_c5026fecc16d,brokerage,sold,Sea-Doo,RXT-X 300,2023,11.14,jet,129,Gulf Coast,fair,6320.85,5367.21,81,2023-09-22,"[""trailer"", ""autopilot"", ""radar""]",
comp_74e473f1ea7f,brokerage,sold,Carver,C34 Coupe,2020,27.97,sterndrive,389,Inland Lakes,poor,45687.94,42718.72,26,2023-05-02,"[""solar"", ""radar""]",
comp_e94522db476e,internal_sales,sold,Lund,1650 Angler,2001,21.19,inboard,2128,Maritimes,good,14162.52,13238.73,128,2026-12-23,"[""joystick"", ""solar"", ""AIS""]",
comp_96eec9ce0110,marketplace,sold,Sea Ray,SLX 260,2026,34.16,inboard,93,Gulf Coast,very_good,224632.35,211680.13,140,2024-01-19,[],
comp_51ef06442b16,brokerage,sold,Bayliner,DX2000,2010,10.46,sterndrive,483,Gulf Coast,good,5161.69,4423.57,62,2024-04-16,"[""autopilot"", ""joystick"", ""trailer""]",
comp_9302492c8095,brokerage,listing,Harris,Solstice 230,1982,16.09,outboard,6154,Inland Lakes,excellent,4639.77,,61,2023-02-01,"[""generator"", ""AIS""]",
comp_23d5bffd1003,marketplace,listing,Beneteau,Oceanis 41.1,2018,36.77,inboard,385,Inland Lakes,very_good,112977.36,,61,2023-11-03,[],
comp_0a3d6ffe144b,marketplace,sold,Formula,290 BR,2012,36.48,sterndrive,2410,Maritimes,fair,90635.15,85051.82,61,2023-03-26,[],
comp_075a8fb29526,marketplace,sold,Chaparral,21 SSI,2006,22.77,sterndrive,887,Inland Lakes,good,17427.67,15616.06,33,2023-09-09,[],
comp_4989d2079522,marketplace,sold,Sea Ray,SLX 260,1965,18.57,sterndrive,2146,Inland Lakes,fair,2795.44,2592.9,21,2023-10-28,"[""generator"", ""AIS""]",
comp_19da00726423,internal_sales,sold,Sun Tracker,Party Barge 22 DLX,1991,26.0,outboard,5082,Pacific Coast,good,7087.42,6769.95,71,2023-06-28,"[""AIS"", ""autopilot""]",
comp_674415a657ec,marketplace,sold,Bennington,20 SVL,2004,22.8,outboard,411,Inland Lakes,poor,6897.91,6086.65,8,2024-12-13,"[""solar""]",
comp_5424a0fd7dea,brokerage,sold,Sea-Doo,RXT-X 300,1980,10.6,jet,1199,Atlantic Coast,fair,1000.0,955.19,26,2026-01-22,"[""joystick"", ""trailer""]",
comp_989e108e22eb,marketplace,sold,Grady-White,191 CE,1965,17.54,inboard,5221,Pacific Coast,good,3232.61,3108.67,25,2025-01-25,"[""autopilot"", ""solar""]",
comp_c20c9bb337db,brokerage,sold,Regal,LS4,1999,20.64,outboard,3570,Gulf Coast,good,11933.45,10927.26,35,2026-12-08,[],
comp_a37c36716a8d,marketplace,sold,Formula,290 BR,1990,48.43,inboard,6409,Maritimes,excellent,98411.96,82769.27,26,2024-02-07,[],
comp_d89485fdff33,brokerage,sold,Bayliner,Ciera 8,2013,23.89,outboard,1053,Maritimes,fair,16243.31,15114.49,102,2024-11-19,"[""AIS""]",
comp_a74f12276f87,brokerage,sold,Chaparral,21 SSI,2008,22.77,sterndrive,556,Inland Lakes,good,17673.31,16215.7,50,2023-10-17,[],
comp_b86dc438d37b,internal_sales,sold,Lund,1875 Pro-V,2026,15.54,inboard,111,Pacific Coast,very_good,38050.0,36039.82,196,2025-09-17,"[""trailer"", ""generator"", ""joystick""]",
comp_d7c23c9d2997,internal_sales,listing,Jeanneau,Sun Odyssey 349,2013,22.49,sail_aux,1063,Maritimes,fair,34291.6,,16,2025-06-23,"[""joystick"", ""solar"", ""radar""]",
comp_4f0c2fc81a15,brokerage,listing,Catalina,275 Sport,2022,23.92,inboard,95,Great Lakes,poor,43853.1,,20,2026-06-05,"[""trailer"", ""generator"", ""AIS""]",
comp_3fc07a391b0f,marketplace,listing,Sun Tracker,Party Barge 22 DLX,2005,26.0,outboard,306,Pacific Coast,fair,10213.91,,39,2025-04-28,"[""solar""]",
comp_07d939b91d6c,brokerage,sold,Yamaha WaveRunner,VX Cruiser,2001,11.13,jet,653,Atlantic Coast,good,2330.42,2277.5,47,2025-05-20,[],
comp_4a4fbbe2fe2d,marketplace,listing,Lund,1650 Angler,2011,26.0,outboard,909,Great Lakes,fair,17553.04,,72,2026-02-25,"[""generator""]",
comp_c0f803c41e58,marketplace,sold,Bennington,24 LXSB,1969,26.0,outboard,1726,Gulf Coast,fair,2350.81,2059.32,49,2024-05-11,[],
comp_8e90641f99cb,brokerage,sold,Grady-White,336 Canyon,2006,23.32,inboard,1146,Great Lakes,poor,9195.52,7724.75,33,2025-08-02,[],
comp_077b757a7b26,marketplace,sold,Regal,26 XO,1973,26.0,sterndrive,1481,Pacific Coast,good,7605.24,6690.81,21,2023-09-20,"[""autopilot"", ""generator"", ""solar""]",
comp_0d3f6072aa88,brokerage,sold,Lund,1975 Impact,2015,26.0,outboard,741,Pacific Coast,good,23551.12,21679.92,181,2024-01-08,[],
comp_daffaa9f0292,marketplace,listing,Tiara,38 LS,2012,39.55,sterndrive,452,Pacific Coast,good,102179.81,,52,2023-01-13,"[""radar""]",
comp_ee011db504d4,brokerage,listing,Sea Ray,SLX 260,2012,20.39,inboard,1088,Gulf Coast,very_good,48504.47,,35,2026-07-11,"[""solar"", ""generator"", ""radar""]",
comp_84e67486eb10,brokerage,sold,Chaparral,21 SSI,1993,17.8,outboard,2073,Gulf Coast,fair,6980.53,6456.32,43,2024-12-26,[],
comp_493f2cdb573b,marketplace,sold,Tiara,38 LS,2011,23.4,inboard,2293,Maritimes,good,53541.95,52115.96,80,2026-05-15,[],
comp_0a8f2171a277,internal_sales,sold,Lund,1650 Angler,2020,26.0,inboard,863,Atlantic Coast,very_good,44476.75,40419.73,37,2023-09-07,"[""generator"", ""trailer""]",
comp_dca1e3a9136b,marketplace,sold,Bayliner,Ciera 8,2023,17.82,sterndrive,260,Inland Lakes,good,26354.88,23160.17,39,2025-09-22,"[""generator"", ""autopilot"", ""AIS""]",
comp_983a34016d57,brokerage,sold,Boston Whaler,170 Montauk,2023,22.45,inboard,145,Atlantic Coast,very_good,46736.02,43922.86,11,2023-11-14,"[""AIS""]",
comp_dde1ba5b0a27,marketplace,sold,Boston Whaler,280 Vantage,1974,17.31,inboard,6507,Great Lakes,very_good,6031.02,5183.58,40,2025-07-09,"[""solar"", ""joystick"", ""trailer""]",
comp_7fc6079dd3fb,marketplace,sold,Bayliner,DX2000,1994,20.95,sterndrive,1559,Inland Lakes,fair,7540.61,6747.7,80,2025-04-15,"[""joystick""]",
comp_21610f20c08d,brokerage,sold,Jeanneau,Sun Odyssey 349,1982,36.27,inboard,2038,Great Lakes,good,50225.59,45005.45,50,2024-01-13,"[""solar"", ""joystick""]",
comp_5f62e8e0adfa,marketplace,sold,Grady-White,336 Canyon,2018,23.8,inboard,706,Great Lakes,fair,22589.35,20309.5,28,2026-10-11,"[""joystick"", ""generator"", ""AIS""]",
comp_561ca8403d5a,marketplace,sold,Tracker,Targa V-18,2017,15.48,outboard,269,Atlantic Coast,excellent,17424.19,15712.59,67,2026-05-05,"[""solar""]",
comp_2d62ff690046,internal_sales,sold,Bennington,24 LXSB,1999,17.52,outboard,1267,Inland Lakes,very_good,9143.13,8525.06,70,2023-05-11,[],
comp_020ae3fd6337,marketplace,listing,Sea Ray,Sundancer 320,2010,33.2,sterndrive,2029,Atlantic Coast,very_good,77393.09,,83,2026-05-13,"[""autopilot"", ""trailer"", ""AIS""]",
comp_7c9fbbb135ee,brokerage,sold,Tracker,Targa V-18,2008,22.11,inboard,726,Pacific Coast,excellent,20727.85,18291.94,43,2025-11-02,"[""radar"", ""solar"", ""autopilot""]",
comp_8d09bbab6da9,brokerage,sold,Sea Ray,Sundancer 320,1986,13.72,sterndrive,11015,Gulf Coast,very_good,13237.6,11914.01,29,2024-04-13,"[""radar"", ""solar""]",
comp_42c862b2537a,brokerage,sold,Sun Tracker,Party Barge 22 DLX,2008,18.72,outboard,740,Pacific Coast,poor,4892.36,4770.63,68,2024-05-24,"[""joystick"", ""AIS""]",
comp_9edd751807c4,internal_sales,listing,Lund,1975 Impact,2017,26.0,inboard,259,Maritimes,good,31285.73,,107,2023-09-20,"[""autopilot""]",
comp_bd7b81d07caf,marketplace,sold,Sun Tracker,Party Barge 22 DLX,2014,25.63,outboard,633,Atlantic Coast,very_good,18640.79,16206.22,52,2023-11-06,"[""AIS"", ""radar""]",
comp_ed87bd7cd685,marketplace,sold,Regal,28 Express,2008,23.95,outboard,1150,Gulf Coast,good,20193.01,17753.51,14,2024-07-08,"[""solar""]",
comp_558958c82e99,internal_sales,sold,Harris,Solstice 230,1989,15.15,outboard,901,Maritimes,fair,3357.66,3127.38,98,2026-08-22,"[""joystick"", ""generator"", ""trailer""]",
comp_5451f8135530,marketplace,sold,Regal,LS4,2010,21.56,outboard,553,Great Lakes,poor,10243.46,8896.06,12,2025-10-03,[],
comp_6553da86e6e6,brokerage,sold,Grady-White,336 Canyon,1985,26.0,outboard,2410,Great Lakes,fair,8900.0,8408.11,52,2026-08-21,"[""joystick"", ""radar""]",
comp_304b25745e6b,marketplace,sold,Beneteau,Oceanis 31,1990,45.16,sail_aux,709,Inland Lakes,poor,47027.02,39869.13,51,2024-11-06,"[""radar"", ""AIS"", ""trailer""]",
comp_32477baf1105,internal_sales,listing,Chaparral,23 SSi,2012,15.36,sterndrive,2391,Maritimes,fair,9806.41,,39,2023-07-24,"[""generator"", ""autopilot"", ""joystick""]",
comp_da368d830313,marketplace,listing,Regal,LS4,2022,26.0,outboard,211,Pacific Coast,poor,21487.88,,20,2023-09-03,"[""joystick"", ""AIS""]",
comp_4556ac819def,marketplace,sold,Sea Ray,SPX 190,2006,19.09,sterndrive,160,Inland Lakes,poor,6873.62,5915.37,69,2023-09-09,"[""autopilot"", ""trailer""]",
comp_aae58a857cbe,internal_sales,sold,Chaparral,280 OSX,2014,26.0,outboard,1570,Gulf Coast,fair,21419.47,20834.39,69,2025-12-08,"[""trailer"", ""joystick"", ""AIS""]",
comp_9be2167c0aa1,brokerage,sold,Chaparral,280 OSX,2025,15.22,outboard,177,Maritimes,poor,14816.07,14462.23,5,2023-02-21,"[""joystick""]",
comp_3d0ed7ee4271,marketplace,sold,Sea Ray,Sundancer 320,1975,41.49,sterndrive,3816,Atlantic Coast,excellent,47492.15,43470.24,44,2023-04-18,"[""AIS"", ""autopilot""]",
comp_9740c445f471,marketplace,sold,Sea Ray,SDX 250,2023,23.16,sterndrive,252,Pacific Coast,good,36612.32,33818.15,33,2026-10-16,"[""joystick""]",
comp_637cee2f658a,marketplace,listing,Boston Whaler,170 Montauk,2021,29.81,inboard,467,Inland Lakes,fair,47588.01,,6,2025-02-17,"[""solar"", ""radar"", ""generator""]",
comp_04ee94caf151,brokerage,sold,Harris,Solstice 230,2017,21.31,outboard,215,Maritimes,fair,11650.21,10148.47,41,2026-11-01,"[""radar""]",
comp_7fc7cc8839db,internal_sales,sold,Formula,290 BR,1996,48.43,inboard,3448,Maritimes,good,100259.47,92695.41,8,2025-09-24,"[""autopilot""]",
comp_fde599205fa4,marketplace,sold,Grady-White,336 Canyon,1971,19.85,outboard,1924,Atlantic Coast,excellent,5800.85,5369.82,136,2026-09-21,"[""joystick"", ""radar"", ""autopilot""]",
comp_9ae11cede127,marketplace,sold,Bennington,24 LXSB,2005,21.26,outboard,964,Great Lakes,poor,6558.67,5795.82,19,2023-10-06,"[""radar""]",
comp_b8d9cd78bbef,brokerage,sold,Carver,C40 Command Bridge,2010,50.3,sterndrive,511,Great Lakes,very_good,172830.39,157116.59,19,2025-01-19,"[""solar"", ""trailer""]",
comp_37f94cfcabe8,marketplace,sold,Sea Ray,SPX 190,1998,21.21,sterndrive,2004,Great Lakes,good,12910.72,11844.35,63,2023-04-21,[],
comp_a8acddb0986c,marketplace,sold,Boston Whaler,230 Outrage,1971,21.07,outboard,8226,Inland Lakes,fair,4544.06,4230.2,62,2024-04-24,[],
comp_59aeec9c9c74,brokerage,sold,Lund,1875 Pro-V,2003,25.85,outboard,3174,Inland Lakes,good,20696.73,19694.54,45,2023-01-15,[],
comp_a90f7499613b,brokerage,listing,Catalina,355,2016,26.25,sail_aux,410,Inland Lakes,poor,35863.05,,34,2024-09-05,"[""solar"", ""joystick""]",
comp_d6350a76e764,marketplace,listing,Parker,2320 Sport Cabin,1985,41.12,outboard,1861,Atlantic Coast,fair,28471.1,,123,2023-12-20,"[""autopilot"", ""generator"", ""joystick""]",
comp_35e937d7042b,internal_sales,sold,Formula,290 BR,1994,48.98,sterndrive,2603,Pacific Coast,good,85237.13,73453.69,123,2025-03-05,"[""generator"", ""trailer""]",
comp_46dc7fae5189,brokerage,sold,HarborCat,26 WB,2001,33.86,jet,4863,Pacific Coast,poor,23771.48,20135.06,48,2023-04-15,"[""AIS"", ""solar""]",
comp_8fc806f987f1,internal_sales,sold,SafeBoat,25 Defender,2002,38.78,outboard,6210,Inland Lakes,good,65019.34,55469.13,10,2024-09-06,[],
comp_f2949a9fb9cc,marketplace,sold,Harris,Solstice 230,1997,18.59,outboard,1513,Atlantic Coast,very_good,7389.52,7232.01,6,2024-08-20,"[""generator"", ""autopilot""]",
comp_32a27286c08c,brokerage,sold,Bayliner,Ciera 8,1978,20.59,sterndrive,5651,Pacific Coast,good,5798.75,5573.09,47,2026-12-27,"[""generator""]",
comp_afaa1663b49e,brokerage,listing,Sea Ray,Sundancer 320,2013,25.13,outboard,225,Maritimes,good,20117.44,,54,2024-09-22,"[""AIS"", ""autopilot""]",
comp_e2b3d89fa2d3,internal_sales,listing,Chaparral,23 SSi,2023,26.0,outboard,0,Maritimes,very_good,44129.18,,34,2026-05-19,"[""radar""]",
comp_6b50973d8cd4,brokerage,listing,Sea Ray,Sundancer 320,2011,36.37,inboard,2449,Atlantic Coast,very_good,103657.18,,82,2025-01-06,[],
comp_8c9ec112c88b,marketplace,sold,Sea Ray,Sundancer 320,2001,16.14,sterndrive,806,Maritimes,excellent,9376.53,8656.45,83,2026-05-08,"[""autopilot"", ""radar"", ""solar""]",
comp_b64b9e7d4f27,marketplace,sold,Bayliner,DX2000,2021,19.14,outboard,271,Maritimes,excellent,26941.1,24612.42,30,2024-02-14,"[""trailer"", ""radar"", ""solar""]",
comp_92165e5f314b,marketplace,listing,Tiara,44 Coupe,1996,40.1,inboard,1864,Gulf Coast,excellent,91824.29,,142,2025-02-14,"[""trailer"", ""generator""]",
comp_d6452c088b7d,marketplace,sold,Bennington,24 LXSB,2005,25.44,outboard,987,Inland Lakes,poor,7639.98,6568.28,49,2023-07-07,[],
comp_b78666a0aea7,marketplace,sold,Tracker,Pro Team 175,2021,23.95,inboard,431,Pacific Coast,good,30507.39,28359.13,17,2024-06-05,"[""joystick"", ""autopilot""]",
comp_690cfa8485d8,internal_sales,sold,Sun Tracker,Bass Buggy 18 DLX,2018,18.01,outboard,629,Pacific Coast,excellent,13864.54,11841.0,31,2026-05-03,"[""AIS"", ""trailer""]",
comp_bf44d7c27596,brokerage,sold,Regal,LS4,2020,23.3,sterndrive,161,Great Lakes,fair,26580.17,23591.15,24,2025-09-08,"[""trailer"", ""AIS"", ""autopilot""]",
comp_a10f7febcf84,internal_sales,listing,Lund,1975 Impact,2006,26.0,outboard,696,Maritimes,very_good,22010.83,,58,2026-09-21,"[""trailer"", ""autopilot""]",
comp_67b19e0dcb1d,internal_sales,sold,Tracker,Pro Team 175,2017,23.95,inboard,423,Pacific Coast,fair,18774.29,15922.42,20,2024-11-11,[],
comp_06ab471dc54e,internal_sales,sold,Chaparral,21 SSI,2007,19.12,sterndrive,766,Pacific Coast,good,14287.65,13637.52,208,2025-01-22,[],
comp_c03ef4acf3bb,marketplace,sold,Chaparral,23 SSi,1990,17.21,sterndrive,2131,Atlantic Coast,good,6303.61,5996.98,56,2024-12-14,[],
comp_8af9733e18fa,brokerage,sold,Grady-White,257 Fisherman,2022,26.0,inboard,1720,Atlantic Coast,fair,34641.13,31269.56,67,2025-02-13,"[""radar""]",
comp_a419e999b48a,marketplace,sold,Sea Ray,SLX 260,2025,34.16,inboard,148,Gulf Coast,good,173846.13,166084.63,32,2026-10-03,"[""AIS"", ""radar"", ""autopilot""]",
comp_ae6b78a246c2,brokerage,listing,Sea Ray,Sundancer 320,2017,13.47,sterndrive,206,Gulf Coast,fair,8502.15,,9,2023-09-15,"[""AIS"", ""autopilot"", ""solar""]",
comp_37c362fe604b,marketplace,sold,Bayliner,VR5,1993,24.83,sterndrive,4089,Gulf Coast,good,10864.05,9789.39,44,2023-01-07,"[""autopilot"", ""trailer"", ""solar""]",
comp_b2a8767810c5,internal_sales,sold,Formula,290 BR,2015,36.95,inboard,1926,Inland Lakes,fair,83400.84,76970.57,46,2023-04-26,[],
comp_ea5925aa79e1,marketplace,sold,Sun Tracker,Bass Buggy 18 DLX,2019,21.3,outboard,217,Pacific Coast,good,17413.35,16469.33,14,2023-06-12,"[""autopilot"", ""generator""]",
comp_b80cdc14d248,marketplace,listing,Grady-White,191 CE,1984,16.52,outboard,1923,Atlantic Coast,excellent,6719.92,,61,2026-03-04,"[""trailer"", ""radar"", ""autopilot""]",
comp_47d0f63bdcee,marketplace,sold,Chaparral,21 SSI,2007,20.99,outboard,942,Atlantic Coast,fair,10757.86,10197.52,199,2025-01-18,[],
comp_ef063dbf4f8e,marketplace,sold,Lund,1975 Impact,2000,25.65,outboard,513,Gulf Coast,fair,11909.85,11661.3,387,2026-11-05,"[""solar"", ""joystick""]",
comp_0eae369a310c,marketplace,sold,Parker,2820 XLD,1987,8.0,jet,6761,Inland Lakes,excellent,5873.14,5650.79,18,2023-06-10,"[""trailer"", ""AIS""]",
comp_385f1a386a8a,brokerage,listing,Bennington,20 SVL,2021,23.68,outboard,143,Inland Lakes,good,26679.66,,43,2025-01-04,"[""joystick""]",
comp_a0acfaa673b6,brokerage,listing,Sea Ray,SLX 260,2004,43.38,sterndrive,1092,Great Lakes,very_good,101495.76,,25,2024-10-19,"[""AIS"", ""generator""]",
comp_ef1e76455d34,marketplace,listing,Tiara,44 Coupe,2004,29.65,sterndrive,2387,Atlantic Coast,fair,52573.19,,39,2025-10-12,"[""AIS"", ""generator"", ""trailer""]",
comp_345c9f9260e8,marketplace,listing,Regal,26 XO,2006,17.65,outboard,420,Maritimes,good,12222.56,,36,2023-10-25,"[""joystick""]",
comp_7dd93c12af9b,marketplace,sold,Lund,1875 Pro-V,2001,18.52,outboard,3402,Gulf Coast,excellent,13253.99,12294.19,57,2026-03-01,[],
comp_09a9bb7e550e,marketplace,sold,Formula,350 CBR,1996,43.04,inboard,563,Great Lakes,poor,55283.47,46457.96,95,2025-12-09,"[""trailer""]",
comp_50ff5a839ef0,brokerage,sold,Carver,C34 Coupe,2021,33.37,inboard,179,Inland Lakes,good,117248.88,104160.37,430,2026-10-21,"[""generator""]",
comp_bb0cf147f00f,marketplace,sold,Catalina,445,2023,19.04,inboard,0,Great Lakes,fair,38617.3,34485.31,34,2025-07-21,"[""generator"", ""trailer""]",
comp_1c29735ae979,marketplace,sold,Lund,1975 Impact,2012,26.0,outboard,771,Gulf Coast,very_good,26093.58,22930.79,29,2024-09-08,"[""generator"", ""joystick"", ""solar""]",
comp_98a433b9deb4,brokerage,listing,Formula,290 BR,2017,38.01,sterndrive,588,Pacific Coast,fair,102216.36,,95,2025-10-18,[],
comp_676f3531dfed,marketplace,sold,Catalina,445,2013,45.39,inboard,1145,Great Lakes,good,102948.81,96084.31,130,2024-04-05,"[""generator""]",
comp_19ad3b3658cd,internal_sales,listing,Yamaha WaveRunner,VX Cruiser,2006,10.88,jet,304,Gulf Coast,poor,1621.39,,15,2025-10-06,"[""trailer"", ""autopilot""]",
comp_224adf26be2e,marketplace,listing,Chaparral,23 SSi,2021,16.48,outboard,774,Great Lakes,fair,16618.54,,61,2024-08-03,"[""generator"", ""autopilot""]",
comp_4d1ba106b95e,marketplace,listing,Grady-White,257 Fisherman,1999,19.04,inboard,686,Great Lakes,very_good,11864.21,,56,2026-04-17,[],
comp_52a6b5ebdbf4,marketplace,sold,Sun Tracker,Bass Buggy 18 DLX,2022,18.72,outboard,57,Inland Lakes,good,17086.39,16069.17,39,2025-05-01,[],
comp_2abc4d26ab44,brokerage,listing,Sea-Doo,RXT-X 300,1971,12.02,jet,3763,Maritimes,good,1000.0,,44,2023-03-03,"[""autopilot""]",
comp_6b96eb116dd4,brokerage,sold,Regal,28 Express,2012,19.28,outboard,487,Maritimes,good,17308.96,15820.67,40,2023-11-06,[],
comp_3090c96870ca,marketplace,listing,Sea-Doo,RXT-X 300,2019,11.44,jet,260,Inland Lakes,poor,3561.88,,34,2023-09-24,[],
comp_b5caaa3aa72a,brokerage,sold,SafeBoat,25 Defender,2022,27.98,inboard,2426,Atlantic Coast,good,88557.3,78624.75,140,2026-05-13,"[""trailer""]",
comp_fd1522d501d1,marketplace,listing,Tracker,Grizzly 1860,2024,20.32,inboard,333,Gulf Coast,good,35995.22,,112,2026-09-09,"[""autopilot"", ""generator"", ""trailer""]",
comp_99daac293782,marketplace,sold,Boston Whaler,170 Montauk,1988,22.75,inboard,2383,Gulf Coast,very_good,12111.68,10372.2,88,2025-02-25,"[""AIS"", ""autopilot""]",
comp_6f80b4f90302,marketplace,sold,Harris,Solstice 230,1986,17.44,outboard,2803,Maritimes,fair,3293.79,2834.99,13,2023-09-24,"[""solar""]",
comp_5dc85b92972b,brokerage,sold,Harris,Cruiser 210,2010,28.77,outboard,900,Atlantic Coast,fair,14222.23,13480.18,59,2025-06-22,"[""AIS""]",
comp_833653d69769,marketplace,sold,Jeanneau,Leader 10.5,2016,26.97,sail_aux,235,Inland Lakes,good,60731.3,51828.74,52,2023-08-27,"[""radar""]",
comp_aa53a85a9623,internal_sales,sold,Sun Tracker,Party Barge 22 DLX,1999,26.0,outboard,1624,Great Lakes,poor,6028.87,5502.94,21,2023-09-01,"[""AIS""]",
comp_00077f60b37f,marketplace,sold,Sea Ray,SLX 260,2025,19.64,sterndrive,0,Great Lakes,fair,31832.82,26785.62,36,2025-10-25,"[""autopilot"", ""AIS""]",
comp_49a6ff9cfaa4,brokerage,sold,Regal,28 Express,1973,15.72,outboard,2173,Great Lakes,very_good,4618.46,4267.45,10,2023-06-16,"[""AIS"", ""solar"", ""autopilot""]",
comp_c0b5bd01d257,marketplace,sold,Boston Whaler,230 Outrage,1990,14.28,outboard,3681,Inland Lakes,very_good,7633.13,7265.19,35,2025-10-13,[],
comp_5732aee5fda9,marketplace,sold,Yamaha WaveRunner,VX Cruiser,2019,11.05,jet,222,Pacific Coast,fair,5090.67,4938.93,15,2024-02-09,"[""generator"", ""joystick"", ""solar""]",
comp_023f134f0c86,marketplace,listing,Grady-White,336 Canyon,2026,13.67,inboard,93,Great Lakes,good,29340.49,,23,2024-12-28,"[""generator"", ""AIS"", ""trailer""]",
comp_cc5ad36375e0,marketplace,sold,Harris,Solstice 230,1976,18.8,outboard,703,Inland Lakes,fair,3121.46,2748.92,28,2024-08-11,"[""AIS""]",
comp_06eac59f071b,brokerage,sold,Beneteau,Oceanis 41.1,1984,40.11,sail_aux,761,Atlantic Coast,good,65144.81,61981.7,56,2025-11-25,[],
comp_bdbcb4cba6ad,internal_sales,sold,Bayliner,VR5,2018,18.25,outboard,292,Maritimes,excellent,20698.42,17933.93,64,2024-02-22,"[""generator"", ""AIS"", ""solar""]",
comp_afe785c22f1d,marketplace,sold,Tiara,44 Coupe,2015,40.92,inboard,1084,Pacific Coast,fair,104467.45,101294.97,41,2026-10-03,"[""joystick"", ""trailer""]",
comp_a5bbf4cfebe6,marketplace,listing,Jeanneau,Sun Odyssey 349,2013,44.45,sail_aux,733,Atlantic Coast,fair,96706.46,,45,2026-07-18,"[""autopilot"", ""generator""]",
comp_172ea21fe6fe,brokerage,listing,Regal,LS4,2017,18.13,sterndrive,640,Pacific Coast,excellent,20010.27,,17,2026-02-11,"[""joystick""]",
comp_7432344f7f4f,brokerage,sold,Catalina,445,2024,40.53,inboard,51,Pacific Coast,good,151503.17,129629.66,54,2025-12-27,"[""joystick"", ""radar"", ""generator""]",
comp_f461adb8a0e6,brokerage,sold,Tiara,44 Coupe,1988,48.14,sterndrive,784,Pacific Coast,excellent,104714.86,89801.2,37,2024-10-07,"[""AIS"", ""generator"", ""solar""]",
comp_0a4a32b79cb9,marketplace,listing,Tiara,38 LS,1974,39.45,sterndrive,5957,Atlantic Coast,good,48451.78,,31,2024-12-26,"[""radar"", ""joystick"", ""autopilot""]",
comp_32879ec75aba,marketplace,listing,Harris,Cruiser 210,2007,19.13,outboard,422,Great Lakes,excellent,11202.78,,78,2026-06-14,"[""solar""]",
comp_959e6b829baa,brokerage,listing,Boston Whaler,230 Outrage,2008,23.68,outboard,711,Maritimes,fair,17885.4,,23,2023-06-07,"[""solar"", ""AIS""]",
comp_aad2ed39208f,internal_sales,sold,Grady-White,257 Fisherman,2005,16.47,outboard,2406,Atlantic Coast,good,10335.61,9327.19,65,2026-04-14,[],
comp_6235e5e22b65,internal_sales,sold,Sea Ray,SLX 260,2026,19.64,sterndrive,0,Great Lakes,good,48541.36,43218.18,46,2026-12-08,"[""joystick"", ""radar""]",
comp_24e3b8b7930b,marketplace,sold,Beneteau,First 27,2011,38.35,sail_aux,675,Inland Lakes,good,108874.0,103392.95,52,2026-08-11,[],
comp_05ad0e22922a,internal_sales,sold,Bayliner,DX2000,2010,22.07,sterndrive,133,Gulf Coast,good,14808.0,13823.14,74,2025-11-25,"[""generator"", ""radar""]",
comp_035028e73920,internal_sales,sold,Parker,2820 XLD,1984,8.0,jet,8971,Inland Lakes,good,4573.29,4077.51,43,2023-10-22,[],
comp_0c466e66dd36,internal_sales,listing,Beneteau,First 27,1984,42.86,sail_aux,1374,Pacific Coast,very_good,67160.44,,60,2026-09-23,"[""radar"", ""trailer"", ""generator""]",
comp_efb9e661ad90,marketplace,sold,Tiara,38 LS,2009,25.33,inboard,3046,Pacific Coast,good,62749.85,54962.87,146,2025-06-28,"[""joystick"", ""solar""]",
comp_8c5254a0d4bc,marketplace,sold,Sea Ray,SDX 250,1999,39.36,sterndrive,2959,Gulf Coast,excellent,93547.74,89170.29,578,2025-02-03,"[""trailer""]",
comp_4367c1541002,brokerage,sold,Lund,1975 Impact,2024,19.15,outboard,282,Inland Lakes,very_good,39127.4,36104.9,54,2023-08-06,"[""joystick"", ""generator"", ""trailer""]",
comp_4d1379eadde1,internal_sales,listing,Regal,LS4,2019,20.11,outboard,459,Gulf Coast,good,23350.8,,85,2025-01-13,"[""generator"", ""radar"", ""trailer""]",
comp_d8ffd7c81350,brokerage,listing,Lund,1975 Impact,2011,15.81,inboard,547,Atlantic Coast,good,13004.14,,135,2024-09-03,"[""autopilot""]",
comp_15e4c51c5563,marketplace,sold,Bayliner,VR5,2017,25.73,sterndrive,2416,Pacific Coast,poor,15115.57,14143.06,69,2023-01-04,"[""autopilot""]",
comp_8657960820de,brokerage,listing,Regal,26 XO,2008,19.74,sterndrive,416,Maritimes,very_good,14429.74,,65,2023-05-06,"[""generator"", ""solar""]",
comp_e1005d24883b,brokerage,listing,Sun Tracker,Party Barge 22 DLX,1976,21.14,outboard,1233,Great Lakes,poor,2143.26,,49,2023-11-25,"[""trailer"", ""radar"", ""joystick""]",
comp_bb5414b84122,marketplace,sold,Jeanneau,Leader 10.5,1982,43.21,inboard,2169,Great Lakes,excellent,73984.2,66004.61,35,2024-04-21,[],
comp_e5dac9eb5cad,brokerage,listing,Carver,C40 Command Bridge,2007,31.31,inboard,1067,Gulf Coast,fair,55537.94,,48,2025-06-04,"[""radar""]",
comp_7252e438e884,brokerage,sold,Harris,Cruiser 210,1964,23.44,outboard,4572,Pacific Coast,excellent,4211.27,3609.32,73,2023-03-26,"[""solar"", ""generator""]",
comp_dc3f6a7174d0,marketplace,sold,Carver,C34 Coupe,1976,27.88,sterndrive,8634,Gulf Coast,good,24576.03,21167.76,41,2024-02-04,[],
comp_e112846e6fab,marketplace,sold,Jeanneau,Sun Odyssey 349,2007,37.83,inboard,786,Maritimes,fair,61332.69,51975.18,94,2023-05-09,[],
comp_b58f7adf6a5e,marketplace,sold,Tiara,38 LS,2010,18.1,sterndrive,453,Inland Lakes,good,35309.34,33437.55,17,2024-09-14,"[""radar"", ""AIS""]",
comp_f3cdbb40c24d,marketplace,listing,Bayliner,VR5,2014,20.68,outboard,921,Gulf Coast,fair,13735.67,,27,2025-01-13,"[""generator"", ""autopilot"", ""radar""]",
comp_6ccac5831ee0,brokerage,sold,Lund,1975 Impact,2003,22.83,inboard,3007,Pacific Coast,good,15924.35,15121.67,65,2025-07-03,[],
comp_7a64328cfcc9,brokerage,sold,Lund,1975 Impact,2023,26.0,inboard,420,Maritimes,good,42996.59,38153.81,63,2025-01-04,"[""radar"", ""autopilot""]",
comp_eed53de7e338,marketplace,listing,Carver,C34 Coupe,2007,31.94,sterndrive,919,Inland Lakes,good,68129.6,,45,2026-01-17,"[""generator"", ""radar""]",
comp_d194300fe785,marketplace,sold,Hunter,31,2026,40.05,sail_aux,77,Atlantic Coast,good,192654.94,186782.59,68,2026-05-19,"[""trailer"", ""autopilot"", ""solar""]",
comp_60eed326ac41,brokerage,sold,Regal,LS4,1993,20.64,outboard,3237,Gulf Coast,good,8770.03,8492.43,115,2026-04-23,"[""radar""]",
comp_77c2df3d56ae,brokerage,listing,Sun Tracker,Party Barge 22 DLX,2016,23.48,outboard,405,Inland Lakes,fair,10816.29,,114,2025-11-13,[],
comp_ab1cd5c5a931,brokerage,sold,Sea Ray,SLX 260,2009,17.19,outboard,563,Great Lakes,good,13447.38,11453.78,61,2023-04-13,"[""solar""]",
comp_3ab907b04f00,marketplace,sold,Bayliner,DX2000,2011,10.46,sterndrive,482,Gulf Coast,very_good,6281.28,5357.25,112,2025-08-24,"[""AIS"", ""trailer""]",
comp_45f7e5db24e1,internal_sales,sold,Jeanneau,Sun Odyssey 349,2026,16.13,sail_aux,28,Gulf Coast,fair,48821.06,41147.04,80,2025-07-11,"[""radar"", ""AIS"", ""joystick""]",
comp_a61390aa2b83,brokerage,sold,Hunter,31,1972,25.42,sail_aux,1855,Maritimes,good,21289.25,18948.96,4,2025-06-11,[],
comp_a99b73201ead,internal_sales,sold,Sea Ray,SLX 260,2013,26.0,outboard,431,Pacific Coast,very_good,26059.09,22108.66,122,2026-07-03,"[""AIS"", ""trailer"", ""joystick""]",
comp_49dad5bd2020,marketplace,sold,Harris,Solstice 230,1968,23.13,outboard,3215,Great Lakes,excellent,4166.35,3574.05,9,2023-10-16,"[""generator""]",
comp_9edafd228381,marketplace,sold,Harris,Cruiser 210,1973,22.03,outboard,1627,Atlantic Coast,good,4242.23,3857.4,52,2026-10-21,"[""radar"", ""generator""]",
comp_2e008ba62b95,marketplace,listing,Sea Ray,SPX 190,2022,37.59,sterndrive,881,Inland Lakes,fair,113154.63,,184,2025-09-10,"[""generator"", ""trailer"", ""solar""]",
comp_e79847974b49,marketplace,sold,Grady-White,191 CE,1992,26.0,inboard,3208,Inland Lakes,good,14067.56,12295.07,168,2024-09-04,"[""generator"", ""solar""]",
comp_e60fd64afbc1,brokerage,listing,Sea Ray,SDX 250,1976,17.14,sterndrive,5017,Inland Lakes,good,4892.46,,40,2025-12-19,"[""autopilot"", ""AIS""]",
comp_8679eb22a1fe,marketplace,sold,Regal,LS4,1980,22.12,sterndrive,777,Inland Lakes,fair,6431.7,5586.71,7,2026-09-17,"[""generator"", ""AIS"", ""trailer""]",
comp_8204669c7be2,internal_sales,sold,Lund,1875 Pro-V,2004,18.96,inboard,1026,Inland Lakes,fair,10250.21,9026.92,20,2023-05-25,"[""trailer"", ""AIS""]",
comp_fd995637aa21,internal_sales,listing,Tiara,38 LS,2007,50.79,inboard,644,Pacific Coast,good,134827.99,,40,2023-09-27,"[""trailer""]",
comp_a5cb43da5f65,marketplace,listing,Lund,1975 Impact,2006,26.0,outboard,961,Great Lakes,good,20523.92,,35,2023-10-07,[],
comp_01eab3831eae,marketplace,sold,Lund,1650 Angler,2010,33.25,inboard,1635,Inland Lakes,good,32844.58,31679.89,274,2023-08-10,[],
comp_d961ba8fbd29,brokerage,sold,Chaparral,280 OSX,2017,20.36,sterndrive,142,Inland Lakes,excellent,22904.09,22423.75,82,2023-05-23,"[""AIS""]",
comp_df4213b7a090,marketplace,sold,HarborCat,36 Pilot,2009,36.8,outboard,2799,Maritimes,good,74675.25,69209.21,117,2025-10-10,[],
comp_d822ac79f5f5,marketplace,listing,Grady-White,336 Canyon,1975,19.85,outboard,2556,Atlantic Coast,fair,3793.71,,16,2023-08-15,[],
comp_7b4bede4434e,marketplace,sold,Sea Ray,SDX 250,1973,27.82,sterndrive,4357,Great Lakes,fair,21753.94,19961.68,18,2024-12-01,[],
comp_e04572a8d9ec,brokerage,sold,Tiara,38 LS,2015,39.55,sterndrive,569,Pacific Coast,good,135432.5,130607.32,186,2025-01-02,"[""AIS"", ""autopilot"", ""joystick""]",
comp_a7d92f5e4be0,marketplace,sold,Sea Ray,SPX 190,2005,21.85,outboard,697,Pacific Coast,good,14885.39,12948.83,89,2026-10-07,"[""solar"", ""radar"", ""autopilot""]",
comp_4558bdbf7d7e,brokerage,sold,Regal,LS4,1998,20.64,outboard,3866,Gulf Coast,poor,6049.44,5905.5,50,2023-01-05,[],
comp_c9f26a534e14,marketplace,sold,Formula,350 CBR,1980,41.1,sterndrive,1438,Pacific Coast,good,49484.52,43825.44,84,2025-06-13,[],
comp_8622b378574a,marketplace,sold,Lund,1650 Angler,2008,17.22,outboard,650,Gulf Coast,good,12430.63,10451.41,65,2025-06-20,"[""trailer"", ""generator""]",
comp_36367fd99516,brokerage,sold,Hunter,31,2003,32.75,sail_aux,1159,Great Lakes,poor,29211.45,25404.91,16,2024-07-27,[],
comp_e635d531090a,internal_sales,sold,Boston Whaler,280 Vantage,1968,17.31,inboard,5054,Great Lakes,very_good,4748.54,4276.46,37,2026-08-08,[],
comp_0279c375e164,internal_sales,sold,Chaparral,21 SSI,2000,26.0,sterndrive,1235,Maritimes,very_good,17017.0,16493.45,18,2023-07-07,[],
comp_6f5fbecea77f,marketplace,listing,Carver,C40 Command Bridge,2007,42.48,sterndrive,4533,Atlantic Coast,very_good,104525.61,,47,2026-02-01,"[""autopilot"", ""radar"", ""trailer""]",
comp_a25de95a699b,marketplace,listing,Catalina,445,2015,31.17,inboard,380,Inland Lakes,fair,53552.86,,42,2025-10-02,[],
comp_5e2bc4febb16,marketplace,sold,Lund,1975 Impact,1973,17.83,inboard,4448,Pacific Coast,fair,3420.9,3114.46,36,2025-12-19,"[""generator"", ""solar"", ""trailer""]",
comp_a1cd1988a3f6,brokerage,sold,Lund,1975 Impact,1973,26.0,inboard,4380,Gulf Coast,very_good,9020.57,8534.16,21,2023-01-02,"[""AIS"", ""autopilot""]",
comp_2589cbd47549,marketplace,sold,Regal,26 XO,2006,20.61,sterndrive,1397,Inland Lakes,good,14260.02,13922.55,30,2025-07-18,"[""AIS"", ""radar""]",
comp_d7508fd84909,marketplace,sold,Sea Ray,SLX 260,2005,36.22,sterndrive,1348,Atlantic Coast,good,83110.8,79610.22,41,2026-01-01,"[""AIS""]",
comp_c583cfcef750,internal_sales,listing,Boston Whaler,280 Vantage,2005,26.0,outboard,1268,Gulf Coast,fair,15227.94,,120,2024-09-11,[],
comp_efdda39bb819,brokerage,sold,Sea Ray,Sundancer 320,1985,18.06,outboard,911,Great Lakes,good,6206.31,5274.05,52,2024-02-27,[],
comp_e95625393f4f,internal_sales,sold,Tiara,38 LS,2007,48.49,sterndrive,2398,Maritimes,excellent,167357.65,160932.45,22,2026-10-07,[],
comp_4b8e5919b5d8,marketplace,sold,Harris,Solstice 230,1991,24.68,outboard,439,Gulf Coast,good,8861.62,8504.55,41,2024-11-15,"[""autopilot"", ""solar"", ""radar""]",
comp_5ccdbe10b64d,marketplace,sold,Bayliner,Ciera 8,2015,19.47,sterndrive,331,Great Lakes,very_good,20188.75,17936.39,45,2026-06-26,"[""generator""]",
comp_2bbf145b39ae,marketplace,sold,Hunter,31,2025,33.67,inboard,0,Great Lakes,good,142098.04,133160.48,40,2023-02-13,"[""solar"", ""radar""]",
comp_07cb661a7955,marketplace,sold,Chaparral,280 OSX,1976,21.95,outboard,7205,Gulf Coast,very_good,6429.22,5517.44,40,2025-01-04,[],
comp_792c4ed790f2,marketplace,listing,Lund,1875 Pro-V,1990,21.45,inboard,5670,Great Lakes,fair,7343.22,,91,2023-05-02,"[""trailer"", ""autopilot""]",
comp_17d1d62a3f44,brokerage,sold,Tiara,38 LS,1992,42.27,inboard,999,Pacific Coast,excellent,97807.85,95571.65,10,2026-07-27,"[""radar""]",
comp_4cf5236a5e3e,internal_sales,sold,Sea Ray,Sundancer 320,2018,14.51,outboard,269,Inland Lakes,excellent,17617.25,14825.94,91,2023-11-28,[],
comp_5e50d298ed60,brokerage,listing,Formula,290 BR,2012,28.4,sterndrive,1244,Gulf Coast,very_good,77949.31,,30,2025-08-22,"[""solar"", ""trailer""]",
comp_2a3f45ff5dd2,marketplace,listing,Boston Whaler,170 Montauk,2014,20.48,outboard,555,Inland Lakes,fair,15844.13,,20,2026-10-17,"[""generator"", ""AIS""]",
comp_fa0e98a4ddf2,marketplace,listing,Sea Ray,SPX 190,2023,19.37,sterndrive,328,Atlantic Coast,poor,15487.1,,72,2026-08-18,"[""generator"", ""autopilot""]",
comp_dc9430ad4111,marketplace,sold,Sea Ray,SPX 190,2015,20.13,sterndrive,1768,Gulf Coast,good,46202.1,41555.58,39,2023-07-14,[],
comp_4cbaa2a397cb,marketplace,listing,Chaparral,280 OSX,2004,13.84,sterndrive,1569,Pacific Coast,excellent,8437.17,,10,2025-03-15,"[""generator""]",
comp_152ac42a5060,brokerage,sold,Tiara,44 Coupe,1970,30.27,sterndrive,3372,Great Lakes,good,31010.86,29956.39,243,2025-11-16,[],
comp_715f1cb3c7df,marketplace,listing,Bayliner,Element M17,1988,16.73,sterndrive,3227,Pacific Coast,fair,4223.52,,25,2024-01-18,[],
comp_65b60056567d,brokerage,sold,Sun Tracker,Party Barge 22 DLX,1973,21.14,outboard,1597,Great Lakes,fair,3018.61,2785.45,6,2025-06-11,"[""autopilot"", ""joystick""]",
comp_1a588aa9b560,brokerage,sold,Sea Ray,Sundancer 320,2025,34.3,inboard,92,Atlantic Coast,fair,152731.1,141183.73,53,2025-09-10,"[""joystick"", ""AIS"", ""solar""]",
comp_d37979d57204,brokerage,sold,Bayliner,Ciera 8,1971,18.64,sterndrive,1800,Great Lakes,poor,2071.17,1814.0,69,2023-01-07,"[""autopilot"", ""radar""]",
comp_d2342af8937c,brokerage,listing,Formula,350 CBR,1999,23.65,inboard,1211,Atlantic Coast,good,41207.14,,9,2026-01-26,[],
comp_c8c978821fbe,marketplace,sold,Sea Ray,Sundancer 320,1982,13.72,sterndrive,6638,Gulf Coast,good,11644.09,10796.36,55,2025-06-11,"[""autopilot""]",
comp_3694f9be624d,internal_sales,sold,Lund,1975 Impact,2020,19.15,outboard,270,Inland Lakes,excellent,29818.53,27358.01,8,2023-11-11,[],
comp_b55ecc4018c6,marketplace,sold,Lund,1975 Impact,2023,22.12,outboard,444,Inland Lakes,good,40687.95,36818.81,44,2024-12-13,"[""joystick""]",
comp_194a0eae5bc6,internal_sales,listing,SafeBoat,25 Defender,1985,9.56,outboard,2175,Maritimes,good,4810.82,,39,2026-12-17,[],
comp_23364b6a5e7b,internal_sales,sold,Boston Whaler,170 Montauk,2013,19.75,outboard,1157,Great Lakes,good,20933.24,18875.04,88,2023-10-17,"[""autopilot"", ""solar"", ""radar""]",
comp_f9a3e481e8c3,marketplace,sold,Jeanneau,Leader 10.5,2011,34.36,sail_aux,1524,Great Lakes,poor,48077.88,41029.53,38,2023-06-25,[],
comp_cc7a1a2bdfbb,internal_sales,sold,Catalina,275 Sport,1988,34.26,sail_aux,2874,Gulf Coast,poor,27267.24,23257.29,109,2023-10-08,[],
comp_504bb4d9c9d9,brokerage,sold,Lund,1650 Angler,1988,26.0,inboard,1860,Great Lakes,good,10813.03,9461.45,214,2026-02-05,"[""joystick"", ""solar""]",
comp_60cae4fb0750,internal_sales,sold,Hunter,36,1993,36.52,inboard,566,Atlantic Coast,very_good,61693.19,51967.99,55,2024-10-11,"[""radar""]",
comp_5f8d310540e3,marketplace,listing,Regal,LS4,1972,22.3,outboard,873,Gulf Coast,very_good,5589.42,,71,2025-03-07,"[""AIS"", ""solar""]",
comp_c56753465961,marketplace,listing,Regal,28 Express,2025,26.0,sterndrive,82,Inland Lakes,good,56600.2,,24,2024-10-23,"[""trailer"", ""generator""]",
comp_5725c15e2ad2,brokerage,sold,SafeBoat,25 Defender,1977,22.7,jet,10642,Pacific Coast,good,11855.26,10292.62,29,2026-09-22,[],
comp_ea45adf5ed45,marketplace,sold,Jeanneau,Leader 10.5,2007,29.23,inboard,1238,Great Lakes,excellent,69282.37,64569.96,48,2026-04-26,"[""joystick"", ""generator""]",
comp_0ec3005adef0,internal_sales,sold,Grady-White,257 Fisherman,1968,26.0,inboard,1672,Maritimes,good,6790.71,6206.1,41,2025-07-22,[],
comp_50742c10ebf4,marketplace,sold,Chaparral,280 OSX,1973,21.95,outboard,5837,Gulf Coast,fair,4780.27,4077.83,78,2024-05-19,"[""generator"", ""solar""]",
comp_b0b1dc3a4230,marketplace,sold,Carver,C40 Command Bridge,2005,24.64,inboard,567,Atlantic Coast,fair,38858.33,35415.4,94,2025-08-28,"[""trailer"", ""solar""]",
comp_1389c1ed0606,marketplace,sold,Formula,290 BR,2021,45.2,inboard,2053,Inland Lakes,fair,162032.93,158039.62,32,2026-01-01,[],
comp_3f0230c4905f,marketplace,listing,Boston Whaler,280 Vantage,2022,21.87,outboard,96,Great Lakes,very_good,43265.34,,45,2023-04-13,"[""generator"", ""radar""]",
comp_45c3b2140ebf,brokerage,listing,Jeanneau,Leader 10.5,2016,26.97,sail_aux,166,Inland Lakes,very_good,82929.76,,18,2025-10-21,"[""generator"", ""autopilot""]",
comp_cf58be55ff90,internal_sales,sold,Regal,LS4,2002,24.35,sterndrive,1240,Atlantic Coast,very_good,15741.77,15290.53,20,2025-10-03,[],
comp_bdbf5d51078a,marketplace,sold,Sea Ray,Sundancer 320,2014,19.44,outboard,254,Great Lakes,fair,12180.16,10926.58,9,2025-11-13,"[""radar"", ""AIS"", ""joystick""]",
comp_330c542267a0,brokerage,sold,Grady-White,191 CE,1969,17.54,inboard,7932,Pacific Coast,good,4191.26,3862.2,10,2023-04-12,"[""solar""]",
comp_47d01e28474f,marketplace,listing,Bayliner,VR5,2019,13.82,outboard,149,Inland Lakes,fair,10622.31,,129,2023-07-06,"[""joystick""]",
comp_fa2525abe373,brokerage,listing,Carver,C40 Command Bridge,2023,34.63,inboard,671,Pacific Coast,fair,100714.47,,48,2023-09-24,"[""solar"", ""autopilot""]",
comp_f17abe044c38,marketplace,sold,Sea Ray,SPX 190,1994,33.14,sterndrive,6589,Pacific Coast,very_good,52761.76,47502.01,89,2024-11-20,"[""joystick"", ""autopilot""]",
comp_ba0b6f92ef31,marketplace,sold,Tracker,Pro Team 175,2010,18.96,outboard,1594,Atlantic Coast,fair,10293.29,9538.41,26,2023-11-01,"[""AIS"", ""radar"", ""trailer""]",
comp_858270c85a43,brokerage,sold,Harris,Cruiser 210,2014,22.75,outboard,704,Great Lakes,very_good,16308.51,14272.83,110,2025-01-02,"[""trailer"", ""autopilot"", ""generator""]",
comp_f344306baf3e,marketplace,sold,Lund,1650 Angler,2018,23.64,inboard,437,Inland Lakes,very_good,33492.44,29374.35,21,2026-06-18,"[""autopilot"", ""AIS"", ""trailer""]",
comp_91dc0bb261aa,internal_sales,sold,Boston Whaler,230 Outrage,2008,29.5,inboard,458,Atlantic Coast,fair,23066.27,20027.47,59,2026-11-12,"[""autopilot"", ""generator"", ""radar""]",
comp_81dc9a819e9a,brokerage,sold,Regal,26 XO,2022,21.39,outboard,65,Gulf Coast,very_good,36398.27,33045.61,68,2023-12-01,"[""trailer"", ""generator"", ""joystick""]",
comp_aac82247eef1,brokerage,sold,Catalina,355,2026,37.01,inboard,63,Great Lakes,very_good,222393.12,214022.51,15,2026-01-03,"[""autopilot""]",
comp_999d5c279e4b,marketplace,sold,Catalina,355,1990,32.2,inboard,0,Maritimes,good,43555.5,40033.36,125,2024-03-28,"[""generator"", ""solar"", ""autopilot""]",
comp_bc53f41c8ee0,brokerage,sold,Lund,1875 Pro-V,2004,25.85,outboard,1826,Inland Lakes,good,17456.85,14849.36,50,2025-01-26,"[""generator""]",
comp_bcaa5b4860bf,marketplace,sold,Formula,290 BR,2016,45.2,inboard,1448,Inland Lakes,very_good,177885.62,161498.75,245,2023-12-26,"[""generator""]",
comp_bf06275d4f2d,marketplace,listing,Kawasaki Jet Ski,STX 160,2004,11.84,jet,109,Atlantic Coast,good,2586.07,,122,2025-11-15,"[""trailer""]",
comp_1dd895b5b6d5,marketplace,sold,HarborCat,26 WB,2011,12.82,outboard,2020,Gulf Coast,good,15901.14,15543.29,63,2024-01-08,[],
comp_30d48bceb484,brokerage,sold,Regal,LS4,2023,22.79,outboard,25,Gulf Coast,good,33165.29,29991.19,32,2025-01-08,[],
comp_66e386c39c6d,marketplace,sold,Chaparral,21 SSI,2005,22.77,sterndrive,586,Inland Lakes,poor,8442.28,7228.38,14,2024-05-19,"[""trailer"", ""generator""]",
comp_d8c6654a2065,brokerage,sold,Catalina,355,2024,30.96,inboard,67,Atlantic Coast,excellent,125739.3,122598.83,75,2026-02-04,"[""trailer"", ""solar""]",
comp_683d8a95989a,brokerage,listing,Carver,C34 Coupe,2021,27.97,sterndrive,231,Inland Lakes,very_good,119591.17,,23,2024-03-12,"[""trailer"", ""radar""]",
comp_b774b5134d00,brokerage,listing,Bennington,24 LXSB,1990,22.57,outboard,851,Inland Lakes,very_good,8156.13,,11,2024-06-18,"[""radar"", ""autopilot""]",
comp_86bffc078deb,marketplace,listing,Bayliner,DX2000,2000,20.83,sterndrive,1051,Atlantic Coast,poor,6592.98,,31,2025-02-17,"[""AIS"", ""joystick"", ""autopilot""]",
comp_484b2986b7a5,internal_sales,listing,Chaparral,23 SSi,2021,17.06,sterndrive,72,Gulf Coast,very_good,24838.81,,92,2023-07-16,"[""autopilot"", ""joystick"", ""AIS""]",
comp_c46313de8a88,internal_sales,listing,Regal,LS4,2021,20.67,outboard,393,Maritimes,good,27565.03,,41,2024-02-23,"[""AIS"", ""joystick"", ""trailer""]",
comp_a0cd0646b52d,marketplace,sold,Harris,Solstice 230,2007,20.29,outboard,513,Great Lakes,good,11527.7,9849.49,133,2023-01-07,"[""generator"", ""AIS"", ""joystick""]",
comp_348891dd86f4,brokerage,listing,Bayliner,DX2000,2023,24.01,sterndrive,91,Atlantic Coast,very_good,40143.7,,16,2025-10-05,[],
comp_81a749675ff1,brokerage,sold,Lund,1975 Impact,1991,21.26,outboard,3873,Atlantic Coast,fair,8189.89,7958.59,56,2023-03-26,[],
comp_bfa88e84f9ab,brokerage,sold,Bayliner,Ciera 8,1983,24.62,outboard,1541,Gulf Coast,good,7295.6,7093.27,222,2025-02-14,[],
comp_261e1d33f270,marketplace,sold,Regal,26 XO,2023,12.32,sterndrive,48,Pacific Coast,fair,7833.93,6666.82,20,2026-09-02,"[""radar"", ""generator""]",
comp_e24965d7d4e0,marketplace,sold,Sun Tracker,Bass Buggy 18 DLX,1982,22.11,outboard,3690,Inland Lakes,excellent,5493.02,4900.03,14,2024-01-16,"[""radar""]",
comp_573b5603fe25,internal_sales,sold,Regal,26 XO,2006,21.63,outboard,1181,Atlantic Coast,good,13786.19,12850.3,12,2024-10-11,"[""trailer"", ""autopilot"", ""AIS""]",
comp_0283ce825cac,internal_sales,sold,Catalina,275 Sport,1968,27.1,sail_aux,964,Great Lakes,fair,20880.55,20368.1,178,2024-08-15,"[""radar"", ""generator""]",
comp_fc4c33da6a29,brokerage,listing,Chaparral,21 SSI,1970,17.06,outboard,3562,Inland Lakes,good,3953.66,,27,2024-01-26,"[""generator"", ""trailer"", ""radar""]",
comp_2f1f4fe5d4c8,brokerage,sold,Sea-Doo,GTI 130,2021,12.02,jet,88,Inland Lakes,good,8476.54,7536.44,130,2025-10-22,"[""autopilot""]",
comp_d88b98a3ab75,brokerage,sold,Tracker,Grizzly 1860,1988,20.3,inboard,1659,Gulf Coast,fair,5382.99,4847.53,12,2025-04-15,"[""trailer"", ""generator""]",
comp_b892b369ed5a,marketplace,listing,Lund,1975 Impact,2014,21.27,outboard,346,Atlantic Coast,very_good,19860.93,,65,2023-08-18,"[""joystick"", ""generator""]",
comp_4ea97a526ec5,marketplace,sold,Sea Ray,SDX 250,2024,23.16,sterndrive,422,Pacific Coast,excellent,53606.44,50522.76,111,2024-12-14,"[""solar""]",
comp_7249d53f8d4c,marketplace,listing,Chaparral,23 SSi,2012,15.36,sterndrive,2201,Maritimes,fair,8490.83,,89,2026-09-24,"[""generator""]",
comp_f8965033b87f,internal_sales,sold,Sea-Doo,RXT-X 300,2023,11.14,jet,126,Gulf Coast,fair,6312.98,5379.89,64,2023-07-22,[],
comp_0c6d5fa11178,brokerage,sold,HarborCat,36 Pilot,1999,18.58,jet,4578,Atlantic Coast,good,20451.97,18800.49,30,2024-05-12,"[""trailer""]",
comp_c9f49c4a0d62,brokerage,sold,Beneteau,Oceanis 41.1,2001,36.23,inboard,0,Atlantic Coast,good,79629.4,69999.19,30,2026-05-04,"[""joystick""]",
comp_d2c883449c19,marketplace,sold,Tracker,Grizzly 1860,1991,21.96,inboard,1773,Great Lakes,good,10477.07,9291.4,31,2024-04-19,[],
comp_97192d65072a,brokerage,listing,Chaparral,280 OSX,1999,18.94,sterndrive,947,Maritimes,good,9678.26,,7,2024-12-08,"[""radar""]",
comp_1e56d9df4ef8,marketplace,listing,Formula,290 BR,2018,24.49,inboard,557,Atlantic Coast,good,66669.53,,38,2024-12-13,"[""generator"", ""solar"", ""autopilot""]",
comp_dc2cb4ae9ab0,brokerage,sold,Catalina,445,1982,43.11,inboard,1569,Maritimes,good,55235.87,49491.19,258,2025-05-21,"[""trailer"", ""generator"", ""solar""]",
comp_a6e267e63d19,marketplace,listing,Boston Whaler,170 Montauk,2009,24.01,outboard,336,Pacific Coast,excellent,28616.44,,58,2024-06-07,"[""AIS"", ""radar"", ""solar""]",
comp_09e912dd95d3,marketplace,sold,Boston Whaler,170 Montauk,2020,20.96,outboard,402,Maritimes,fair,26268.87,23605.59,135,2025-04-16,[],
comp_29e579214df0,brokerage,sold,Lund,1650 Angler,2018,18.28,outboard,671,Great Lakes,fair,15738.57,13576.36,20,2024-03-16,"[""joystick"", ""trailer"", ""AIS""]",
comp_6468e7ec1260,marketplace,sold,Tiara,38 LS,1988,26.95,sterndrive,7788,Atlantic Coast,very_good,44493.81,42677.11,16,2025-09-17,"[""generator"", ""radar"", ""AIS""]",
comp_d2a5785cd45a,marketplace,sold,Regal,LS4,2003,21.8,outboard,358,Inland Lakes,good,13523.16,13003.9,81,2026-04-07,"[""solar""]",
comp_afd16d105b92,marketplace,sold,Formula,290 BR,2008,33.9,inboard,801,Gulf Coast,good,78369.33,74078.05,32,2024-10-08,[],
comp_85d929fde74c,brokerage,sold,Tiara,38 LS,1992,41.8,sterndrive,1622,Inland Lakes,good,74051.29,62477.39,42,2023-11-07,"[""radar"", ""trailer"", ""generator""]",
comp_f87b07ecec2f,marketplace,sold,Jeanneau,Leader 10.5,2015,29.65,sail_aux,269,Atlantic Coast,good,82463.54,70084.71,33,2026-01-03,"[""trailer"", ""AIS""]",
comp_6f5882e12118,brokerage,sold,Carver,C40 Command Bridge,1999,34.04,inboard,2120,Pacific Coast,fair,42861.41,38717.24,38,2024-01-02,"[""solar"", ""joystick"", ""radar""]",
comp_23c0d1dc0096,marketplace,sold,Sea Ray,SPX 190,1975,16.45,sterndrive,3531,Pacific Coast,fair,3637.35,3283.18,21,2024-05-19,"[""trailer""]",
comp_19b4388f8e6f,brokerage,sold,Tiara,38 LS,2007,54.85,sterndrive,2519,Inland Lakes,good,176473.1,163024.98,18,2026-01-14,"[""solar"", ""AIS""]",
comp_ba806a341a94,brokerage,sold,Tracker,Targa V-18,2021,26.0,inboard,176,Maritimes,fair,29133.73,26620.43,32,2025-10-24,"[""AIS"", ""radar"", ""autopilot""]",
comp_47a47711e329,marketplace,sold,Chaparral,280 OSX,2023,12.74,outboard,121,Pacific Coast,good,14779.37,12601.45,83,2026-06-21,"[""joystick""]",
comp_f1036cbfbb81,brokerage,sold,Boston Whaler,230 Outrage,2018,21.02,outboard,557,Great Lakes,fair,21538.54,19261.15,25,2023-05-23,"[""generator""]",
comp_9515d932aec3,internal_sales,listing,Regal,LS4,2014,19.0,outboard,104,Gulf Coast,very_good,17359.12,,35,2025-04-15,"[""autopilot"", ""solar""]",
comp_46e1014cbd60,brokerage,sold,Bayliner,Element M17,2002,20.6,outboard,2270,Maritimes,good,10260.82,8837.25,29,2025-11-03,"[""joystick"", ""AIS""]",
comp_bcf1c06516ca,brokerage,sold,SafeBoat,25 Defender,2019,27.98,inboard,1980,Atlantic Coast,good,67855.12,61036.72,76,2026-09-05,"[""radar"", ""solar""]",
comp_d39877fcbc06,marketplace,sold,Chaparral,21 SSI,2022,19.23,outboard,133,Gulf Coast,poor,15982.99,14128.58,110,2023-08-26,"[""radar""]",
comp_0c141a5175ec,brokerage,sold,Carver,C40 Command Bridge,2010,24.64,inboard,874,Atlantic Coast,very_good,61144.32,57633.93,15,2023-10-23,[],
comp_5c263afabde5,internal_sales,sold,Carver,C34 Coupe,1973,40.56,sterndrive,5012,Pacific Coast,very_good,40617.2,36063.47,67,2024-05-11,"[""joystick""]",
comp_abd3fd04162a,marketplace,sold,Sun Tracker,Party Barge 22 DLX,2001,25.69,outboard,199,Maritimes,very_good,13032.02,12597.19,48,2024-09-23,[],
comp_004e55cd7581,marketplace,sold,Sun Tracker,Party Barge 22 DLX,2026,22.27,outboard,20,Great Lakes,good,44046.61,41412.64,96,2023-11-22,"[""autopilot"", ""radar"", ""generator""]",
comp_3a93c33106fd,brokerage,sold,Jeanneau,Leader 10.5,2010,34.36,sail_aux,1545,Great Lakes,fair,60987.25,54136.5,73,2024-12-27,"[""AIS"", ""radar""]",
comp_a7a1eaf825b9,marketplace,listing,Harris,Cruiser 210,2007,20.16,outboard,380,Pacific Coast,good,9185.35,,21,2024-04-10,"[""solar"", ""trailer"", ""AIS""]",
comp_e8ebff52928f,marketplace,sold,Boston Whaler,280 Vantage,2023,11.49,inboard,360,Maritimes,good,15915.86,13931.55,122,2025-11-24,"[""AIS""]",
comp_e0fb6dead6f4,marketplace,sold,Bayliner,VR5,2008,15.53,outboard,729,Atlantic Coast,fair,6716.94,6201.86,148,2025-05-24,[],
comp_292f914ad50a,marketplace,listing,Tracker,Targa V-18,2026,20.26,inboard,119,Pacific Coast,good,54738.37,,52,2023-08-18,"[""solar"", ""autopilot"", ""generator""]",
comp_52e387d5fb41,marketplace,listing,HarborCat,26 WB,2019,28.7,inboard,1194,Pacific Coast,poor,39542.39,,25,2023-07-16,[],
comp_76c1fea5edb4,internal_sales,listing,Hunter,31,2026,33.67,inboard,0,Great Lakes,very_good,158108.02,,63,2024-11-05,"[""autopilot""]",
comp_266bf8ee102c,marketplace,sold,Sea Ray,SPX 190,1981,22.39,outboard,832,Gulf Coast,fair,6142.63,5904.28,15,2026-04-01,[],
comp_4ae6bbd24d75,brokerage,listing,Lund,1875 Pro-V,1996,26.0,outboard,4438,Great Lakes,poor,8299.08,,16,2023-01-22,[],
comp_e51fc82be362,marketplace,sold,HarborCat,26 WB,2015,36.89,inboard,1688,Inland Lakes,very_good,99471.92,83952.28,84,2023-02-24,"[""joystick"", ""trailer""]",
comp_72ea161bd005,brokerage,sold,Sea Ray,SLX 260,1972,23.48,outboard,8168,Maritimes,good,5500.55,5336.8,117,2024-11-24,"[""radar""]",
comp_166a3f9171fb,marketplace,sold,Sun Tracker,Party Barge 22 DLX,2012,26.0,outboard,2688,Pacific Coast,poor,9096.05,8565.4,7,2024-01-27,"[""solar"", ""generator""]",
comp_3a150ec0a161,marketplace,listing,Bayliner,VR5,2009,26.0,outboard,764,Maritimes,fair,16109.05,,88,2026-01-24,"[""AIS"", ""trailer"", ""autopilot""]",
comp_37f2a3c103da,marketplace,listing,Lund,1975 Impact,1981,23.26,inboard,6356,Atlantic Coast,good,7266.29,,52,2024-06-12,[],
comp_634bbac8c16d,marketplace,listing,Harris,Cruiser 210,1989,15.89,outboard,2296,Maritimes,fair,3150.31,,111,2025-10-10,[],
comp_70680d8aeb8e,brokerage,listing,Beneteau,First 27,1990,15.33,sail_aux,2565,Gulf Coast,good,17984.71,,192,2025-02-11,"[""AIS"", ""joystick"", ""solar""]",
comp_b420acdaaee2,brokerage,sold,Bayliner,Ciera 8,2005,26.0,outboard,762,Great Lakes,poor,9121.94,7767.91,153,2024-09-01,"[""generator"", ""solar""]",
comp_cfd07ac6eb12,marketplace,listing,Harris,Cruiser 210,2008,11.14,outboard,731,Maritimes,fair,4021.84,,45,2026-03-28,[],
comp_42c5709eddf4,brokerage,listing,Grady-White,191 CE,1988,21.82,inboard,9040,Great Lakes,good,8448.82,,34,2024-11-13,[],
comp_719fceafc567,marketplace,sold,Regal,28 Express,2010,17.82,outboard,855,Maritimes,very_good,13799.55,12187.47,54,2026-07-18,"[""solar"", ""trailer"", ""generator""]",
comp_ce271bac1891,marketplace,sold,Regal,28 Express,2000,20.87,sterndrive,746,Gulf Coast,fair,9099.84,7828.5,80,2024-12-13,"[""AIS"", ""joystick"", ""radar""]",
comp_9fa6cce10452,marketplace,listing,Chaparral,280 OSX,1986,22.97,sterndrive,1673,Inland Lakes,fair,7385.9,,20,2025-10-10,"[""joystick""]",
comp_e9b3bd47b1f6,marketplace,listing,Hunter,36,2017,20.5,sail_aux,565,Inland Lakes,excellent,43223.31,,154,2024-08-02,"[""radar"", ""generator""]",
comp_20772e7dccf4,marketplace,sold,Tiara,44 Coupe,2009,38.37,sterndrive,2649,Gulf Coast,very_good,112880.47,110127.85,70,2024-04-20,"[""radar""]",
comp_e0a3a13538b0,marketplace,listing,Tracker,Pro Team 175,2014,17.92,inboard,439,Atlantic Coast,fair,11936.0,,36,2025-05-13,"[""AIS"", ""solar"", ""joystick""]",
comp_cc824e244456,marketplace,listing,Bennington,22 SSB,2020,22.41,outboard,217,Gulf Coast,fair,11642.3,,25,2023-04-21,"[""radar"", ""generator"", ""solar""]",
comp_4fb9a40e1df0,brokerage,listing,Sea Ray,Sundancer 320,1995,38.55,sterndrive,2827,Maritimes,excellent,77846.28,,21,2023-01-23,[],
comp_9a178903d170,brokerage,sold,Jeanneau,Leader 10.5,2026,35.89,inboard,0,Maritimes,very_good,121147.01,115702.22,42,2025-06-14,[],
comp_7f1f39d33fb0,marketplace,sold,Bayliner,VR5,2016,20.22,outboard,415,Pacific Coast,fair,12326.52,11133.63,74,2025-02-25,[],
comp_20d02d425373,brokerage,sold,Chaparral,280 OSX,1979,21.95,outboard,3204,Gulf Coast,very_good,8157.04,7192.92,27,2025-05-20,[],
comp_31b2d1ad3ad4,brokerage,sold,Beneteau,First 27,1990,30.57,sail_aux,3289,Inland Lakes,fair,37420.23,34754.94,243,2026-10-20,"[""AIS"", ""solar"", ""joystick""]",
comp_8e276d6559c3,brokerage,listing,Harris,Cruiser 210,2011,11.14,outboard,904,Maritimes,good,5435.56,,241,2023-11-01,[],
comp_19c71ba4e655,marketplace,sold,Sun Tracker,Party Barge 22 DLX,1983,22.31,outboard,1515,Inland Lakes,poor,3234.49,2787.08,17,2026-01-28,"[""trailer""]",
comp_da3e7c79fc3d,brokerage,listing,Carver,C40 Command Bridge,2025,34.59,inboard,419,Atlantic Coast,very_good,225390.56,,51,2023-12-17,"[""trailer""]",
comp_f1267307cf15,brokerage,sold,Chaparral,23 SSi,1989,14.93,sterndrive,3617,Great Lakes,fair,5085.78,4594.41,75,2025-01-11,"[""autopilot"", ""AIS"", ""solar""]",
comp_2d40c1ed4a52,marketplace,sold,Tracker,Targa V-18,1997,21.17,outboard,1635,Maritimes,good,10951.2,9482.19,23,2025-05-15,"[""autopilot"", ""solar"", ""trailer""]",
comp_fd621f62bc74,marketplace,sold,Tiara,38 LS,2010,38.49,inboard,2288,Atlantic Coast,good,104598.05,93819.14,16,2024-05-18,[],
comp_1852add6064d,brokerage,sold,Parker,2820 XLD,2013,27.76,inboard,1780,Pacific Coast,very_good,52042.36,45928.64,67,2024-12-09,[],
comp_5e6a47b2c119,marketplace,sold,Bayliner,Ciera 8,1999,21.4,sterndrive,1865,Pacific Coast,very_good,12215.79,11663.94,66,2026-10-25,"[""AIS""]",
comp_554139d7d96c,brokerage,sold,Regal,28 Express,1999,18.22,sterndrive,757,Pacific Coast,very_good,11636.12,10855.84,57,2026-11-09,"[""generator"", ""AIS"", ""radar""]",
comp_a9c2943d8271,marketplace,sold,Sun Tracker,Bass Buggy 18 DLX,1984,26.0,outboard,2034,Atlantic Coast,good,6274.8,5804.86,31,2025-02-12,"[""autopilot""]",
comp_bb32b1a97ace,marketplace,listing,Bennington,24 LXSB,2005,26.0,outboard,265,Great Lakes,fair,10878.59,,55,2024-07-14,"[""solar"", ""autopilot""]",
comp_9f14a06ae852,marketplace,sold,Lund,1875 Pro-V,2008,25.69,outboard,2370,Pacific Coast,very_good,21154.21,20615.67,33,2023-06-22,[],
comp_f7909d1ecb2b,brokerage,sold,Sea Ray,SPX 190,1977,35.14,sterndrive,3053,Pacific Coast,fair,31667.13,30066.72,41,2024-03-07,"[""AIS""]",
comp_48f1eeb904a6,marketplace,sold,Harris,Solstice 230,1991,26.0,outboard,605,Great Lakes,fair,6382.72,6042.52,25,2026-11-12,"[""trailer"", ""generator""]",
comp_be3da81c9e5c,marketplace,sold,Chaparral,280 OSX,2006,13.84,sterndrive,1080,Pacific Coast,fair,6909.89,6554.32,44,2025-09-12,"[""joystick"", ""solar"", ""radar""]",
comp_c4d52d3ef7d6,brokerage,sold,Sea Ray,Sundancer 320,1965,28.06,sterndrive,3313,Gulf Coast,fair,16345.03,14115.51,29,2023-04-19,"[""generator"", ""solar""]",
comp_b65d37d057c3,marketplace,sold,Formula,350 CBR,2013,37.7,sterndrive,659,Inland Lakes,very_good,117223.29,114245.41,65,2025-02-07,"[""radar""]",
comp_2e18ab8cddcd,marketplace,sold,Chaparral,21 SSI,2019,21.28,outboard,265,Inland Lakes,poor,12520.28,12032.05,29,2023-02-26,[],
comp_e2b37603205f,marketplace,sold,Boston Whaler,170 Montauk,2025,23.89,inboard,0,Gulf Coast,good,71548.29,65780.62,80,2023-11-19,"[""AIS"", ""solar"", ""radar""]",
comp_38974eff4968,marketplace,listing,Hunter,36,2014,21.27,inboard,26,Atlantic Coast,good,34348.81,,47,2024-09-19,"[""trailer""]",
comp_c7c2e1e5344d,brokerage,sold,Chaparral,21 SSI,1982,19.37,sterndrive,2233,Pacific Coast,good,6198.42,5600.22,42,2024-02-26,"[""radar"", ""generator""]",
comp_d518fd003118,marketplace,sold,Tracker,Grizzly 1860,1994,20.3,inboard,2170,Gulf Coast,good,9565.12,9002.83,43,2024-02-28,[],
comp_ef590600be98,marketplace,sold,HarborCat,36 Pilot,1976,19.74,inboard,12429,Maritimes,good,9896.29,9218.41,57,2024-12-09,"[""autopilot"", ""AIS""]",
comp_1db35c39dcb5,brokerage,listing,SafeBoat,33 Full Cabin,2017,32.35,outboard,1207,Atlantic Coast,good,83585.12,,21,2024-03-21,"[""radar"", ""trailer"", ""generator""]",
comp_d140fac9c8bb,marketplace,sold,Jeanneau,Sun Odyssey 349,1986,32.48,inboard,1172,Inland Lakes,fair,37866.65,33312.06,23,2024-01-08,"[""AIS""]",
comp_6852581cc47b,brokerage,sold,Grady-White,191 CE,1977,30.78,inboard,4311,Gulf Coast,poor,5204.09,4734.57,45,2023-10-24,"[""solar"", ""AIS""]",
comp_e727c96e8ec3,marketplace,sold,Hunter,31,1969,26.62,inboard,1484,Great Lakes,fair,19319.95,17031.53,37,2025-08-28,[],
comp_d46836236c2d,brokerage,listing,Chaparral,21 SSI,1999,17.47,outboard,3341,Atlantic Coast,good,8903.19,,51,2025-08-22,"[""solar"", ""autopilot""]",
comp_66c62726e765,internal_sales,sold,Tiara,38 LS,1980,39.32,sterndrive,1408,Maritimes,poor,27657.54,24340.9,21,2024-03-22,[],
comp_c60ebf926429,marketplace,sold,Chaparral,280 OSX,2008,20.94,outboard,513,Gulf Coast,good,16461.38,14571.56,17,2024-10-01,"[""radar"", ""trailer"", ""autopilot""]",
comp_63e2edfba3a0,brokerage,listing,Yamaha WaveRunner,FX HO,2007,12.45,jet,1225,Pacific Coast,fair,2426.15,,30,2026-10-05,"[""solar"", ""autopilot"", ""trailer""]",
comp_abd40f30d9b9,marketplace,sold,Lund,1875 Pro-V,2015,16.12,outboard,1378,Inland Lakes,good,13921.64,12185.46,19,2025-11-04,"[""autopilot"", ""trailer""]",
comp_888cc1d59abe,marketplace,listing,Bayliner,VR5,1977,21.56,sterndrive,1045,Gulf Coast,good,6341.82,,74,2023-05-17,"[""trailer""]",
comp_c99f9932504d,brokerage,sold,Harris,Cruiser 210,1972,22.04,outboard,109,Great Lakes,good,4464.62,3935.47,38,2026-10-12,"[""solar"", ""radar"", ""autopilot""]",
comp_5ad6a613b440,internal_sales,sold,Sea Ray,Sundancer 320,2001,23.6,sterndrive,1975,Pacific Coast,good,41224.39,37656.87,55,2024-01-07,"[""generator"", ""solar"", ""joystick""]",
comp_4ea8ba828486,marketplace,sold,Catalina,355,2019,33.06,sail_aux,84,Pacific Coast,very_good,96930.48,94667.35,7,2023-03-22,"[""solar"", ""autopilot""]",
comp_3c018ebfcb00,marketplace,sold,Formula,350 CBR,2006,26.09,inboard,1474,Pacific Coast,fair,39712.03,37507.88,197,2025-12-16,"[""generator"", ""trailer"", ""AIS""]",
comp_02de468775f6,brokerage,sold,Grady-White,257 Fisherman,1992,24.71,inboard,721,Atlantic Coast,good,11072.36,10574.71,107,2024-12-07,"[""AIS"", ""trailer""]",
comp_7bef98136c25,marketplace,listing,Parker,2320 Sport Cabin,1984,41.12,outboard,2678,Atlantic Coast,fair,32927.59,,50,2023-11-13,[],
comp_314985ad7c10,marketplace,sold,Sea Ray,Sundancer 320,1987,15.1,sterndrive,1484,Atlantic Coast,good,5503.2,5292.85,51,2024-06-09,"[""solar""]",
comp_1e3b6a61b8fc,internal_sales,sold,Sea Ray,SDX 250,2021,22.75,sterndrive,334,Inland Lakes,poor,15966.5,15618.75,40,2026-01-23,[],
comp_787db22c8b65,brokerage,listing,Grady-White,191 CE,2021,26.0,inboard,784,Pacific Coast,excellent,50025.07,,51,2023-09-12,"[""radar"", ""joystick""]",
comp_2ae379204064,internal_sales,listing,Beneteau,Oceanis 41.1,1983,40.11,sail_aux,1171,Atlantic Coast,poor,29923.0,,56,2024-12-22,"[""AIS"", ""autopilot""]",
comp_4316468f65ae,marketplace,sold,Catalina,445,1971,29.28,inboard,1354,Great Lakes,good,30616.92,29663.45,19,2024-09-12,"[""solar"", ""joystick"", ""generator""]",
comp_ddc241672fff,marketplace,sold,Regal,26 XO,2017,19.0,sterndrive,1560,Great Lakes,very_good,22978.47,19758.43,85,2025-01-26,"[""radar""]",
comp_488d1aee82cb,marketplace,listing,Tiara,38 LS,2006,50.79,inboard,668,Pacific Coast,excellent,182753.0,,35,2026-10-28,[],
comp_ae7c431df5e3,marketplace,sold,Bennington,22 SSB,2024,22.41,outboard,143,Gulf Coast,excellent,27083.63,25858.92,19,2025-12-25,"[""radar"", ""autopilot""]",
comp_2c8a47f96fe9,marketplace,sold,Carver,C40 Command Bridge,1978,33.37,inboard,5167,Pacific Coast,good,32966.02,28324.6,47,2025-08-14,"[""generator"", ""solar"", ""trailer""]",
comp_3ed504d52770,internal_sales,sold,Lund,1875 Pro-V,2000,12.93,inboard,796,Maritimes,excellent,6709.83,6301.13,56,2024-06-28,"[""AIS"", ""trailer""]",
comp_527d351a2d6d,internal_sales,sold,Jeanneau,Leader 10.5,2009,34.36,sail_aux,2181,Great Lakes,excellent,100837.15,94221.38,47,2026-05-26,"[""generator""]",
comp_8f49c2a9709a,brokerage,listing,Tracker,Targa V-18,1963,22.16,outboard,4820,Great Lakes,fair,3090.52,,45,2025-04-08,[],
comp_e9564c982425,internal_sales,listing,Alumacraft Pro,205 Bay,2006,25.68,inboard,1835,Gulf Coast,excellent,41845.36,,54,2024-07-22,"[""trailer"", ""generator""]",
comp_23e23649fa61,brokerage,sold,Grady-White,336 Canyon,1978,19.95,outboard,2833,Pacific Coast,very_good,6695.87,5732.79,14,2025-07-22,"[""radar""]",
comp_f790e18a91cd,marketplace,sold,Chaparral,21 SSI,2015,24.42,sterndrive,746,Atlantic Coast,good,22402.8,20265.01,22,2025-01-13,"[""joystick""]",
comp_634239473e7e,marketplace,sold,Tiara,44 Coupe,2023,32.54,inboard,119,Gulf Coast,very_good,183145.29,154759.44,44,2025-05-17,[],
comp_5bc705a524f3,marketplace,sold,Beneteau,First 27,1968,27.27,inboard,0,Gulf Coast,fair,18011.8,16475.61,78,2024-12-03,"[""joystick""]",
comp_d211e4c7ff29,marketplace,sold,Sun Tracker,Bass Buggy 18 DLX,2024,26.0,outboard,11,Gulf Coast,fair,25646.48,23633.22,20,2023-11-08,"[""solar""]",
comp_8640f21b8d15,marketplace,sold,Bennington,20 SVL,2000,26.0,outboard,516,Maritimes,very_good,13982.04,11777.43,61,2026-10-03,"[""generator""]",
comp_310550f25e02,marketplace,sold,Boston Whaler,170 Montauk,2026,22.45,inboard,77,Atlantic Coast,very_good,82179.08,73055.89,51,2025-07-17,"[""trailer"", ""autopilot"", ""AIS""]",
comp_d1970e43d477,marketplace,sold,Lund,1650 Angler,2020,23.64,inboard,625,Inland Lakes,good,32888.35,28124.76,26,2025-11-19,"[""autopilot"", ""AIS""]",
comp_08260b3d990e,marketplace,sold,Bayliner,VR5,2023,13.82,outboard,146,Inland Lakes,good,18463.0,17716.88,81,2026-02-15,"[""trailer"", ""radar"", ""joystick""]",
comp_6a9bc7454a45,marketplace,listing,Harris,Cruiser 210,2004,17.02,outboard,463,Gulf Coast,very_good,5486.65,,27,2026-08-23,"[""solar""]",
comp_9752e3c6edf1,marketplace,sold,Sea Ray,Sundancer 320,1990,38.55,sterndrive,4425,Maritimes,good,52658.35,44350.55,59,2025-11-03,"[""generator"", ""autopilot"", ""solar""]",
comp_a213d7d4f801,marketplace,sold,Formula,350 CBR,2015,37.7,sterndrive,1390,Inland Lakes,fair,99756.01,96240.26,22,2023-08-26,[],
comp_66765fd4ceaa,brokerage,sold,Sun Tracker,Bass Buggy 18 DLX,2014,25.22,outboard,1443,Inland Lakes,good,14548.21,12383.24,65,2025-06-09,"[""joystick"", ""solar""]",
comp_d90886f5662f,marketplace,listing,Bayliner,Ciera 8,1986,19.44,sterndrive,3662,Maritimes,good,6120.14,,86,2023-02-02,"[""AIS"", ""trailer"", ""solar""]",
comp_ab2b9b483e48,marketplace,sold,Sea Ray,SDX 250,2000,25.22,inboard,634,Inland Lakes,good,40171.42,36936.77,36,2023-03-12,[],
comp_d90fd6692b41,marketplace,sold,Catalina,445,2016,31.17,inboard,350,Inland Lakes,good,73500.82,70530.9,63,2026-10-20,[],
comp_5c2030c6ecac,marketplace,sold,Chaparral,23 SSi,2005,24.79,outboard,567,Pacific Coast,good,16365.24,14719.25,61,2025-08-21,[],
comp_185edce2d3ae,marketplace,sold,Lund,1875 Pro-V,1974,18.82,inboard,11151,Gulf Coast,very_good,4972.83,4849.53,83,2026-03-03,[],
comp_85841a83ec35,marketplace,sold,Bennington,22 SSB,2003,18.23,outboard,1785,Pacific Coast,good,5352.32,5030.82,26,2023-12-11,"[""radar""]",
comp_e87995589c57,brokerage,sold,SafeBoat,25 Defender,2001,38.78,outboard,9541,Inland Lakes,fair,49001.54,46339.5,65,2023-12-16,[],
comp_43695fdbcb41,marketplace,sold,Tracker,Grizzly 1860,1979,22.48,inboard,6812,Gulf Coast,very_good,6640.73,6264.71,92,2026-11-15,"[""generator"", ""trailer"", ""AIS""]",
comp_e72ca6d0ab91,marketplace,sold,Sea Ray,Sundancer 320,2011,33.2,sterndrive,1482,Atlantic Coast,good,86896.16,73410.89,26,2024-12-26,"[""trailer""]",
comp_62e616b2ea61,marketplace,sold,Sea Ray,SPX 190,2019,42.86,sterndrive,807,Great Lakes,fair,109733.41,93038.37,7,2026-06-07,"[""solar"", ""radar""]",
comp_5d3c5b5fdc74,brokerage,listing,Catalina,445,2013,45.39,inboard,704,Great Lakes,fair,95865.94,,43,2026-07-07,[],
comp_cc74dafb93cf,marketplace,sold,Grady-White,191 CE,2005,19.85,inboard,992,Gulf Coast,good,12687.74,10845.57,107,2025-02-27,"[""AIS""]",
comp_3b13a6403113,brokerage,sold,Bayliner,Element M17,1987,22.49,sterndrive,1663,Great Lakes,very_good,9839.43,8590.28,82,2025-12-02,[],
comp_7c7b7c672f78,marketplace,listing,Sun Tracker,Bass Buggy 18 DLX,1968,19.21,outboard,3317,Great Lakes,good,2592.71,,60,2024-01-25,"[""AIS"", ""generator""]",
comp_f7a070ad45e0,marketplace,sold,Harris,Cruiser 210,2026,20.23,outboard,0,Gulf Coast,excellent,48421.07,43422.99,47,2025-11-23,"[""autopilot"", ""AIS"", ""solar""]",
comp_facd08359575,marketplace,sold,Tracker,Pro Team 175,2005,25.57,outboard,4212,Gulf Coast,poor,8521.67,7225.53,46,2023-06-22,"[""AIS"", ""generator""]",
comp_1b5e24a5fbed,marketplace,sold,Sea Ray,SLX 260,2000,17.97,outboard,1740,Gulf Coast,good,10754.79,9820.33,63,2026-11-24,"[""generator"", ""autopilot"", ""AIS""]",
comp_5d540053fb10,brokerage,sold,Grady-White,257 Fisherman,1975,17.61,outboard,2968,Inland Lakes,good,4697.99,4100.46,46,2024-03-26,[],
comp_66a7d67f894d,brokerage,sold,Formula,350 CBR,2015,43.56,inboard,363,Inland Lakes,good,162074.33,146082.98,202,2025-12-23,"[""autopilot"", ""AIS"", ""solar""]",
comp_30325bfeebe4,marketplace,listing,Jeanneau,Leader 10.5,2019,33.93,sail_aux,352,Inland Lakes,poor,56779.76,,33,2026-02-18,"[""trailer"", ""generator"", ""radar""]",
comp_fed0538d576f,marketplace,sold,Regal,LS4,1989,23.97,sterndrive,3221,Maritimes,good,10725.69,9328.04,12,2025-09-05,"[""autopilot"", ""radar""]",
comp_3c3ff3b3ab62,brokerage,sold,Kawasaki Jet Ski,STX 160,2016,11.64,jet,69,Atlantic Coast,good,3705.69,3188.01,67,2025-09-27,"[""AIS""]",
comp_ead0232dbe00,brokerage,sold,Tracker,Grizzly 1860,1980,13.78,outboard,2664,Pacific Coast,fair,3111.44,2846.18,35,2025-06-22,"[""AIS"", ""radar"", ""autopilot""]",
comp_57ad63c08792,brokerage,sold,Lund,1875 Pro-V,2003,12.93,inboard,1235,Maritimes,good,6423.39,5814.99,202,2026-06-10,"[""autopilot""]",
comp_c771c3f0bbd3,marketplace,listing,Sea Ray,Sundancer 320,2005,32.53,inboard,1490,Maritimes,poor,40849.61,,16,2023-11-10,[],
comp_9cba01839f01,internal_sales,sold,Chaparral,280 OSX,1968,21.72,sterndrive,2763,Atlantic Coast,fair,3678.14,3407.74,10,2024-11-22,[],
comp_f9a52e216040,brokerage,listing,Grady-White,191 CE,2019,26.0,outboard,1209,Great Lakes,fair,27736.69,,50,2024-08-23,"[""trailer"", ""autopilot""]",
comp_d89d7aa86159,internal_sales,listing,Hunter,36,1997,26.08,sail_aux,1891,Inland Lakes,poor,21991.41,,91,2025-11-21,"[""joystick"", ""autopilot""]",
comp_b33cde4b75db,internal_sales,listing,Hunter,31,2009,24.67,inboard,218,Gulf Coast,very_good,51347.22,,34,2024-11-03,[],
comp_64906fce3954,marketplace,sold,Catalina,445,2014,17.69,sail_aux,0,Pacific Coast,poor,18664.39,18016.18,50,2026-06-09,[],
comp_731819ea900b,marketplace,listing,Regal,26 XO,2012,25.36,outboard,676,Inland Lakes,good,22321.45,,51,2023-05-12,[],
comp_fe8a10feb10d,brokerage,listing,Sea Ray,SLX 260,2016,36.71,sterndrive,1049,Gulf Coast,fair,72147.16,,183,2025-10-01,"[""radar"", ""AIS""]",
comp_8c8ba8ebf479,internal_sales,sold,Boston Whaler,170 Montauk,2010,23.16,outboard,2680,Atlantic Coast,very_good,25733.97,22236.9,56,2023-12-10,"[""solar"", ""AIS""]",
comp_69adb9662113,marketplace,sold,Formula,350 CBR,2000,28.55,sterndrive,460,Inland Lakes,excellent,73006.16,62992.89,38,2026-04-02,"[""generator"", ""AIS""]",
comp_fa01f16c510f,brokerage,sold,Tracker,Pro Team 175,2026,21.59,outboard,107,Maritimes,good,49330.77,43353.54,94,2026-09-15,"[""trailer"", ""generator"", ""radar""]",
comp_d55c16d279f6,brokerage,sold,Sun Tracker,Party Barge 22 DLX,2026,23.23,outboard,111,Maritimes,fair,33124.65,30192.9,56,2025-02-03,"[""trailer"", ""solar"", ""radar""]",
comp_a6152088a7a7,marketplace,sold,Harris,Solstice 230,2010,25.48,outboard,3049,Atlantic Coast,fair,10591.85,9110.38,39,2025-12-19,"[""autopilot"", ""joystick""]",
comp_b1a64125a9ca,internal_sales,sold,Beneteau,Oceanis 41.1,2018,34.68,inboard,494,Inland Lakes,good,116032.26,108257.29,34,2026-02-01,"[""solar"", ""generator""]",
comp_2276ead1a59d,brokerage,sold,Sea Ray,SPX 190,2006,19.34,outboard,256,Maritimes,good,11543.45,10104.0,40,2023-08-01,"[""generator"", ""solar""]",
comp_7ef2370fbcf6,marketplace,sold,Bayliner,Element M17,1999,13.93,outboard,1339,Maritimes,good,6624.0,5875.54,90,2023-05-12,"[""autopilot"", ""trailer""]",
comp_64b456a1d41f,marketplace,sold,HarborCat,26 WB,2003,26.58,jet,3013,Gulf Coast,poor,19073.34,16401.73,118,2026-12-08,"[""trailer"", ""radar""]",
comp_ca921a861d86,internal_sales,listing,Harris,Cruiser 210,2014,17.66,outboard,319,Maritimes,excellent,12265.75,,85,2024-05-14,"[""joystick"", ""generator""]",
comp_b7e5b84f6bfd,brokerage,listing,Alumacraft Pro,Trophy 195,2008,17.13,outboard,1153,Inland Lakes,very_good,26203.88,,60,2024-04-24,"[""radar""]",
comp_a6314752c1ea,internal_sales,sold,Tiara,38 LS,2011,48.49,sterndrive,2041,Maritimes,good,129948.41,110163.31,37,2023-09-27,[],
comp_65cd92e4f90c,marketplace,listing,Bayliner,DX2000,2021,24.64,outboard,986,Maritimes,fair,27060.44,,25,2023-01-28,"[""trailer"", ""radar"", ""generator""]",
comp_8d2b4594513c,marketplace,listing,Grady-White,336 Canyon,2026,24.67,inboard,116,Atlantic Coast,very_good,75270.88,,54,2026-01-12,"[""trailer""]",
comp_26fbb5faa846,internal_sales,sold,Sun Tracker,Party Barge 22 DLX,2014,19.76,outboard,455,Maritimes,very_good,12252.85,10936.81,20,2026-10-22,"[""solar"", ""joystick""]",
comp_ba660f87fa02,brokerage,listing,Sun Tracker,Party Barge 22 DLX,2002,25.69,outboard,238,Maritimes,good,9848.49,,80,2025-05-20,"[""generator"", ""joystick""]",
comp_d9f130b5cdaa,brokerage,sold,Chaparral,23 SSi,1972,26.0,outboard,414,Inland Lakes,fair,6174.76,5957.51,14,2024-07-22,"[""joystick"", ""trailer""]",
comp_9f247d432e37,brokerage,sold,Boston Whaler,280 Vantage,1973,26.0,outboard,6467,Atlantic Coast,excellent,10570.63,9670.63,37,2024-07-12,[],
comp_ca186c5b23bd,marketplace,listing,Bennington,22 SSB,1988,13.54,outboard,1306,Maritimes,very_good,3714.84,,86,2024-04-06,"[""generator""]",
comp_777836c6d141,brokerage,listing,Formula,350 CBR,2005,26.37,sterndrive,1677,Pacific Coast,excellent,71253.36,,54,2023-10-18,"[""joystick"", ""radar""]",
comp_449df48cce76,brokerage,sold,Sea Ray,SPX 190,1973,13.35,sterndrive,3435,Maritimes,poor,1497.1,1433.9,59,2024-02-10,"[""generator"", ""solar"", ""trailer""]",
comp_b19376f7e215,brokerage,sold,Beneteau,Oceanis 31,2009,34.44,sail_aux,109,Atlantic Coast,good,84579.62,81475.22,70,2026-01-22,"[""radar"", ""generator""]",
comp_6a96299a5aae,marketplace,sold,Tracker,Grizzly 1860,2013,20.43,outboard,1025,Pacific Coast,poor,9280.49,8116.94,94,2024-03-27,[],
comp_a68650cf698f,marketplace,sold,Sea Ray,SPX 190,2002,21.85,outboard,327,Pacific Coast,poor,7496.41,6365.66,59,2024-04-01,[],
comp_5fdd2c886555,brokerage,listing,Hunter,36,1984,27.88,inboard,1793,Maritimes,good,29326.24,,14,2024-10-28,[],
comp_7755b95428a2,marketplace,sold,Hunter,31,2003,28.0,sail_aux,484,Maritimes,very_good,49138.75,41446.67,45,2023-11-08,"[""joystick""]",
comp_ee966459116b,internal_sales,sold,Chaparral,280 OSX,1994,22.34,outboard,151,Maritimes,good,9634.79,8993.46,62,2026-01-11,"[""generator""]",
comp_c5c0f5f9c2ac,brokerage,sold,Beneteau,Oceanis 31,2012,34.44,sail_aux,114,Atlantic Coast,poor,44982.28,40947.27,96,2023-09-19,"[""generator"", ""trailer""]",
comp_61d2cf0664bf,marketplace,listing,Regal,LS4,2021,17.23,sterndrive,150,Pacific Coast,good,22595.68,,89,2023-12-11,"[""joystick""]",
comp_a4442fd0bb85,marketplace,listing,Sun Tracker,Bass Buggy 18 DLX,2015,26.0,outboard,742,Great Lakes,very_good,18112.61,,30,2024-04-28,[],
comp_3f1051bf6f1b,brokerage,listing,Lund,1975 Impact,1972,17.83,inboard,6765,Pacific Coast,good,4582.75,,43,2023-12-14,"[""solar"", ""trailer"", ""generator""]",
comp_24043c759c2e,brokerage,sold,Sea Ray,SLX 260,2011,20.39,inboard,1787,Gulf Coast,excellent,44390.25,41343.81,35,2024-06-07,"[""generator"", ""autopilot""]",
comp_9dd15abae2b5,marketplace,listing,Tiara,44 Coupe,1999,38.79,sterndrive,1497,Maritimes,fair,66449.43,,17,2026-08-13,"[""solar"", ""autopilot"", ""generator""]",
comp_1020142fb67e,marketplace,listing,Lund,1975 Impact,1968,17.83,inboard,4856,Pacific Coast,fair,2743.83,,83,2026-10-28,"[""radar""]",
comp_eb7cf2368a82,marketplace,sold,Jeanneau,Sun Odyssey 349,2010,36.77,sail_aux,328,Gulf Coast,good,94593.63,82944.82,5,2026-09-23,"[""autopilot"", ""radar"", ""generator""]",
comp_c48941cf8822,brokerage,sold,Jeanneau,Leader 10.5,2020,30.83,sail_aux,271,Inland Lakes,good,104031.97,96924.0,49,2026-01-18,"[""joystick"", ""radar"", ""autopilot""]",
comp_8a6e8149301a,brokerage,listing,Chaparral,23 SSi,1991,17.21,sterndrive,2705,Atlantic Coast,fair,5396.97,,77,2023-03-05,[],
comp_57bbf1cbedb4,marketplace,listing,Sun Tracker,Bass Buggy 18 DLX,1981,22.11,outboard,1807,Inland Lakes,very_good,5582.21,,62,2023-01-11,"[""AIS""]",
comp_118e5773012b,internal_sales,sold,Tiara,38 LS,1982,27.59,sterndrive,5207,Maritimes,fair,23744.76,20554.29,264,2026-02-02,[],
comp_2b96b8d138fd,brokerage,sold,Sea Ray,Sundancer 320,1985,13.72,sterndrive,5427,Gulf Coast,good,11211.05,9886.74,18,2024-11-11,"[""autopilot"", ""radar""]",
comp_54196a2a9655,brokerage,listing,Chaparral,21 SSI,2024,18.35,outboard,224,Pacific Coast,very_good,31635.43,,32,2025-01-25,"[""joystick""]",
comp_12628fe3842a,marketplace,sold,HarborCat,26 WB,2012,8.58,jet,1921,Pacific Coast,very_good,12657.37,10937.36,42,2024-04-21,[],
comp_0513eaca9ad5,marketplace,listing,Tracker,Grizzly 1860,1975,26.0,outboard,6328,Inland Lakes,good,7037.08,,5,2023-06-21,"[""joystick"", ""AIS"", ""solar""]",
comp_e7edfd7b59fd,internal_sales,sold,Chaparral,280 OSX,2010,26.0,outboard,1433,Gulf Coast,fair,15855.31,14366.2,26,2026-01-19,[],
comp_e4095909c0b1,brokerage,sold,Formula,350 CBR,1978,42.99,sterndrive,10766,Great Lakes,poor,30900.98,26485.83,58,2025-10-01,"[""generator"", ""AIS"", ""joystick""]",
comp_02b58da34aba,marketplace,sold,Formula,350 CBR,2020,37.16,inboard,441,Great Lakes,fair,130183.97,111385.16,32,2024-10-04,[],
comp_6e5a230b3297,marketplace,listing,Sea Ray,Sundancer 320,1969,26.0,sterndrive,4171,Pacific Coast,very_good,7163.87,,41,2024-03-26,[],
comp_f1587d0ec365,brokerage,sold,Formula,290 BR,1992,39.77,inboard,3518,Great Lakes,very_good,75735.55,64691.51,74,2024-04-09,"[""joystick""]",
comp_0024e16f73d7,marketplace,sold,Sea Ray,Sundancer 320,1970,46.11,sterndrive,696,Pacific Coast,good,44174.1,42112.74,5,2026-02-05,"[""generator"", ""radar"", ""AIS""]",
comp_5bb24fc6b754,brokerage,sold,Chaparral,280 OSX,2014,25.21,outboard,561,Pacific Coast,very_good,27620.91,26452.56,14,2026-11-27,"[""autopilot""]",
comp_34b0dda99f33,brokerage,listing,Sea Ray,SDX 250,1986,19.49,outboard,6543,Pacific Coast,fair,5811.96,,31,2025-03-16,"[""solar"", ""autopilot""]",
comp_b0c5b3d04ff0,brokerage,listing,Regal,LS4,1973,22.3,outboard,1564,Gulf Coast,good,5960.05,,54,2025-07-26,"[""joystick""]",
comp_1594cd02d28c,brokerage,sold,Jeanneau,Leader 10.5,2008,36.66,inboard,404,Atlantic Coast,fair,59901.62,57085.49,40,2026-01-04,"[""solar""]",
comp_87c57ea4fab3,brokerage,sold,Yamaha WaveRunner,VX Cruiser,2008,12.31,jet,653,Pacific Coast,poor,1831.5,1761.82,14,2023-12-27,"[""joystick"", ""solar""]",
comp_aa11cef286b3,brokerage,sold,Tiara,38 LS,2016,38.31,sterndrive,564,Atlantic Coast,very_good,145666.62,135743.89,34,2025-12-10,"[""autopilot"", ""solar""]",
comp_7011ed5e64e4,internal_sales,sold,Beneteau,Oceanis 41.1,2015,33.8,sail_aux,384,Pacific Coast,good,84175.16,71865.14,15,2023-07-14,"[""solar"", ""radar""]",
comp_057dcdef8774,marketplace,sold,Sea Ray,SLX 260,2020,50.2,sterndrive,1773,Atlantic Coast,fair,156804.31,148233.92,69,2025-11-19,"[""AIS""]",
comp_5ed8b50d85d4,internal_sales,sold,Chaparral,21 SSI,2020,20.36,sterndrive,189,Atlantic Coast,fair,20782.66,19855.71,79,2025-12-25,"[""radar""]",
comp_9d16488aeb68,marketplace,sold,Grady-White,191 CE,2019,26.0,inboard,539,Gulf Coast,fair,27972.66,25902.74,158,2023-01-02,"[""radar"", ""generator"", ""AIS""]",
comp_54a1f0dbda95,brokerage,listing,Chaparral,23 SSi,1977,18.3,sterndrive,1466,Inland Lakes,fair,4572.75,,39,2026-11-14,"[""AIS"", ""joystick"", ""solar""]",
comp_47f05f6094a5,marketplace,sold,Grady-White,336 Canyon,1988,26.0,outboard,2350,Great Lakes,good,12169.08,11573.3,13,2024-10-24,"[""trailer"", ""generator"", ""joystick""]",
comp_d0ae53107373,brokerage,listing,Harris,Solstice 230,1988,19.38,outboard,173,Gulf Coast,good,5308.93,,106,2024-05-17,"[""trailer"", ""joystick""]",
comp_507c068e024b,brokerage,sold,Tiara,38 LS,2007,48.95,inboard,724,Pacific Coast,fair,106286.9,91322.55,112,2024-10-23,"[""autopilot"", ""solar"", ""radar""]",
comp_19a93169e897,brokerage,sold,Jeanneau,Leader 10.5,2026,35.89,inboard,0,Maritimes,very_good,135986.07,122207.48,35,2023-06-23,"[""solar"", ""trailer"", ""AIS""]",
comp_456502d3680e,marketplace,sold,Boston Whaler,230 Outrage,2009,17.89,inboard,2323,Great Lakes,excellent,16474.18,13963.19,35,2023-11-27,"[""AIS"", ""generator""]",
comp_14030c859e77,brokerage,sold,Sea Ray,SLX 260,2018,27.39,sterndrive,457,Pacific Coast,poor,47956.83,44411.03,45,2024-03-12,"[""generator"", ""AIS""]",
comp_dda7b3954342,marketplace,sold,Regal,LS4,2024,25.86,outboard,0,Inland Lakes,good,46753.87,40789.16,48,2025-06-03,"[""radar""]",
comp_d0a1f92afd17,marketplace,listing,Tiara,44 Coupe,1986,48.14,sterndrive,915,Pacific Coast,fair,66593.35,,22,2026-11-08,[],
comp_6fad0f4b7840,internal_sales,listing,Chaparral,21 SSI,1980,14.47,sterndrive,2280,Gulf Coast,very_good,4274.37,,56,2023-10-24,"[""solar"", ""joystick""]",
comp_3487d252fe18,brokerage,sold,Carver,C40 Command Bridge,1997,35.94,sterndrive,1297,Maritimes,fair,53301.07,50382.84,38,2026-12-12,[],
comp_46e29266ef63,marketplace,listing,Regal,26 XO,1986,22.29,outboard,2351,Inland Lakes,very_good,8893.02,,34,2026-08-21,"[""trailer"", ""AIS""]",
comp_7495f7bae447,brokerage,sold,Harris,Cruiser 210,1987,15.89,outboard,2376,Maritimes,good,3827.15,3709.38,16,2024-12-26,"[""autopilot"", ""trailer"", ""solar""]",
comp_2316e083af35,marketplace,sold,Boston Whaler,170 Montauk,2003,22.35,outboard,1313,Pacific Coast,good,18206.87,15504.17,12,2026-08-05,"[""autopilot""]",
comp_2e9316f9efed,brokerage,sold,Harris,Cruiser 210,2012,24.93,outboard,332,Inland Lakes,very_good,18079.35,17451.57,79,2025-10-10,"[""joystick"", ""trailer""]",
comp_93fe87eb0f4d,internal_sales,sold,Formula,290 BR,1982,23.42,sterndrive,14514,Maritimes,poor,14084.51,13090.5,32,2023-07-21,"[""generator"", ""radar"", ""solar""]",
comp_503732217960,brokerage,listing,Tiara,44 Coupe,2023,34.03,sterndrive,512,Maritimes,fair,124214.02,,20,2025-09-23,"[""radar""]",
comp_783b5fe4c0a7,internal_sales,sold,Harris,Cruiser 210,2022,16.61,outboard,673,Atlantic Coast,good,15529.7,13065.63,60,2024-05-27,[],
comp_e067034d2050,marketplace,listing,Hunter,31,2023,40.05,sail_aux,57,Atlantic Coast,good,141357.73,,15,2025-01-13,"[""autopilot"", ""trailer"", ""generator""]",
comp_c9353644d2ba,marketplace,sold,Lund,1875 Pro-V,1993,24.96,outboard,1137,Inland Lakes,fair,10928.41,10182.26,24,2026-01-01,"[""generator"", ""solar""]",
comp_9116a87ae11f,marketplace,sold,Bennington,22 SSB,1991,27.49,outboard,719,Gulf Coast,excellent,13529.1,12789.76,35,2024-06-15,[],
comp_90d81dc9e52d,marketplace,sold,Sea Ray,SPX 190,2014,20.54,sterndrive,208,Pacific Coast,very_good,17683.54,15371.37,26,2025-07-02,"[""joystick""]",
comp_19f2ee5633aa,brokerage,sold,Bayliner,Ciera 8,2000,23.13,sterndrive,1004,Gulf Coast,good,14032.28,13430.35,25,2025-02-28,"[""trailer"", ""AIS"", ""radar""]",
comp_0688029fdbaa,marketplace,listing,Sun Tracker,Party Barge 22 DLX,2002,26.0,outboard,305,Pacific Coast,good,10197.42,,20,2025-10-18,"[""autopilot"", ""radar"", ""generator""]",
comp_5818f55dfec0,internal_sales,sold,Bayliner,DX2000,1968,21.61,outboard,8775,Pacific Coast,good,4589.74,4358.23,59,2024-05-25,[],
comp_879d2e1a3f5b,brokerage,sold,Harris,Solstice 230,2018,20.43,outboard,326,Great Lakes,excellent,20736.1,17527.62,75,2026-01-06,[],
comp_25bac74a7ebd,marketplace,sold,Alumacraft Pro,Trophy 195,1985,18.02,jet,2134,Gulf Coast,good,12923.16,11561.64,56,2026-05-01,"[""AIS""]",
comp_939df3b3e40d,marketplace,sold,Formula,350 CBR,2001,37.66,sterndrive,1953,Inland Lakes,poor,48205.27,43943.14,11,2023-05-24,"[""autopilot"", ""AIS"", ""generator""]",
comp_e39189984a43,marketplace,sold,HarborCat,36 Pilot,1969,41.89,outboard,11089,Great Lakes,fair,17891.62,16812.36,87,2023-08-08,"[""autopilot"", ""generator"", ""solar""]",
comp_8a1c44cf3ffe,marketplace,listing,Bayliner,Ciera 8,2010,18.4,outboard,189,Gulf Coast,excellent,13593.3,,22,2023-04-01,"[""generator""]",
comp_d6467800c670,brokerage,sold,Sea Ray,SPX 190,1987,18.35,sterndrive,1447,Great Lakes,fair,5178.81,4439.77,26,2025-02-02,"[""solar"", ""joystick"", ""AIS""]",
comp_0fa37970f009,marketplace,listing,Carver,C40 Command Bridge,2024,37.45,sterndrive,92,Inland Lakes,excellent,221997.53,,150,2024-01-05,"[""AIS"", ""radar"", ""joystick""]",
comp_129f096bba4e,marketplace,sold,Bennington,20 SVL,2010,21.09,outboard,1004,Great Lakes,fair,11884.95,10997.76,34,2024-09-22,[],
comp_2f3fbfa0454f,brokerage,sold,Boston Whaler,170 Montauk,2026,19.66,outboard,41,Gulf Coast,good,56352.43,54326.1,15,2023-03-24,[],
comp_a613ced92f1d,brokerage,sold,Grady-White,257 Fisherman,2020,15.69,outboard,1137,Great Lakes,poor,11768.25,9995.77,87,2025-05-07,"[""autopilot""]",
comp_a234576cbf52,internal_sales,sold,Lund,1650 Angler,2009,19.98,inboard,1388,Inland Lakes,very_good,16936.77,15806.76,75,2023-08-27,[],
comp_446677cf7693,marketplace,sold,Grady-White,191 CE,2003,26.0,inboard,408,Great Lakes,fair,13114.97,11292.7,344,2026-03-21,"[""generator""]",
comp_1156dfed4d23,marketplace,sold,Carver,C34 Coupe,2022,33.37,inboard,158,Inland Lakes,good,145623.81,140972.85,57,2023-12-11,"[""trailer"", ""solar""]",
comp_0cd925ff6907,internal_sales,listing,Regal,26 XO,1986,22.57,sterndrive,1543,Inland Lakes,very_good,10462.65,,90,2023-08-14,"[""autopilot""]",
comp_ba69c029826c,brokerage,sold,Bayliner,Ciera 8,2009,15.83,sterndrive,1187,Great Lakes,good,9403.44,8801.06,69,2026-09-23,"[""autopilot"", ""AIS"", ""radar""]",
comp_6db2a8c0c3e6,brokerage,sold,Sea Ray,SPX 190,2015,26.0,outboard,862,Atlantic Coast,fair,19872.7,17507.38,32,2026-04-21,[],
comp_bbaa10cab7a7,marketplace,sold,Bennington,22 SSB,2005,18.23,outboard,1739,Pacific Coast,very_good,6778.6,5745.33,39,2025-12-11,"[""AIS""]",
comp_9076874bb8ea,marketplace,listing,Harris,Solstice 230,2013,28.65,outboard,441,Maritimes,fair,14691.78,,107,2025-08-19,"[""solar"", ""trailer""]",
comp_1cf443ffdc3c,brokerage,sold,Regal,LS4,2007,24.71,sterndrive,154,Atlantic Coast,good,17292.8,15851.04,27,2024-12-22,"[""autopilot"", ""generator"", ""radar""]",
comp_2720b59f096d,marketplace,sold,Jeanneau,Sun Odyssey 349,2009,37.83,inboard,506,Maritimes,fair,70455.72,60485.93,64,2024-09-01,[],
comp_264a557740cc,brokerage,listing,Chaparral,23 SSi,2009,23.04,sterndrive,45,Gulf Coast,poor,9220.72,,52,2024-07-03,[],
comp_dc240287a15f,marketplace,sold,Carver,C34 Coupe,2005,42.72,inboard,3649,Maritimes,good,91990.86,83010.86,21,2024-01-11,[],
comp_3b6f9ef06ba4,marketplace,sold,Beneteau,First 27,2026,24.34,sail_aux,0,Maritimes,very_good,127289.78,117056.18,30,2023-07-11,"[""autopilot"", ""joystick"", ""solar""]",
comp_e9d4b20e0d92,marketplace,sold,SafeBoat,25 Defender,1981,9.56,outboard,1882,Maritimes,very_good,5883.6,5412.78,15,2026-05-26,"[""trailer""]",
comp_5eaa404f7a6f,marketplace,sold,Catalina,275 Sport,2010,42.11,inboard,232,Great Lakes,poor,55304.89,48690.69,159,2023-05-20,[],
comp_06544914f890,marketplace,sold,Jeanneau,Sun Odyssey 349,1985,36.27,inboard,1707,Great Lakes,very_good,60799.13,58050.62,20,2023-05-20,"[""generator"", ""trailer""]",
comp_d85071825455,marketplace,listing,Regal,26 XO,2013,20.86,sterndrive,346,Maritimes,very_good,20976.45,,7,2026-03-24,"[""AIS""]",
comp_983daee93ce4,brokerage,sold,Grady-White,191 CE,2017,26.0,inboard,697,Pacific Coast,good,26554.3,23124.46,114,2025-09-24,"[""generator"", ""solar"", ""joystick""]",
comp_812c61abad31,marketplace,listing,Formula,350 CBR,2020,43.56,inboard,309,Inland Lakes,good,210183.57,,244,2026-11-10,"[""autopilot"", ""generator""]",
comp_955a9d32e0c6,brokerage,sold,Catalina,445,2018,17.69,sail_aux,0,Pacific Coast,very_good,42139.09,39246.96,384,2026-02-25,[],
comp_28f1874a69d4,internal_sales,sold,Boston Whaler,170 Montauk,2018,29.81,inboard,760,Inland Lakes,fair,35203.01,31196.56,23,2026-10-09,"[""AIS""]",
comp_7eefe0f14ed8,marketplace,sold,Carver,C40 Command Bridge,2012,29.84,inboard,663,Atlantic Coast,fair,61519.62,59698.93,80,2024-10-18,"[""AIS"", ""autopilot"", ""generator""]",
comp_d6ff46fc621b,brokerage,listing,Sea Ray,SPX 190,2008,23.33,sterndrive,3706,Maritimes,good,45464.14,,64,2026-06-19,"[""generator""]",
comp_84f525fa794b,brokerage,sold,Lund,1650 Angler,1981,26.0,outboard,1976,Great Lakes,good,9890.58,8683.5,37,2023-04-14,"[""autopilot""]",
comp_741745222603,marketplace,sold,Sea Ray,Sundancer 320,2008,27.26,inboard,914,Maritimes,very_good,63672.2,57136.29,48,2026-11-07,"[""joystick"", ""trailer""]",
comp_ef35ad528daa,marketplace,sold,Sea Ray,SPX 190,1994,18.56,sterndrive,1136,Maritimes,good,7598.31,7212.45,30,2025-07-18,"[""solar""]",
comp_c4ae944bb29a,internal_sales,sold,Sea-Doo,RXT-X 300,1973,12.02,jet,2911,Maritimes,good,1000.0,946.99,116,2024-06-13,[],
comp_7064b5202deb,internal_sales,sold,Lund,1975 Impact,2003,22.83,inboard,2515,Pacific Coast,good,14869.85,13358.39,45,2024-10-27,"[""generator"", ""autopilot""]",
comp_ebeff8a288b2,brokerage,listing,Harris,Cruiser 210,1970,22.8,outboard,633,Pacific Coast,very_good,4047.07,,134,2025-09-04,"[""radar""]",
comp_7b324dec68a3,marketplace,sold,Boston Whaler,280 Vantage,2016,20.36,inboard,1009,Inland Lakes,good,24734.9,22137.68,17,2023-10-18,"[""solar"", ""radar"", ""trailer""]",
comp_6a4e61587dbc,brokerage,sold,Tracker,Pro Team 175,2022,26.0,inboard,712,Atlantic Coast,poor,21342.39,20757.39,20,2023-12-15,"[""joystick"", ""solar""]",
comp_902c27847954,brokerage,sold,Boston Whaler,230 Outrage,2008,29.5,inboard,790,Atlantic Coast,fair,24709.55,23410.26,82,2024-04-19,"[""radar"", ""AIS"", ""solar""]",
comp_7ca1c7dad239,brokerage,sold,Carver,C34 Coupe,1977,40.56,sterndrive,3143,Pacific Coast,good,39968.22,38324.98,22,2024-07-03,"[""joystick"", ""AIS"", ""autopilot""]",
comp_14ad53b8970c,internal_sales,sold,Bayliner,Element M17,1971,26.0,outboard,4583,Pacific Coast,fair,4576.07,4126.56,37,2025-08-27,"[""joystick"", ""radar""]",
comp_2961c7ee6567,internal_sales,listing,Sea Ray,SLX 260,2014,50.91,inboard,596,Gulf Coast,very_good,187281.93,,34,2025-10-12,"[""autopilot"", ""solar"", ""AIS""]",
comp_b7d6b7f3ef4d,internal_sales,sold,Bennington,20 SVL,2021,24.22,outboard,80,Atlantic Coast,poor,15456.95,13326.25,41,2026-02-15,"[""autopilot""]",
comp_bcee9ea7c97c,brokerage,sold,Lund,1650 Angler,2021,26.0,inboard,208,Atlantic Coast,fair,32793.44,29904.4,30,2025-12-18,"[""joystick"", ""generator""]",
comp_9227802a3829,marketplace,listing,Alumacraft Pro,Trophy 195,2017,24.04,outboard,5496,Maritimes,excellent,61763.63,,40,2024-10-11,[],
comp_d96d312ef8d3,marketplace,listing,Bayliner,DX2000,2002,20.83,sterndrive,753,Atlantic Coast,very_good,13390.71,,20,2025-08-14,"[""joystick"", ""solar""]",
comp_62395aa02e57,brokerage,sold,Alumacraft Pro,Trophy 195,2002,21.76,outboard,2477,Great Lakes,excellent,30968.46,27891.61,59,2023-01-04,"[""joystick"", ""autopilot""]",
comp_4b9adf0ad01d,brokerage,sold,Sea-Doo,RXT-X 300,1980,11.87,jet,2241,Great Lakes,good,1095.24,921.76,73,2026-05-19,[],
comp_cfaebb18248d,marketplace,sold,Boston Whaler,170 Montauk,2016,22.3,outboard,786,Gulf Coast,very_good,24489.84,21703.8,15,2023-04-24,"[""trailer""]",
comp_8befb391861c,marketplace,sold,Regal,LS4,2010,24.71,sterndrive,93,Atlantic Coast,good,18222.66,16192.35,26,2026-06-20,"[""trailer""]",
comp_99aa747221a2,marketplace,sold,Sea Ray,SLX 260,1973,15.6,outboard,2273,Maritimes,fair,2825.04,2618.23,59,2024-12-01,"[""solar"", ""AIS"", ""autopilot""]",
comp_d3dde714cbef,brokerage,listing,Catalina,445,2018,21.16,sail_aux,151,Gulf Coast,good,47590.42,,110,2026-10-24,"[""radar""]",
comp_c037067f6952,marketplace,listing,Regal,28 Express,2013,18.76,outboard,590,Gulf Coast,excellent,17233.35,,92,2026-02-24,[],
comp_710cff3f6ff1,brokerage,sold,Sun Tracker,Bass Buggy 18 DLX,1977,13.74,outboard,3068,Pacific Coast,good,2178.33,2061.43,40,2024-09-08,"[""trailer"", ""joystick""]",
comp_f3a22af51ddf,brokerage,listing,Sun Tracker,Party Barge 22 DLX,2000,21.36,outboard,2129,Maritimes,fair,6222.34,,22,2025-04-25,"[""autopilot"", ""generator""]",
comp_73f2f7fdfc14,brokerage,sold,Formula,350 CBR,2006,27.35,sterndrive,707,Maritimes,fair,53394.81,46136.47,103,2024-12-13,"[""solar"", ""radar"", ""trailer""]",
comp_44ba498cccc8,marketplace,listing,HarborCat,36 Pilot,2002,44.1,inboard,3589,Pacific Coast,very_good,72212.02,,13,2024-12-07,"[""generator"", ""radar"", ""joystick""]",
comp_624c21768a7b,marketplace,listing,Tiara,38 LS,2009,48.49,sterndrive,1620,Maritimes,very_good,140406.9,,64,2025-07-08,"[""radar"", ""AIS""]",
comp_646653841682,brokerage,sold,Sea Ray,SPX 190,1993,18.35,sterndrive,1827,Great Lakes,fair,7488.26,6833.36,38,2026-07-26,"[""radar""]",
comp_98a8c6c40947,marketplace,sold,Bennington,24 LXSB,1975,18.9,outboard,2136,Gulf Coast,very_good,4450.84,4259.81,119,2024-06-25,"[""generator""]",
comp_2caa85a66ac3,internal_sales,sold,Parker,2320 Sport Cabin,2008,28.77,outboard,10159,Pacific Coast,excellent,51098.74,45773.67,19,2025-07-18,"[""joystick""]",
comp_2847f9f053e3,internal_sales,listing,Formula,290 BR,1984,24.87,inboard,3001,Maritimes,good,30482.25,,20,2025-09-16,"[""generator"", ""AIS""]",
comp_f8691f18073d,brokerage,sold,Hunter,36,1992,26.08,sail_aux,1694,Inland Lakes,fair,24163.46,23085.76,48,2023-01-14,"[""radar"", ""trailer""]",
comp_ee142f464e6f,marketplace,sold,Sun Tracker,Bass Buggy 18 DLX,2020,22.83,outboard,569,Gulf Coast,good,19976.8,16808.43,10,2026-02-28,"[""trailer"", ""generator"", ""solar""]",
comp_10989495ccb9,brokerage,listing,Lund,1650 Angler,1988,26.0,inboard,1271,Great Lakes,good,10933.34,,23,2024-05-05,[],
comp_b68bf82021a8,internal_sales,sold,Harris,Cruiser 210,2014,17.68,outboard,240,Great Lakes,good,10257.87,9124.37,25,2025-02-10,[],
comp_a6ec2bfca896,marketplace,sold,Tiara,44 Coupe,2019,15.13,inboard,226,Pacific Coast,fair,33064.04,27921.69,55,2024-06-05,"[""generator"", ""radar""]",
comp_106c4af2de72,internal_sales,listing,Jeanneau,Leader 10.5,1975,39.84,inboard,636,Gulf Coast,fair,37414.84,,39,2025-09-24,"[""joystick"", ""autopilot""]",
comp_eb9c2eb37110,marketplace,listing,HarborCat,26 WB,2003,33.86,jet,5234,Pacific Coast,fair,41288.31,,18,2024-06-02,"[""generator""]",
comp_719869246fd9,brokerage,listing,Grady-White,191 CE,1973,26.0,inboard,1274,Pacific Coast,good,7229.11,,32,2024-06-16,[],
comp_5781d7c2258d,marketplace,sold,Formula,350 CBR,1998,38.96,inboard,366,Gulf Coast,excellent,86234.06,77639.75,74,2023-09-16,"[""generator"", ""solar""]",
comp_c26fc0484222,brokerage,listing,Harris,Cruiser 210,2010,11.14,outboard,1096,Maritimes,fair,3673.46,,45,2024-04-22,[],
comp_1fab9b2049c0,marketplace,sold,Jeanneau,Sun Odyssey 349,2022,21.93,inboard,51,Maritimes,good,62274.61,52536.41,53,2025-01-28,"[""autopilot""]",
comp_89d815bfaa46,internal_sales,sold,Harris,Solstice 230,1994,24.68,outboard,284,Gulf Coast,fair,7569.24,6638.17,36,2023-11-01,"[""radar"", ""trailer"", ""AIS""]",
comp_59b6c44c4ef1,marketplace,sold,Bennington,22 SSB,2000,18.23,outboard,2430,Pacific Coast,very_good,5008.42,4223.61,151,2023-08-11,"[""autopilot"", ""solar""]",
comp_ae6372c26c9c,marketplace,sold,Grady-White,336 Canyon,2016,21.17,inboard,639,Gulf Coast,very_good,22503.23,18916.63,73,2026-05-21,"[""radar""]",
comp_bb3fec9e0f60,marketplace,sold,Lund,1650 Angler,1986,26.0,inboard,1000,Great Lakes,fair,8679.8,7602.12,31,2024-03-26,"[""solar""]",
comp_e475ba6bc766,brokerage,listing,Tiara,38 LS,2021,35.35,sterndrive,1079,Gulf Coast,very_good,156201.01,,18,2025-08-22,"[""autopilot""]",
comp_9714da89a3f0,internal_sales,sold,Parker,2820 XLD,1982,8.0,jet,6703,Inland Lakes,very_good,4987.34,4672.42,297,2024-12-21,"[""trailer""]",
comp_0099822a635a,marketplace,sold,Bayliner,Element M17,1967,20.55,sterndrive,3448,Inland Lakes,poor,2572.08,2246.76,53,2023-05-23,"[""generator""]",
comp_a1741543881a,internal_sales,sold,Sun Tracker,Party Barge 22 DLX,2004,15.02,outboard,173,Pacific Coast,good,5546.18,4794.54,124,2026-06-25,"[""solar"", ""AIS"", ""trailer""]",
comp_ee07a113bb6b,marketplace,sold,Sea Ray,Sundancer 320,2007,18.25,sterndrive,2383,Maritimes,good,12000.24,10099.91,21,2024-01-19,"[""trailer"", ""autopilot"", ""solar""]",
comp_dd2cae73f945,brokerage,sold,Regal,28 Express,1999,18.22,sterndrive,684,Pacific Coast,good,10549.4,9729.47,150,2026-12-19,"[""trailer"", ""AIS""]",
comp_0b7b24084fa4,marketplace,sold,Grady-White,336 Canyon,1979,20.51,outboard,4477,Maritimes,good,6096.26,5771.1,59,2025-06-08,"[""radar"", ""trailer""]",
comp_be71ed86228c,brokerage,sold,Chaparral,23 SSi,1989,17.26,outboard,3006,Atlantic Coast,very_good,7307.3,6741.64,42,2025-12-05,[],
comp_2d12cd83aa63,marketplace,sold,Sea Ray,SLX 260,1984,25.95,outboard,2637,Pacific Coast,very_good,11828.07,10042.4,32,2023-09-10,"[""radar""]",
comp_8fa50862c364,marketplace,listing,Boston Whaler,170 Montauk,2026,23.89,inboard,0,Gulf Coast,good,78269.09,,183,2023-04-25,"[""trailer"", ""generator""]",
comp_ab8acabb88f9,marketplace,sold,Sea Ray,SPX 190,2018,42.86,sterndrive,743,Great Lakes,good,161045.36,154840.75,104,2024-03-11,"[""solar"", ""trailer""]",
comp_34f762409909,marketplace,sold,Tiara,44 Coupe,2000,41.88,inboard,2796,Pacific Coast,fair,80618.09,72570.14,4,2024-03-24,"[""radar"", ""autopilot"", ""joystick""]",
comp_b7a751f73bbc,marketplace,sold,Sea Ray,SDX 250,1966,20.15,outboard,4692,Gulf Coast,fair,3637.09,3181.98,33,2024-04-15,"[""solar"", ""autopilot"", ""radar""]",
comp_90987f2e3094,internal_sales,listing,Jeanneau,Leader 10.5,2011,29.23,inboard,1209,Great Lakes,good,62215.59,,57,2023-08-08,"[""autopilot"", ""joystick""]",
comp_c4974fb78618,marketplace,sold,Tracker,Grizzly 1860,2000,20.85,outboard,5256,Pacific Coast,fair,8466.86,7296.56,59,2025-12-26,"[""generator"", ""radar""]",
comp_376844f72d5d,brokerage,sold,Sun Tracker,Party Barge 22 DLX,2020,20.37,outboard,322,Gulf Coast,good,18265.16,16486.1,86,2023-01-07,"[""radar"", ""trailer"", ""AIS""]",
comp_7d40ecb3b1e3,marketplace,sold,Sea Ray,Sundancer 320,1966,28.06,sterndrive,2932,Gulf Coast,good,21976.2,19827.21,62,2025-09-15,"[""trailer""]",
comp_5c129fc2ce51,brokerage,listing,Regal,26 XO,2002,17.65,outboard,684,Maritimes,very_good,11984.9,,29,2026-04-16,"[""autopilot"", ""AIS""]",
comp_a7c3c2ea76d7,marketplace,listing,Catalina,355,2025,31.53,inboard,31,Maritimes,fair,95487.51,,39,2026-01-19,[],
comp_9d3641dbdddb,marketplace,sold,Chaparral,280 OSX,2003,17.17,sterndrive,511,Gulf Coast,very_good,11565.27,10762.47,10,2024-11-11,"[""solar"", ""generator""]",
comp_ded977391061,marketplace,sold,Formula,290 BR,2010,34.24,inboard,1041,Maritimes,very_good,98712.07,95658.62,20,2023-07-16,"[""AIS""]",
comp_19ca224994d4,marketplace,sold,Harris,Solstice 230,1974,18.8,outboard,676,Inland Lakes,fair,2525.98,2152.75,45,2023-10-26,"[""joystick"", ""solar"", ""autopilot""]",
comp_0644ab04ed13,internal_sales,sold,Bennington,22 SSB,2013,23.45,outboard,214,Pacific Coast,very_good,17502.01,14783.04,96,2026-08-08,"[""generator"", ""solar""]",
comp_3f2cfdd3f968,marketplace,listing,Sun Tracker,Bass Buggy 18 DLX,2016,12.95,outboard,812,Pacific Coast,poor,3222.99,,32,2026-08-07,"[""AIS""]",
comp_041746a58255,marketplace,sold,Sea Ray,SDX 250,2017,25.07,outboard,593,Gulf Coast,excellent,28900.24,27010.49,37,2025-03-13,"[""autopilot""]",
comp_5995e26535a8,brokerage,listing,Formula,290 BR,1969,35.35,sterndrive,3660,Gulf Coast,good,30137.51,,26,2024-07-22,[],
comp_c75b44d539f5,marketplace,listing,Jeanneau,Leader 10.5,1983,29.82,sail_aux,2314,Inland Lakes,good,42617.36,,37,2025-10-24,[],
comp_d8731624eb6b,marketplace,sold,Boston Whaler,170 Montauk,1984,24.54,outboard,587,Pacific Coast,fair,8827.26,8580.21,34,2023-03-15,"[""solar""]",
comp_01825f8251d7,marketplace,sold,Bayliner,DX2000,2008,26.0,outboard,196,Great Lakes,poor,10123.24,9488.87,56,2024-03-08,"[""AIS""]",
comp_42490c0d2f0a,marketplace,sold,Formula,290 BR,2004,43.01,inboard,730,Maritimes,very_good,127596.47,115952.27,49,2024-02-26,[],
comp_79aa10fb9488,internal_sales,sold,Sea Ray,Sundancer 320,2010,16.63,outboard,1437,Maritimes,good,11446.62,9674.05,174,2026-07-19,[],
comp_4b8e3bfce4b1,brokerage,sold,Hunter,31,1979,20.05,sail_aux,1098,Pacific Coast,good,17718.76,15764.2,32,2023-06-16,[],
comp_1dd4e1e17fdb,marketplace,sold,Regal,28 Express,2018,21.77,sterndrive,568,Gulf Coast,fair,17365.91,15209.89,34,2024-02-14,"[""solar"", ""radar"", ""joystick""]",
comp_bbf1f5626dc8,marketplace,sold,Tiara,38 LS,2012,38.49,inboard,1930,Atlantic Coast,fair,81408.45,68854.46,113,2024-08-06,"[""trailer"", ""solar"", ""autopilot""]",
comp_986c82c7c4c6,internal_sales,listing,Boston Whaler,280 Vantage,2005,26.0,outboard,1022,Great Lakes,fair,19801.62,,234,2023-02-26,[],
comp_29a10fee6cfb,marketplace,sold,Sea Ray,Sundancer 320,1999,26.0,sterndrive,907,Gulf Coast,good,16439.82,14298.25,167,2025-01-13,"[""solar"", ""AIS""]",
comp_6c5675fc2704,internal_sales,listing,Carver,C34 Coupe,2003,38.77,inboard,1669,Great Lakes,good,88345.55,,31,2024-04-11,[],
comp_6aa4e612bd55,brokerage,sold,Sea Ray,SPX 190,2011,26.0,outboard,808,Atlantic Coast,very_good,24145.74,23444.25,26,2023-01-21,"[""generator""]",
comp_5197db3584e1,marketplace,sold,Carver,C40 Command Bridge,2015,24.52,inboard,824,Maritimes,good,57118.14,48024.58,69,2024-06-14,"[""solar""]",
comp_11b242a08bdb,marketplace,sold,Grady-White,336 Canyon,1972,15.18,outboard,10963,Great Lakes,very_good,3991.08,3398.14,35,2026-05-15,"[""solar""]",
comp_cc04e2135a85,marketplace,sold,Hunter,36,2020,14.09,sail_aux,628,Atlantic Coast,poor,15991.19,13470.54,19,2024-11-25,"[""autopilot"", ""trailer"", ""generator""]",
comp_0d985a8d203b,marketplace,sold,Boston Whaler,230 Outrage,1976,21.07,outboard,5899,Inland Lakes,good,6290.45,5759.12,63,2026-09-23,[],
comp_569065ead13e,marketplace,sold,Yamaha WaveRunner,VX Cruiser,2021,10.96,jet,168,Gulf Coast,poor,4025.28,3583.81,71,2025-12-13,[],
comp_7dbbce004013,marketplace,sold,Sun Tracker,Bass Buggy 18 DLX,1974,13.74,outboard,3444,Pacific Coast,good,1946.16,1768.6,23,2025-06-24,"[""joystick"", ""radar"", ""autopilot""]",
comp_f89c13120e78,marketplace,sold,Formula,290 BR,2016,32.8,inboard,312,Atlantic Coast,good,103877.07,98931.83,62,2023-04-24,"[""radar""]",
comp_5a82b94b0296,marketplace,sold,Sun Tracker,Bass Buggy 18 DLX,1997,21.14,outboard,3965,Gulf Coast,good,6630.06,5806.03,37,2024-01-14,"[""generator""]",
comp_b9b781e692fb,marketplace,listing,Boston Whaler,230 Outrage,2007,19.19,inboard,100,Maritimes,good,15334.8,,35,2024-02-16,"[""solar"", ""trailer"", ""joystick""]",
comp_33d42c2ee8b4,brokerage,sold,Jeanneau,Sun Odyssey 349,2010,30.14,inboard,737,Maritimes,good,66841.63,62598.91,58,2024-01-17,"[""solar"", ""radar""]",
comp_e375a9d08402,brokerage,listing,Chaparral,21 SSI,2018,16.07,sterndrive,608,Gulf Coast,good,15793.61,,43,2025-07-03,[],
comp_1cafae95ccb7,marketplace,sold,Chaparral,23 SSi,2009,15.54,sterndrive,1045,Pacific Coast,very_good,11282.31,10699.25,16,2026-01-10,"[""radar"", ""joystick"", ""trailer""]",
comp_6278cd495d6b,marketplace,sold,Beneteau,Oceanis 41.1,2018,36.77,inboard,317,Inland Lakes,good,113123.55,105857.51,63,2025-11-02,"[""solar"", ""autopilot"", ""generator""]",
comp_2db398b1c51c,brokerage,sold,Chaparral,280 OSX,1999,22.34,outboard,124,Maritimes,good,12039.8,10187.94,42,2026-03-01,"[""trailer""]",
comp_7340588ce26d,brokerage,listing,Grady-White,257 Fisherman,1993,16.81,inboard,3933,Great Lakes,good,7210.02,,49,2023-01-25,"[""trailer"", ""solar""]",
comp_77b555e9e039,brokerage,sold,Bayliner,Element M17,2022,16.8,sterndrive,466,Maritimes,excellent,23339.59,22197.14,23,2023-08-28,"[""AIS""]",
comp_d87a2b50c5cf,internal_sales,sold,Grady-White,257 Fisherman,2019,19.29,outboard,685,Pacific Coast,good,22962.07,19710.87,12,2025-08-22,"[""radar"", ""autopilot"", ""generator""]",
comp_a5d4294d87ad,brokerage,sold,Bayliner,Element M17,2013,26.0,outboard,378,Gulf Coast,good,22471.51,19704.49,128,2025-07-18,[],
comp_cfda42e81c3b,brokerage,sold,Regal,26 XO,2018,15.2,sterndrive,276,Atlantic Coast,excellent,15843.73,14912.06,125,2026-05-20,"[""joystick"", ""generator"", ""solar""]",
comp_988c983eb5ed,marketplace,sold,Hunter,36,2013,40.31,sail_aux,536,Atlantic Coast,poor,42729.84,41308.29,73,2023-12-19,"[""joystick"", ""radar""]",
comp_b8a9f8bc2998,marketplace,sold,Carver,C34 Coupe,2016,30.23,sterndrive,629,Maritimes,fair,58418.14,49825.55,14,2023-10-06,"[""AIS"", ""joystick"", ""radar""]",
comp_47f58013d163,marketplace,listing,Hunter,31,2015,39.51,sail_aux,359,Atlantic Coast,good,87742.79,,7,2026-12-01,"[""joystick"", ""autopilot""]",
comp_35bf2182d1ef,internal_sales,sold,Formula,350 CBR,1982,43.43,sterndrive,4616,Great Lakes,good,67357.23,58685.54,44,2023-10-21,"[""joystick""]",
comp_5415ff992e7d,brokerage,sold,Sun Tracker,Bass Buggy 18 DLX,2022,18.63,outboard,88,Gulf Coast,good,16964.75,16624.45,42,2025-02-28,"[""autopilot"", ""joystick""]",
comp_e88027ee1626,brokerage,sold,Jeanneau,Sun Odyssey 349,2012,22.49,sail_aux,970,Maritimes,poor,25679.83,24949.42,174,2026-03-07,"[""radar""]",
comp_8eb8f2355126,brokerage,sold,Tracker,Pro Team 175,1980,26.0,outboard,4204,Gulf Coast,fair,6905.72,6696.79,35,2023-07-01,"[""generator"", ""AIS"", ""trailer""]",
comp_50e418637c0a,brokerage,sold,Parker,2320 Sport Cabin,2022,48.13,jet,318,Atlantic Coast,good,178327.19,154103.05,39,2025-05-10,"[""generator""]",
comp_6ce85f749c4a,internal_sales,sold,Kawasaki Jet Ski,STX 160,2022,11.64,jet,98,Atlantic Coast,good,7485.39,7168.85,32,2025-06-05,"[""generator""]",
comp_7c59402f140c,internal_sales,sold,Formula,350 CBR,2004,26.37,sterndrive,1391,Pacific Coast,very_good,52718.65,50639.55,15,2023-11-15,"[""joystick"", ""autopilot"", ""AIS""]",
comp_063ed17ccc98,marketplace,listing,Sea Ray,Sundancer 320,2021,26.0,outboard,197,Pacific Coast,poor,18173.36,,143,2023-04-22,"[""autopilot""]",
comp_33af19303724,brokerage,listing,Harris,Cruiser 210,1987,15.89,outboard,1387,Maritimes,fair,2989.32,,88,2026-07-28,"[""autopilot"", ""joystick""]",
comp_8cecef980067,brokerage,sold,Sea Ray,SDX 250,1975,15.29,sterndrive,1127,Gulf Coast,excellent,4161.31,3541.86,114,2024-08-25,[],
comp_948673a29bab,brokerage,sold,Lund,1975 Impact,2003,23.81,outboard,240,Maritimes,good,15914.23,14320.14,37,2024-10-28,[],
comp_fa81c431507f,marketplace,sold,Sun Tracker,Party Barge 22 DLX,1997,22.52,outboard,640,Pacific Coast,excellent,8919.64,7528.3,60,2023-02-23,"[""radar"", ""autopilot"", ""trailer""]",
comp_3263556a521d,internal_sales,listing,Tracker,Grizzly 1860,2007,26.0,inboard,174,Inland Lakes,good,21365.42,,59,2025-01-16,"[""radar"", ""trailer""]",
comp_86cdd09923c2,marketplace,sold,Regal,26 XO,1979,16.3,sterndrive,1551,Great Lakes,poor,2364.59,2102.99,149,2024-04-27,[],
comp_a8692a22d641,marketplace,sold,Sea Ray,SDX 250,1972,26.05,sterndrive,4818,Great Lakes,fair,18365.0,15923.84,63,2023-11-17,"[""trailer""]",
comp_ea48a7d59dc8,marketplace,sold,Chaparral,21 SSI,2026,19.23,outboard,130,Gulf Coast,good,48844.86,45249.75,103,2023-02-04,"[""AIS"", ""autopilot"", ""radar""]",
comp_a7d5ee81bebb,marketplace,listing,Grady-White,257 Fisherman,2018,26.0,inboard,1144,Atlantic Coast,good,30950.44,,69,2023-08-09,"[""trailer"", ""AIS""]",
comp_e9e5e5bc1529,brokerage,sold,Lund,1650 Angler,1981,26.0,inboard,3526,Pacific Coast,fair,8271.33,7449.18,20,2023-11-27,"[""radar""]",
comp_6583ba12467d,marketplace,sold,Sea Ray,SLX 260,1969,23.48,outboard,8517,Maritimes,fair,4531.18,4164.35,31,2025-05-12,"[""AIS""]",
comp_09b312b87deb,internal_sales,sold,Sun Tracker,Party Barge 22 DLX,1985,22.4,outboard,1322,Pacific Coast,fair,4010.79,3381.1,44,2023-10-07,"[""radar"", ""trailer""]",
comp_c9e5765479de,brokerage,listing,Bennington,22 SSB,1964,20.6,outboard,1008,Pacific Coast,poor,1636.52,,75,2024-02-23,"[""autopilot"", ""AIS""]",
comp_b838826eea8e,internal_sales,sold,Regal,28 Express,2010,25.67,outboard,339,Inland Lakes,good,22525.89,21788.08,92,2025-11-20,[],
comp_3bf81dc64478,marketplace,listing,Tiara,38 LS,2011,36.01,sterndrive,2596,Inland Lakes,very_good,101430.04,,85,2023-12-20,"[""trailer""]",
comp_09c39267cd7c,brokerage,sold,HarborCat,36 Pilot,1970,41.89,outboard,20968,Great Lakes,poor,13589.87,12468.75,36,2023-08-16,"[""solar"", ""trailer"", ""AIS""]",
comp_a78dcf43646c,brokerage,sold,Grady-White,191 CE,2007,18.77,outboard,4571,Pacific Coast,poor,7601.92,7379.91,43,2024-03-15,"[""AIS""]",
comp_da6147e01751,brokerage,sold,Regal,28 Express,1989,22.19,sterndrive,2675,Great Lakes,fair,8433.3,7489.85,33,2023-01-20,"[""trailer"", ""radar""]",
comp_a4a62b0407e3,brokerage,sold,Chaparral,21 SSI,1980,19.15,outboard,200,Atlantic Coast,poor,3401.57,2941.93,87,2024-09-07,"[""radar"", ""trailer"", ""autopilot""]",
comp_154a31feb611,marketplace,sold,Alumacraft Pro,205 Bay,1977,27.82,jet,6352,Inland Lakes,poor,10343.07,9411.29,19,2023-09-15,"[""generator"", ""AIS"", ""autopilot""]",
comp_2ceefced7fbc,brokerage,sold,Boston Whaler,230 Outrage,2023,21.9,inboard,43,Inland Lakes,good,42881.16,41827.71,34,2024-11-14,[],
comp_8f675258d924,marketplace,sold,Chaparral,280 OSX,2003,26.0,sterndrive,984,Maritimes,good,15498.62,14483.47,52,2023-01-17,"[""joystick""]",
comp_9a1a21327afb,marketplace,sold,Chaparral,280 OSX,1989,22.97,sterndrive,1930,Inland Lakes,excellent,12270.16,11522.51,34,2025-05-03,"[""solar"", ""AIS""]",
comp_5d86874392b1,marketplace,sold,Regal,28 Express,1979,19.08,outboard,3595,Maritimes,good,5684.73,4855.85,134,2025-07-12,"[""solar""]",
comp_bea71f067f02,brokerage,sold,Grady-White,191 CE,2009,26.0,outboard,231,Atlantic Coast,good,13160.02,12361.5,103,2026-10-22,"[""solar"", ""trailer""]",
comp_03ec701dc2d3,marketplace,sold,Grady-White,257 Fisherman,2011,23.29,outboard,462,Great Lakes,fair,14587.42,13042.19,15,2025-05-06,"[""joystick""]",
comp_fdb7f0219030,marketplace,sold,Sea Ray,Sundancer 320,2019,26.0,outboard,250,Pacific Coast,good,32137.1,29937.47,39,2025-05-17,"[""autopilot""]",
comp_05da627db88b,internal_sales,sold,Lund,1975 Impact,2018,26.0,inboard,507,Maritimes,excellent,37222.14,36219.44,36,2026-05-07,"[""joystick"", ""generator""]",
comp_2c39a440d677,marketplace,sold,Yamaha WaveRunner,VX Cruiser,2005,10.93,jet,676,Great Lakes,fair,2052.15,1882.47,108,2025-07-28,"[""trailer"", ""autopilot"", ""solar""]",
comp_3e89064d0f79,marketplace,listing,Catalina,355,2022,27.13,inboard,43,Inland Lakes,very_good,81580.3,,30,2025-07-10,[],
comp_0c7bd3840bc2,brokerage,sold,Tiara,44 Coupe,2000,25.99,sterndrive,885,Inland Lakes,excellent,56782.95,53102.02,32,2025-12-02,"[""radar"", ""trailer""]",
comp_5d4b3eb7e64a,internal_sales,sold,Sun Tracker,Bass Buggy 18 DLX,1974,23.16,outboard,402,Great Lakes,very_good,4427.68,3981.16,21,2025-07-19,"[""joystick"", ""generator""]",
comp_b060a34aac5d,marketplace,sold,Regal,26 XO,2012,16.92,sterndrive,1045,Great Lakes,very_good,13583.0,11466.13,17,2024-06-14,"[""autopilot"", ""trailer"", ""radar""]",
comp_e9828b8b33b3,marketplace,sold,Beneteau,Oceanis 41.1,2022,24.03,sail_aux,66,Atlantic Coast,good,82841.43,80303.06,34,2025-05-21,"[""radar""]",
comp_5b647ad06bec,brokerage,sold,Boston Whaler,170 Montauk,2001,16.32,outboard,5079,Great Lakes,fair,8622.06,8297.02,17,2024-11-16,[],
comp_9c8d4bb2efeb,internal_sales,listing,Harris,Solstice 230,2009,22.21,outboard,279,Great Lakes,very_good,13599.87,,38,2026-08-20,"[""solar""]",
comp_391196789a4d,brokerage,sold,Chaparral,21 SSI,1981,19.37,sterndrive,1519,Pacific Coast,good,6772.21,6444.62,82,2026-01-28,"[""trailer"", ""joystick"", ""radar""]",
comp_26a95489dc0b,marketplace,listing,Tracker,Pro Team 175,2016,28.56,outboard,759,Gulf Coast,poor,14796.72,,27,2024-09-28,"[""generator"", ""AIS"", ""autopilot""]",
comp_09589d6868eb,internal_sales,sold,Harris,Cruiser 210,2000,19.35,outboard,213,Atlantic Coast,fair,6011.79,5377.02,23,2026-05-01,"[""trailer"", ""joystick""]",
comp_da2a59b8ccf2,marketplace,sold,Sea Ray,SLX 260,1975,47.6,sterndrive,4666,Inland Lakes,good,58397.94,56723.2,26,2026-11-23,[],
comp_9ecc61105131,brokerage,sold,Grady-White,336 Canyon,2024,26.0,inboard,330,Gulf Coast,fair,40471.85,34313.07,54,2025-11-21,"[""generator"", ""radar""]",
comp_3d05491aa4d8,internal_sales,sold,Bennington,20 SVL,1998,21.55,outboard,2913,Atlantic Coast,good,9598.6,9306.59,29,2023-01-04,"[""radar"", ""AIS"", ""trailer""]",
comp_0da6b21e71c5,marketplace,sold,Sea Ray,SPX 190,2004,23.33,sterndrive,2863,Maritimes,poor,23653.66,21629.95,41,2026-12-24,"[""joystick"", ""solar""]",
comp_20d6b1699073,brokerage,sold,Sea Ray,SDX 250,1975,15.29,sterndrive,1346,Gulf Coast,good,3581.12,3087.19,16,2026-09-08,"[""joystick"", ""autopilot""]",
comp_6cc9cb7707ca,marketplace,sold,Regal,28 Express,2009,21.69,outboard,111,Pacific Coast,good,17758.93,16984.35,14,2024-11-06,"[""joystick""]",
comp_becd326444b6,marketplace,sold,Formula,290 BR,2013,33.9,inboard,980,Gulf Coast,very_good,103235.18,97117.51,75,2023-03-13,"[""joystick""]",
comp_41f3aa69fa99,marketplace,sold,Regal,28 Express,1973,23.51,outboard,3175,Pacific Coast,good,5856.66,5179.2,95,2024-04-08,"[""joystick""]",
comp_4829ea0b1f1c,internal_sales,sold,Chaparral,23 SSi,2007,15.87,outboard,1977,Maritimes,very_good,10204.85,8844.4,54,2026-11-26,"[""AIS"", ""generator"", ""trailer""]",
comp_d03329155a2f,internal_sales,listing,Lund,1650 Angler,1970,17.38,inboard,4588,Maritimes,very_good,4248.93,,26,2023-05-12,"[""autopilot"", ""solar""]",
comp_f160aea99af4,brokerage,sold,Sun Tracker,Bass Buggy 18 DLX,2026,26.0,outboard,20,Gulf Coast,good,45248.04,39566.53,169,2024-05-04,"[""solar"", ""joystick""]",
comp_7064cf9f1724,internal_sales,listing,Chaparral,280 OSX,2026,16.91,sterndrive,0,Gulf Coast,fair,28695.18,,34,2025-07-02,"[""autopilot"", ""radar"", ""AIS""]",
comp_94bbf8dc4834,brokerage,sold,Alumacraft Pro,Trophy 195,2015,9.98,inboard,3105,Atlantic Coast,very_good,16324.86,14392.52,27,2024-10-21,[],
comp_088d785d40f1,marketplace,sold,Tracker,Grizzly 1860,1971,26.0,outboard,9831,Inland Lakes,good,6762.18,6194.36,9,2026-10-10,"[""solar"", ""trailer"", ""autopilot""]",
comp_0b9df23f1e80,brokerage,listing,Regal,26 XO,2025,14.5,outboard,358,Great Lakes,fair,21305.02,,69,2024-08-20,[],
comp_56f7145287cb,brokerage,sold,Bayliner,Ciera 8,1988,22.53,sterndrive,1520,Gulf Coast,fair,7006.97,6060.3,315,2025-08-25,"[""autopilot"", ""solar"", ""trailer""]",
comp_44c62143d9c8,marketplace,listing,Boston Whaler,170 Montauk,2016,22.3,outboard,476,Gulf Coast,good,24695.99,,95,2023-07-27,[],
comp_74254dd19d69,brokerage,sold,Tracker,Grizzly 1860,2019,13.85,outboard,545,Inland Lakes,good,12169.58,10335.56,25,2024-01-28,"[""AIS""]",
comp_4dc328917a71,brokerage,sold,Lund,1875 Pro-V,2018,26.0,outboard,1141,Atlantic Coast,good,30589.84,29695.57,41,2024-04-18,"[""solar"", ""AIS"", ""joystick""]",
comp_4e1d1bcb592e,marketplace,sold,Sea Ray,Sundancer 320,2003,26.0,sterndrive,1045,Gulf Coast,good,17949.55,15299.88,56,2026-05-08,"[""solar"", ""radar""]",
comp_b02f7353713d,marketplace,sold,Formula,350 CBR,1994,23.65,inboard,1009,Atlantic Coast,fair,28847.91,27584.77,80,2024-11-21,"[""solar"", ""autopilot""]",
comp_c57f235d869e,marketplace,sold,Lund,1975 Impact,2003,24.96,inboard,1501,Gulf Coast,fair,13666.68,13099.29,50,2023-09-04,[],
comp_78148596ca65,marketplace,sold,Sea Ray,SPX 190,1982,39.35,sterndrive,3258,Great Lakes,very_good,49464.04,42236.13,83,2023-11-23,"[""autopilot""]",
comp_b581f5640314,marketplace,listing,Tracker,Targa V-18,1966,26.0,outboard,6344,Maritimes,very_good,6256.46,,28,2026-12-07,[],
comp_452f0fe12c56,internal_sales,sold,Sun Tracker,Party Barge 22 DLX,2008,18.72,outboard,591,Pacific Coast,fair,6064.87,5728.7,118,2025-08-28,[],
comp_65de4c2a767e,brokerage,listing,Boston Whaler,170 Montauk,2017,25.21,inboard,726,Gulf Coast,fair,27023.42,,42,2024-12-09,[],
comp_b22258b1fa55,brokerage,listing,Lund,1975 Impact,2022,19.15,outboard,351,Inland Lakes,excellent,35831.19,,53,2023-05-22,[],
comp_06916e0190db,marketplace,listing,Bennington,24 LXSB,1975,22.15,outboard,155,Great Lakes,poor,2898.28,,36,2025-04-08,"[""solar"", ""trailer"", ""generator""]",
comp_9a1a303e5956,marketplace,sold,Harris,Cruiser 210,2020,16.61,outboard,1123,Atlantic Coast,very_good,15576.24,13090.35,56,2024-02-24,"[""AIS"", ""autopilot"", ""solar""]",
comp_e32a2cc63bc8,brokerage,sold,Harris,Cruiser 210,2009,23.21,outboard,822,Pacific Coast,good,12896.63,11436.06,54,2026-05-24,"[""trailer""]",
comp_f10680b85f1c,marketplace,listing,Beneteau,First 27,1977,25.8,sail_aux,1408,Inland Lakes,very_good,34560.96,,59,2024-08-05,[],
comp_75d144ae1343,brokerage,sold,Sea Ray,SPX 190,2014,20.13,sterndrive,1089,Gulf Coast,poor,22682.22,20881.92,158,2026-03-28,"[""autopilot""]",
comp_313fac790a70,brokerage,sold,Lund,1875 Pro-V,2005,12.55,outboard,1058,Great Lakes,good,6666.85,6086.25,36,2026-01-14,[],
comp_e4768279f06e,marketplace,sold,Bennington,20 SVL,2012,20.16,outboard,498,Pacific Coast,very_good,14076.43,12998.91,19,2025-06-12,[],
comp_511c04177d9e,marketplace,listing,Formula,290 BR,2001,34.47,sterndrive,435,Gulf Coast,poor,39175.47,,32,2025-06-20,[],
comp_e06f19e265a0,internal_sales,sold,Chaparral,280 OSX,1996,22.34,outboard,93,Maritimes,good,12834.36,10833.39,31,2023-07-18,"[""generator"", ""autopilot""]",
comp_d2b39a2d8dc8,brokerage,sold,Regal,LS4,2009,15.17,sterndrive,3913,Inland Lakes,very_good,11616.06,10695.83,67,2025-04-01,"[""generator"", ""radar""]",
comp_8be9afa1cffc,marketplace,sold,Sea Ray,SLX 260,2009,24.24,outboard,1705,Maritimes,excellent,25814.15,23894.35,32,2024-07-03,[],
comp_162eecf7bb40,marketplace,sold,Sun Tracker,Party Barge 22 DLX,2010,17.77,outboard,424,Great Lakes,fair,6803.28,6040.03,157,2026-06-13,"[""AIS""]",
comp_ae952e353c10,marketplace,sold,Catalina,275 Sport,1993,35.27,inboard,2438,Pacific Coast,good,55961.25,48578.53,29,2025-12-03,[],
comp_e22e9c7c6422,marketplace,sold,Sea Ray,SPX 190,1983,19.33,sterndrive,2874,Gulf Coast,good,6131.36,5374.47,21,2026-02-26,[],
comp_3717731c29fa,brokerage,sold,Jeanneau,Leader 10.5,2016,30.83,sail_aux,291,Inland Lakes,poor,48868.32,45230.39,57,2025-03-27,"[""joystick"", ""AIS"", ""radar""]",
comp_ffb4e4034e53,marketplace,sold,Grady-White,257 Fisherman,2018,15.69,outboard,780,Great Lakes,fair,12559.71,12161.41,52,2023-07-06,[],
comp_1f27a5a25108,brokerage,sold,Sea Ray,SLX 260,1984,25.95,outboard,2603,Pacific Coast,good,10211.81,9911.52,455,2024-04-20,"[""joystick"", ""generator"", ""solar""]",
comp_c86ac54b2230,internal_sales,sold,Boston Whaler,280 Vantage,2022,10.03,outboard,244,Gulf Coast,very_good,15782.77,13359.75,50,2023-05-12,"[""trailer"", ""autopilot""]",
comp_ae2ba50ad7d2,brokerage,sold,Chaparral,23 SSi,1998,22.49,sterndrive,1473,Inland Lakes,poor,8023.76,7660.69,75,2026-12-16,[],
comp_c8449da2d0cc,brokerage,sold,Grady-White,336 Canyon,2012,26.0,outboard,87,Gulf Coast,poor,11741.2,11394.57,77,2024-10-28,"[""generator"", ""trailer"", ""joystick""]",
comp_d85e14ba446d,internal_sales,sold,Catalina,275 Sport,2012,42.11,inboard,261,Great Lakes,very_good,118891.67,107016.1,164,2025-04-06,[],
comp_5ce356a3d16f,internal_sales,listing,Sun Tracker,Bass Buggy 18 DLX,2015,23.29,outboard,522,Atlantic Coast,fair,9971.5,,63,2026-08-04,"[""trailer"", ""joystick""]",
comp_af36372b0586,marketplace,sold,Sun Tracker,Party Barge 22 DLX,2002,22.52,outboard,525,Pacific Coast,very_good,9433.28,7976.82,82,2026-05-12,"[""joystick"", ""AIS""]",
comp_25990280143d,marketplace,sold,Bayliner,Ciera 8,1972,25.11,sterndrive,7521,Maritimes,good,6708.45,5991.86,26,2026-05-26,"[""solar"", ""generator""]",
comp_82390f08b666,brokerage,sold,Sea Ray,SPX 190,1972,17.84,outboard,6256,Inland Lakes,very_good,4672.18,4560.49,32,2025-12-22,"[""radar""]",
comp_57e885fc9115,brokerage,sold,Sea Ray,SLX 260,2009,23.0,outboard,230,Gulf Coast,excellent,19738.42,16643.41,84,2024-10-23,"[""radar"", ""joystick"", ""autopilot""]",
comp_5ecbe4d85764,brokerage,listing,Regal,28 Express,2012,19.0,outboard,894,Gulf Coast,very_good,16610.67,,39,2024-10-19,"[""solar"", ""trailer"", ""radar""]",
comp_1e1f8d4fb5d8,marketplace,sold,Boston Whaler,230 Outrage,2022,23.13,inboard,96,Atlantic Coast,good,43657.61,38186.67,24,2026-06-02,[],
comp_3e25b0417ada,marketplace,sold,Yamaha WaveRunner,VX Cruiser,1989,10.64,jet,690,Atlantic Coast,good,1215.45,1189.81,40,2023-03-13,"[""generator"", ""solar""]",
comp_ad1118cd6162,internal_sales,sold,Harris,Solstice 230,1991,15.15,outboard,949,Maritimes,fair,3284.73,3010.65,25,2026-01-22,"[""generator"", ""trailer"", ""AIS""]",
comp_1f9f324e1788,marketplace,sold,Grady-White,336 Canyon,2002,20.37,outboard,2050,Gulf Coast,good,11901.52,10519.62,13,2026-12-23,"[""trailer"", ""joystick""]",
comp_6f48ca852389,marketplace,listing,Bayliner,Ciera 8,1983,24.62,outboard,2406,Gulf Coast,very_good,9314.13,,40,2026-01-08,"[""radar""]",
comp_d6eb2cfb6ab7,marketplace,sold,Bayliner,Element M17,1989,16.73,sterndrive,2571,Pacific Coast,fair,4338.56,3752.51,47,2024-06-01,"[""solar"", ""radar""]",
comp_a8e5726dc818,brokerage,listing,Chaparral,21 SSI,1984,19.15,outboard,208,Atlantic Coast,very_good,8124.66,,76,2026-09-21,"[""trailer"", ""AIS""]",
comp_a8deac696813,internal_sales,sold,SafeBoat,25 Defender,2007,32.33,outboard,1762,Maritimes,fair,41297.67,37028.32,32,2025-08-24,"[""joystick"", ""solar""]",
comp_cd18a16b24cb,marketplace,sold,SafeBoat,33 Full Cabin,2026,11.07,inboard,0,Great Lakes,excellent,56458.91,50156.69,88,2023-05-24,"[""radar"", ""trailer""]",
comp_c1f88edfc3f3,marketplace,sold,Formula,350 CBR,2016,37.7,sterndrive,1181,Inland Lakes,excellent,156573.05,136269.14,22,2024-03-20,"[""radar"", ""AIS""]",
comp_5276101c5bf8,brokerage,sold,Tracker,Pro Team 175,2005,25.92,inboard,782,Pacific Coast,good,15411.23,14206.2,119,2026-08-11,"[""AIS"", ""generator""]",
comp_05694aff0623,internal_sales,listing,Boston Whaler,230 Outrage,2005,24.87,inboard,2218,Pacific Coast,excellent,26204.95,,32,2023-06-01,"[""radar"", ""generator""]",
comp_3f4931b36d65,brokerage,sold,Boston Whaler,170 Montauk,2014,25.45,inboard,559,Pacific Coast,very_good,32448.24,29845.91,37,2026-09-19,[],
comp_ee6801e0b5fb,brokerage,sold,Lund,1975 Impact,2002,23.81,outboard,155,Maritimes,very_good,19125.46,16904.72,70,2023-09-27,"[""joystick""]",
comp_2640da824cc8,marketplace,sold,Harris,Cruiser 210,2007,18.02,outboard,1574,Atlantic Coast,poor,5033.58,4254.89,171,2024-04-14,"[""trailer"", ""solar""]",
comp_9e257e52ff13,brokerage,sold,Harris,Cruiser 210,2012,22.72,outboard,1007,Gulf Coast,good,13991.29,13068.09,47,2025-12-21,"[""radar""]",
comp_44f59405e393,internal_sales,sold,Harris,Cruiser 210,1973,22.03,outboard,982,Atlantic Coast,poor,1987.8,1677.41,82,2025-04-25,"[""trailer""]",
comp_43dafdd4ff8c,marketplace,sold,Yamaha WaveRunner,VX Cruiser,2017,11.11,jet,526,Gulf Coast,good,4815.46,4183.11,22,2024-04-27,[],
comp_086606cf6d34,marketplace,listing,Regal,28 Express,1991,26.0,outboard,1673,Maritimes,very_good,12427.52,,15,2026-12-11,"[""autopilot""]",
comp_d162aee6f54b,marketplace,sold,Regal,26 XO,2008,14.73,outboard,683,Pacific Coast,good,9600.53,8382.07,55,2026-08-08,[],
comp_8030ef7054d7,internal_sales,sold,Chaparral,21 SSI,2012,20.99,outboard,720,Atlantic Coast,fair,15016.78,13699.24,18,2025-02-20,"[""generator"", ""AIS""]",
comp_7b9a35c7cff0,marketplace,sold,Grady-White,336 Canyon,2014,24.23,inboard,409,Maritimes,fair,17985.1,15234.33,15,2024-06-12,"[""generator"", ""joystick"", ""AIS""]",
comp_621cf13fbde2,marketplace,sold,Sun Tracker,Bass Buggy 18 DLX,2000,19.81,outboard,815,Atlantic Coast,fair,5414.57,5174.86,66,2026-05-19,[],
comp_8d0cde4ca865,brokerage,sold,Regal,LS4,2003,26.0,sterndrive,923,Great Lakes,poor,9531.4,8683.86,98,2025-11-03,[],
comp_ba479e87a265,internal_sales,listing,Beneteau,First 27,1988,15.33,sail_aux,2861,Gulf Coast,fair,14473.29,,34,2024-11-23,"[""AIS""]",
comp_19e47814cfb8,marketplace,sold,Regal,26 XO,2021,14.5,outboard,507,Great Lakes,fair,13255.51,12869.72,57,2026-09-18,"[""AIS"", ""joystick"", ""trailer""]",
comp_639e7d0acbb6,marketplace,listing,Sun Tracker,Party Barge 22 DLX,2002,21.8,outboard,1332,Maritimes,fair,6866.69,,25,2025-02-18,[],
comp_ba190882cfa3,marketplace,listing,Grady-White,191 CE,2022,26.0,outboard,112,Inland Lakes,good,48262.08,,8,2025-05-18,[],
comp_530cb6c08c47,marketplace,listing,Carver,C40 Command Bridge,1994,35.94,sterndrive,766,Maritimes,good,50388.39,,40,2024-12-03,[],
comp_229e3360e574,marketplace,sold,Boston Whaler,170 Montauk,2014,20.48,outboard,252,Inland Lakes,very_good,21584.58,20005.18,23,2024-07-12,"[""trailer""]",
comp_ab9163a673f6,marketplace,listing,Hunter,36,1991,36.52,inboard,385,Atlantic Coast,fair,43609.09,,51,2023-06-07,"[""solar"", ""joystick""]",
comp_97fa8268d95f,brokerage,sold,Bayliner,VR5,1973,19.94,sterndrive,4055,Gulf Coast,fair,3762.82,3491.95,68,2024-09-11,[],
comp_6ea6a26952c6,marketplace,sold,Grady-White,336 Canyon,2022,12.54,inboard,1544,Pacific Coast,very_good,19624.3,16906.82,76,2023-02-08,"[""radar"", ""solar"", ""generator""]",
comp_30a58816540a,marketplace,sold,Grady-White,336 Canyon,1967,15.18,outboard,10585,Great Lakes,very_good,3641.31,3429.06,9,2023-08-23,"[""autopilot"", ""trailer""]",
comp_4aa086cb9127,brokerage,listing,Regal,26 XO,1992,18.62,sterndrive,1752,Gulf Coast,very_good,9308.09,,34,2025-07-27,[],
comp_2d4a09b81d83,brokerage,listing,Chaparral,21 SSI,2025,24.28,sterndrive,47,Atlantic Coast,good,55663.58,,26,2026-04-08,"[""radar""]",
comp_efcba0caeb9c,internal_sales,listing,Catalina,445,1981,43.11,inboard,2154,Maritimes,good,53013.16,,67,2024-12-23,[],
comp_3f79529d60c9,marketplace,listing,Sun Tracker,Party Barge 22 DLX,2026,26.0,outboard,0,Pacific Coast,good,48352.03,,107,2026-08-10,"[""radar""]",
comp_879b03cd7db5,marketplace,sold,Sea Ray,Sundancer 320,1972,46.11,sterndrive,933,Pacific Coast,fair,41307.55,39713.58,34,2026-08-17,[],
comp_f6b667141b0b,brokerage,sold,Bayliner,Element M17,1996,24.56,outboard,2369,Great Lakes,good,13820.84,12876.36,139,2026-11-17,[],
comp_230214874c4b,marketplace,sold,Sun Tracker,Party Barge 22 DLX,1979,18.78,outboard,3357,Inland Lakes,good,3599.01,3134.06,43,2024-02-28,"[""solar"", ""joystick"", ""radar""]",
comp_da80d33d2272,brokerage,sold,Bennington,22 SSB,2001,21.88,outboard,3717,Pacific Coast,very_good,12318.99,12029.98,79,2023-03-03,"[""AIS""]",
comp_6bcfd70b1ae9,marketplace,sold,HarborCat,36 Pilot,2004,36.76,jet,7490,Great Lakes,good,55516.42,48256.91,112,2025-05-07,"[""generator"", ""autopilot""]",
comp_90afa013f2f2,marketplace,sold,Tracker,Pro Team 175,1985,24.36,inboard,3888,Great Lakes,very_good,9010.41,8010.03,28,2023-11-20,"[""trailer""]",
comp_91e663bc6cc0,brokerage,sold,Grady-White,191 CE,1963,16.26,outboard,2322,Maritimes,good,2773.86,2357.61,20,2024-12-20,"[""AIS""]",
comp_b231867d0178,marketplace,sold,Tiara,44 Coupe,2000,40.81,sterndrive,1183,Atlantic Coast,very_good,106177.2,89274.82,21,2025-07-23,[],
comp_b9a6dad04712,marketplace,listing,Bayliner,Element M17,1987,22.49,sterndrive,1665,Great Lakes,good,8326.76,,42,2024-03-21,[],
comp_ab5210de2050,brokerage,listing,Formula,290 BR,2013,27.6,inboard,2767,Pacific Coast,fair,52556.45,,44,2023-01-12,[],
comp_939d5f543dd2,brokerage,sold,Bayliner,Ciera 8,1974,25.11,sterndrive,6186,Maritimes,excellent,8471.15,8115.8,80,2026-09-25,"[""radar""]",
comp_47f4f8ddfb71,brokerage,sold,Regal,LS4,1977,22.3,outboard,1261,Gulf Coast,very_good,8100.9,7564.72,41,2024-01-22,"[""AIS"", ""generator""]",
comp_d69795e93be7,internal_sales,listing,Harris,Solstice 230,2014,26.0,outboard,231,Maritimes,excellent,20729.35,,46,2023-04-27,"[""radar"", ""autopilot"", ""solar""]",
comp_37c9e204e8fb,internal_sales,sold,Boston Whaler,230 Outrage,1989,16.7,outboard,4190,Maritimes,good,7282.59,6315.39,12,2023-05-23,"[""trailer"", ""autopilot"", ""solar""]",
comp_cdd8d20f01b2,internal_sales,sold,Carver,C40 Command Bridge,2002,34.04,inboard,1555,Pacific Coast,poor,34233.67,30699.26,46,2024-06-12,"[""joystick""]",
comp_595d18be8670,brokerage,listing,Bennington,22 SSB,1987,20.05,outboard,3523,Gulf Coast,good,5619.28,,63,2025-05-23,"[""autopilot""]",
comp_7122c45e8e8c,brokerage,sold,Carver,C34 Coupe,2007,33.59,sterndrive,1403,Inland Lakes,very_good,81618.08,72054.37,15,2026-03-02,"[""trailer""]",
comp_30750cec5216,brokerage,sold,Beneteau,Oceanis 41.1,2014,36.77,inboard,476,Inland Lakes,poor,61439.87,55910.22,39,2024-12-09,[],
comp_a16b74c26c70,marketplace,sold,Yamaha WaveRunner,FX HO,1999,11.76,jet,405,Atlantic Coast,good,2406.79,2037.72,36,2024-07-11,"[""generator"", ""autopilot"", ""radar""]",
comp_b50f66bb53a8,marketplace,sold,Lund,1875 Pro-V,2013,25.69,outboard,2370,Pacific Coast,good,23103.64,19447.58,48,2026-11-26,"[""radar"", ""autopilot""]",
comp_2369ab0e50cf,marketplace,sold,Regal,LS4,2004,26.0,sterndrive,1081,Great Lakes,very_good,22023.87,20764.24,30,2026-04-10,"[""AIS"", ""trailer""]",
comp_fd035d1a73df,marketplace,listing,Tiara,44 Coupe,1973,30.27,sterndrive,2669,Great Lakes,poor,16979.23,,34,2026-06-19,[],
comp_e67ebb899d0f,marketplace,sold,Boston Whaler,280 Vantage,2023,17.55,inboard,162,Gulf Coast,very_good,30192.47,26343.0,72,2025-02-10,"[""generator""]",
comp_6bcbd3bea2db,brokerage,listing,Harris,Cruiser 210,2014,26.0,outboard,324,Inland Lakes,poor,10030.07,,73,2025-03-21,"[""trailer"", ""generator""]",
comp_49db7b98b40e,marketplace,sold,Bayliner,VR5,1979,24.74,sterndrive,6440,Great Lakes,fair,5990.29,5834.42,21,2023-01-20,"[""autopilot"", ""joystick"", ""AIS""]",
comp_98fc32b59bf4,marketplace,sold,Beneteau,Oceanis 41.1,1969,27.36,inboard,547,Atlantic Coast,excellent,32319.34,28068.06,26,2023-04-14,"[""solar"", ""autopilot""]",
comp_6f7eb360c6e6,internal_sales,sold,Chaparral,21 SSI,2023,26.0,outboard,29,Atlantic Coast,good,47353.7,41780.27,53,2025-07-24,"[""radar""]",
comp_92d64cc721c4,marketplace,sold,Formula,290 BR,2008,34.24,inboard,911,Maritimes,good,76033.43,74359.85,35,2023-03-26,[],
comp_5a61d5114d8e,brokerage,listing,Boston Whaler,230 Outrage,2007,27.75,outboard,1768,Gulf Coast,very_good,27890.75,,69,2025-12-04,"[""trailer""]",
comp_c841077cfa11,brokerage,sold,Formula,350 CBR,1973,42.99,sterndrive,11170,Great Lakes,excellent,64710.6,61198.97,16,2023-05-07,"[""generator"", ""joystick"", ""solar""]",
comp_07110d658e93,marketplace,listing,Carver,C40 Command Bridge,2012,50.3,sterndrive,383,Great Lakes,fair,106763.48,,78,2025-03-05,[],
comp_6c1a9ed44edf,brokerage,sold,HarborCat,36 Pilot,2011,50.51,jet,4255,Gulf Coast,fair,85460.27,76913.15,80,2026-09-18,"[""joystick"", ""AIS""]",
comp_db8c069678e9,marketplace,sold,Formula,350 CBR,2002,28.55,sterndrive,588,Inland Lakes,very_good,70101.52,68078.46,34,2023-01-11,"[""solar""]",
comp_59bb366c8f21,marketplace,listing,Bennington,24 LXSB,1972,22.02,outboard,4728,Gulf Coast,fair,3379.19,,39,2024-10-02,"[""joystick"", ""trailer"", ""generator""]",
comp_7b51b2c7e1bc,marketplace,sold,Bennington,24 LXSB,1983,18.04,outboard,1564,Gulf Coast,very_good,5479.61,4782.75,14,2023-03-19,"[""generator"", ""solar""]",
comp_fde79cdda749,marketplace,sold,Grady-White,257 Fisherman,2002,19.04,inboard,461,Great Lakes,good,10694.19,9282.37,32,2026-04-28,"[""generator"", ""trailer""]",
comp_3bb025a9bb25,marketplace,sold,Harris,Cruiser 210,1984,22.77,outboard,1256,Great Lakes,fair,5415.1,4774.93,27,2025-07-26,[],
comp_75448cf9adb0,brokerage,sold,Tiara,38 LS,1978,27.56,sterndrive,2878,Gulf Coast,good,32056.59,30644.77,81,2025-04-24,"[""AIS""]",
comp_350facd05185,marketplace,sold,Harris,Solstice 230,2005,23.1,outboard,1336,Gulf Coast,good,7098.37,6869.03,82,2025-09-23,"[""radar""]",
comp_9cbd9bccc1ba,brokerage,sold,Chaparral,23 SSi,2014,13.27,outboard,418,Gulf Coast,good,10640.04,10071.23,30,2026-12-13,"[""radar"", ""joystick""]",
comp_fd3fd29ef787,marketplace,sold,Regal,26 XO,2022,21.39,outboard,65,Gulf Coast,good,27573.98,23890.85,66,2023-04-10,[],
comp_195e1fe5ba1e,marketplace,listing,Regal,28 Express,2009,23.79,sterndrive,643,Maritimes,fair,15144.17,,20,2023-02-14,[],
comp_ef955c1170f0,marketplace,sold,Bayliner,Ciera 8,2022,17.82,sterndrive,205,Inland Lakes,poor,12247.47,11683.02,18,2024-08-18,"[""autopilot"", ""radar"", ""solar""]",
comp_2506116a33db,marketplace,sold,Chaparral,21 SSI,2023,15.63,sterndrive,219,Gulf Coast,good,23279.41,20118.03,89,2025-01-27,"[""AIS"", ""solar"", ""autopilot""]",
comp_eee3d65df3c9,marketplace,sold,Harris,Solstice 230,2010,19.44,outboard,501,Great Lakes,good,9787.51,9243.32,30,2023-07-17,"[""AIS"", ""solar"", ""joystick""]",
comp_82d63480aba1,marketplace,sold,Boston Whaler,230 Outrage,1989,19.34,inboard,14127,Atlantic Coast,fair,7624.42,7108.89,71,2026-01-22,"[""AIS"", ""joystick"", ""autopilot""]",
comp_c92d72bf7908,internal_sales,sold,Regal,28 Express,1972,15.72,outboard,2590,Great Lakes,good,3622.66,3256.71,37,2023-07-08,"[""AIS"", ""solar""]",
comp_6d2e845d96b6,marketplace,sold,Bayliner,Element M17,1970,16.04,outboard,1133,Atlantic Coast,fair,2652.19,2537.89,23,2024-02-26,"[""AIS"", ""solar""]",
comp_77bd24500c40,internal_sales,sold,Sun Tracker,Party Barge 22 DLX,2025,24.9,outboard,39,Maritimes,good,40034.7,36152.32,13,2026-11-05,"[""trailer""]",
comp_f947f459f238,internal_sales,sold,Regal,28 Express,2015,19.28,outboard,627,Maritimes,good,15761.91,13814.17,27,2025-08-22,[],
comp_47beb0b068f8,marketplace,sold,Sun Tracker,Bass Buggy 18 DLX,2020,12.95,outboard,931,Pacific Coast,very_good,9875.89,8693.02,110,2023-03-10,"[""radar"", ""autopilot""]",
comp_d18976207ba3,marketplace,sold,Regal,26 XO,2007,19.74,sterndrive,553,Maritimes,very_good,16623.85,15012.36,72,2023-08-19,"[""AIS"", ""radar""]",
comp_51a2549e9537,marketplace,sold,Carver,C40 Command Bridge,2002,50.14,inboard,2796,Atlantic Coast,very_good,135604.88,117485.15,26,2025-09-16,"[""generator"", ""autopilot"", ""radar""]",
comp_5294b92d6ffc,brokerage,sold,Jeanneau,Sun Odyssey 349,2017,44.45,sail_aux,621,Atlantic Coast,fair,120726.81,107787.39,19,2024-02-25,"[""solar"", ""generator""]",
comp_d76e012fb83f,brokerage,sold,Regal,26 XO,1995,18.62,sterndrive,2846,Gulf Coast,good,9015.25,8166.18,55,2024-05-19,"[""generator""]",
comp_5d1c79aebd49,internal_sales,sold,Beneteau,Oceanis 31,2002,31.55,sail_aux,609,Great Lakes,good,67968.21,61557.32,158,2025-06-01,"[""solar"", ""AIS""]",
comp_07839abf3c1b,brokerage,sold,Jeanneau,Sun Odyssey 349,2017,17.17,inboard,190,Maritimes,poor,20010.48,17117.26,77,2025-12-15,"[""AIS"", ""joystick""]",
comp_7f84d411bf61,brokerage,listing,Sea Ray,SDX 250,2015,25.07,outboard,872,Gulf Coast,very_good,27059.46,,42,2025-12-26,"[""joystick"", ""autopilot""]",
comp_0315d9de93ee,brokerage,sold,HarborCat,36 Pilot,1995,18.24,inboard,4567,Gulf Coast,fair,14675.98,12403.37,31,2024-11-03,"[""joystick"", ""generator""]",
comp_41f93f73f5a1,marketplace,listing,Chaparral,21 SSI,2007,17.41,outboard,921,Gulf Coast,good,11527.62,,30,2024-03-15,"[""autopilot""]",
comp_591163644405,marketplace,sold,Catalina,355,2025,37.01,inboard,73,Great Lakes,fair,132693.84,117704.34,251,2026-07-08,[],
comp_636fd28859fe,internal_sales,sold,Beneteau,Oceanis 31,2005,42.98,sail_aux,1715,Great Lakes,good,108868.06,94707.52,100,2026-08-23,"[""AIS""]",
comp_9cde2cdc78f6,marketplace,sold,Bennington,20 SVL,2003,26.0,outboard,363,Maritimes,excellent,16922.1,15380.0,82,2025-02-04,[],
comp_5ad624bc7b63,internal_sales,sold,Bennington,24 LXSB,2023,17.25,outboard,588,Maritimes,good,21661.18,19714.64,38,2024-07-11,"[""AIS"", ""joystick""]",
comp_e6811aa2afa3,marketplace,listing,Chaparral,21 SSI,2022,20.36,sterndrive,132,Atlantic Coast,poor,14698.09,,35,2026-10-18,"[""generator""]",
comp_cdd2526b481f,internal_sales,sold,Tiara,44 Coupe,2025,43.3,inboard,183,Pacific Coast,good,273134.55,243438.17,27,2023-12-23,"[""joystick"", ""radar"", ""AIS""]",
comp_22056db24130,marketplace,sold,Regal,26 XO,2008,22.89,sterndrive,1402,Maritimes,good,17427.56,16345.01,21,2023-06-16,"[""trailer"", ""solar""]",
comp_83c19a8772b9,internal_sales,sold,Sun Tracker,Bass Buggy 18 DLX,2014,23.29,outboard,279,Atlantic Coast,very_good,16464.62,13888.4,133,2023-03-21,"[""autopilot"", ""solar""]",
comp_ef8a209d1eaa,brokerage,listing,Harris,Cruiser 210,2022,26.0,outboard,240,Maritimes,very_good,29201.55,,87,2025-07-25,"[""joystick""]",
comp_8517277e2574,internal_sales,sold,Tracker,Pro Team 175,2020,26.0,inboard,638,Atlantic Coast,very_good,40061.76,39034.23,103,2024-12-14,"[""radar""]",
comp_f252d6f99e01,internal_sales,sold,Carver,C40 Command Bridge,2003,50.14,inboard,2192,Atlantic Coast,very_good,134125.12,127044.3,72,2024-06-18,"[""autopilot""]",
comp_50e088f2839e,brokerage,sold,Chaparral,280 OSX,2008,25.21,outboard,943,Pacific Coast,fair,14850.24,14159.29,22,2026-04-08,[],
comp_016bd70eec77,brokerage,sold,Catalina,275 Sport,1981,41.4,inboard,1532,Inland Lakes,fair,44217.53,40880.87,58,2023-03-25,"[""trailer"", ""radar"", ""joystick""]",
comp_30b7ce358536,brokerage,sold,Sea Ray,SPX 190,1983,39.35,sterndrive,3179,Great Lakes,good,56572.31,51685.11,10,2026-10-13,"[""joystick""]",
comp_48d25cef88ce,brokerage,sold,Lund,1650 Angler,2001,25.59,outboard,1302,Pacific Coast,poor,9201.01,7790.61,51,2023-10-08,"[""generator"", ""joystick""]",
comp_e4884c7c648e,brokerage,listing,Regal,LS4,2008,19.92,sterndrive,593,Atlantic Coast,very_good,17306.6,,19,2023-06-18,"[""AIS""]",
comp_091cd4f28029,marketplace,listing,Lund,1875 Pro-V,2018,22.58,inboard,2403,Maritimes,good,28227.92,,134,2025-12-18,[],
comp_418eed49a26b,brokerage,sold,Lund,1650 Angler,2004,24.8,inboard,1433,Gulf Coast,fair,13899.39,12664.97,141,2025-07-10,"[""radar""]",
comp_4ef9937cffe4,marketplace,sold,Regal,LS4,2001,26.0,sterndrive,1244,Great Lakes,good,15373.46,13541.01,43,2024-04-07,"[""radar"", ""autopilot""]",
comp_a92e09d76bba,marketplace,sold,Lund,1650 Angler,2001,21.4,outboard,147,Gulf Coast,good,13695.57,13333.23,39,2023-06-19,"[""autopilot""]",
comp_0bd1d45a142c,internal_sales,sold,Regal,LS4,2013,23.58,sterndrive,193,Maritimes,fair,11192.79,10033.2,48,2025-11-16,"[""autopilot""]",
comp_212811e70702,brokerage,sold,Formula,350 CBR,2006,36.8,sterndrive,1883,Pacific Coast,very_good,95771.18,93631.3,140,2023-07-25,"[""radar""]",
comp_52f47010d8be,brokerage,sold,Sea Ray,Sundancer 320,2006,32.53,inboard,2127,Maritimes,very_good,79897.52,72226.97,71,2025-07-10,"[""trailer"", ""solar"", ""joystick""]",
comp_bcf8a03ab342,marketplace,sold,Jeanneau,Leader 10.5,1974,42.71,inboard,3052,Gulf Coast,excellent,63755.35,57826.46,19,2026-09-22,"[""radar"", ""AIS"", ""solar""]",
comp_0a8526e8d8fd,marketplace,listing,Sun Tracker,Party Barge 22 DLX,2006,17.77,outboard,553,Great Lakes,excellent,10174.67,,104,2023-08-09,"[""AIS""]",
comp_762a219789e7,brokerage,sold,Chaparral,280 OSX,1985,18.6,outboard,5265,Great Lakes,good,6117.67,5176.98,22,2026-01-01,[],
comp_330d54a8ea4a,brokerage,sold,Carver,C34 Coupe,2007,35.13,sterndrive,2328,Maritimes,fair,61615.49,59770.83,85,2023-07-16,"[""radar"", ""joystick"", ""AIS""]",
comp_cf66ed3addc3,internal_sales,listing,Chaparral,280 OSX,2015,22.39,sterndrive,315,Inland Lakes,good,20356.25,,26,2026-11-20,"[""AIS""]",
comp_a6ac74d183c8,marketplace,sold,Bayliner,DX2000,2025,15.61,sterndrive,123,Maritimes,good,26146.25,25280.72,43,2024-10-04,"[""AIS""]",
comp_0c2df4996522,marketplace,sold,Catalina,445,2025,40.53,inboard,54,Pacific Coast,very_good,191270.51,182739.18,36,2026-07-16,"[""AIS"", ""joystick""]",
comp_48b11f5ee632,brokerage,sold,Formula,350 CBR,2013,33.91,inboard,1609,Maritimes,very_good,107589.04,100184.16,27,2025-04-23,"[""generator""]",
comp_924e17caabfe,brokerage,sold,Harris,Cruiser 210,2019,22.41,outboard,153,Great Lakes,poor,11795.09,11380.49,332,2026-06-21,"[""generator"", ""solar""]",
comp_04bed9ed8188,marketplace,listing,Formula,290 BR,2020,35.25,inboard,608,Pacific Coast,good,144161.91,,29,2026-01-03,"[""joystick""]",
comp_80c88352b0b1,brokerage,sold,Chaparral,23 SSi,1972,23.01,outboard,1255,Maritimes,poor,3245.99,3080.9,47,2026-10-25,"[""joystick"", ""trailer""]",
comp_a629943bc70f,marketplace,sold,Harris,Cruiser 210,2006,11.14,outboard,673,Maritimes,excellent,4667.12,4127.46,36,2023-11-19,"[""radar""]",
comp_eb2edd3fb133,marketplace,sold,Beneteau,Oceanis 41.1,2016,57.88,sail_aux,194,Great Lakes,good,180615.97,166869.89,102,2023-09-04,"[""generator""]",
comp_147c4c759f0b,marketplace,sold,Bayliner,VR5,2022,26.0,sterndrive,122,Pacific Coast,poor,22234.18,20901.8,209,2025-10-12,"[""AIS"", ""radar"", ""joystick""]",
comp_35115c2a6b62,brokerage,listing,Lund,1975 Impact,2018,26.0,inboard,497,Maritimes,good,28194.3,,144,2025-03-13,"[""trailer""]",
comp_cdf8a20aa2bc,brokerage,sold,Harris,Cruiser 210,1992,22.85,outboard,4122,Great Lakes,good,7367.32,7121.91,55,2026-04-11,"[""autopilot"", ""joystick"", ""solar""]",
comp_0101e73c7d3d,internal_sales,sold,Boston Whaler,230 Outrage,2001,23.8,inboard,4555,Atlantic Coast,good,15644.57,13285.77,55,2023-02-22,"[""joystick"", ""solar"", ""radar""]",
comp_e1e411c6c0c3,marketplace,listing,Harris,Solstice 230,2026,19.86,outboard,0,Maritimes,good,32076.29,,51,2024-08-09,"[""generator"", ""trailer"", ""radar""]",
comp_63037fc6fe5b,brokerage,sold,Carver,C40 Command Bridge,2023,34.63,inboard,615,Pacific Coast,very_good,172024.15,151447.25,81,2023-05-03,[],
comp_51211dc4b879,brokerage,listing,Parker,2320 Sport Cabin,2010,28.77,outboard,7139,Pacific Coast,good,53432.06,,62,2026-05-10,[],
comp_b9986bfe44dd,brokerage,listing,Bennington,20 SVL,1980,18.85,outboard,1256,Pacific Coast,fair,3721.97,,118,2026-01-26,[],
comp_b5a767e7b79a,brokerage,listing,Boston Whaler,280 Vantage,1973,20.65,inboard,1041,Gulf Coast,very_good,3862.38,,25,2025-12-13,[],
comp_f16cd344cc24,brokerage,sold,Lund,1875 Pro-V,2002,21.06,inboard,1839,Gulf Coast,very_good,15059.24,12914.57,57,2025-11-06,[],
comp_4e551f7a8434,marketplace,sold,Formula,350 CBR,2026,32.65,inboard,259,Great Lakes,very_good,247426.96,235534.82,88,2025-05-16,"[""generator"", ""joystick"", ""autopilot""]",
comp_fb2a068b8004,internal_sales,listing,Boston Whaler,230 Outrage,2024,21.9,inboard,71,Inland Lakes,good,46351.28,,38,2023-02-11,[],
comp_0dd31d56e817,brokerage,listing,Harris,Solstice 230,2010,12.55,outboard,64,Maritimes,good,5875.17,,244,2025-01-15,"[""trailer"", ""radar""]",
comp_5d6f1c60efd8,brokerage,sold,HarborCat,26 WB,2015,30.35,outboard,2486,Atlantic Coast,fair,50322.84,42686.23,41,2026-09-09,[],
comp_4ed0dc70c45a,brokerage,sold,Hunter,36,1996,16.88,sail_aux,761,Inland Lakes,fair,16691.42,15025.75,58,2024-06-20,"[""generator""]",
comp_2e3b8bc81bdf,marketplace,sold,Tracker,Targa V-18,2022,26.0,inboard,205,Maritimes,good,41722.24,39717.52,68,2026-11-28,"[""trailer"", ""joystick"", ""AIS""]",
comp_e1ed5f4eaf17,internal_sales,sold,Regal,LS4,1975,22.32,outboard,3385,Gulf Coast,good,6361.58,5876.22,66,2025-12-28,"[""generator"", ""radar"", ""AIS""]",
comp_5138d8178452,marketplace,sold,Tiara,44 Coupe,1988,35.93,sterndrive,1663,Pacific Coast,good,58224.46,50009.96,12,2026-07-08,"[""joystick"", ""generator""]",
comp_da750eb8be66,marketplace,sold,Lund,1975 Impact,2015,22.68,inboard,1044,Maritimes,good,20289.44,17161.35,45,2023-07-11,"[""solar"", ""generator"", ""trailer""]",
comp_ea6e04ece231,internal_sales,sold,Boston Whaler,170 Montauk,2002,20.72,outboard,3410,Atlantic Coast,fair,10716.94,9060.61,109,2024-04-24,"[""trailer"", ""solar"", ""AIS""]",
comp_4897268397ae,brokerage,sold,Regal,28 Express,2008,21.1,outboard,1201,Gulf Coast,fair,11247.75,9804.87,48,2023-10-07,"[""autopilot""]",
comp_41d9b7678612,brokerage,sold,Regal,28 Express,1996,23.49,outboard,1676,Gulf Coast,excellent,13197.71,11385.81,53,2025-01-12,"[""AIS""]",
comp_b4383b5b03dc,brokerage,sold,Lund,1875 Pro-V,1995,26.0,outboard,2422,Great Lakes,very_good,16706.19,14291.98,172,2026-03-05,"[""generator""]",
comp_36460b5d6516,marketplace,sold,Bayliner,Ciera 8,2015,20.95,outboard,586,Pacific Coast,very_good,21157.1,18749.45,20,2025-12-08,"[""autopilot""]",
comp_08d7c74d6d14,marketplace,sold,Boston Whaler,280 Vantage,2022,10.03,outboard,173,Gulf Coast,poor,6684.21,6047.65,21,2026-07-13,"[""autopilot""]",
comp_d5edfb59df7d,internal_sales,sold,Carver,C34 Coupe,1974,35.12,sterndrive,8312,Inland Lakes,good,37196.33,31443.06,144,2025-03-19,"[""generator""]",
comp_fee68be3248b,marketplace,listing,Harris,Cruiser 210,1964,23.44,outboard,3832,Pacific Coast,good,3404.51,,90,2026-05-23,"[""autopilot""]",
comp_79fde491dfe4,brokerage,sold,Chaparral,21 SSI,2020,21.97,sterndrive,82,Atlantic Coast,excellent,31094.05,26967.52,16,2026-05-26,"[""radar"", ""joystick""]",
comp_6cc3e1478a3c,marketplace,listing,Grady-White,336 Canyon,2015,21.34,inboard,950,Pacific Coast,poor,7606.66,,143,2023-02-24,"[""solar"", ""radar"", ""generator""]",
comp_2bc93fce6b6c,marketplace,sold,Sea Ray,SLX 260,2013,20.99,sterndrive,3158,Inland Lakes,good,18273.58,16825.18,20,2025-02-04,"[""trailer"", ""generator"", ""autopilot""]",
comp_2de7fa8bbad1,marketplace,listing,Formula,290 BR,2010,33.9,inboard,564,Gulf Coast,poor,48044.24,,45,2025-03-14,"[""trailer""]",
comp_9dba67634ade,marketplace,sold,Boston Whaler,230 Outrage,2023,23.8,inboard,0,Inland Lakes,good,50729.33,44335.61,35,2024-03-17,[],
comp_85a06e0b6763,brokerage,sold,Carver,C40 Command Bridge,2014,29.84,inboard,792,Atlantic Coast,very_good,78703.21,72153.97,84,2024-03-26,"[""generator""]",
comp_81f86c88c7d8,brokerage,sold,Jeanneau,Leader 10.5,2013,37.36,sail_aux,1211,Inland Lakes,very_good,99622.17,91422.25,51,2024-12-22,"[""solar"", ""radar"", ""generator""]",
comp_15374d1678cb,marketplace,sold,Lund,1975 Impact,2024,25.99,outboard,257,Maritimes,very_good,58068.17,51486.44,31,2025-06-11,"[""radar"", ""AIS"", ""generator""]",
comp_b6c41cbc165c,brokerage,sold,Sea Ray,Sundancer 320,1991,28.68,sterndrive,1736,Great Lakes,very_good,49592.56,45905.6,33,2024-01-09,"[""trailer"", ""joystick"", ""generator""]",
comp_364956ef363e,brokerage,sold,Regal,LS4,2014,17.82,outboard,659,Maritimes,good,13485.22,12076.18,157,2023-03-15,"[""AIS"", ""radar"", ""solar""]",
comp_d9d912336be8,brokerage,sold,Carver,C40 Command Bridge,1963,25.4,inboard,9179,Maritimes,good,16644.36,15070.21,46,2024-08-17,"[""trailer"", ""joystick""]",
comp_56f5ce83a60a,brokerage,sold,Tiara,38 LS,1992,11.21,sterndrive,5196,Atlantic Coast,fair,10450.52,10112.31,18,2023-08-26,"[""trailer"", ""radar""]",
comp_88cb8e97a56d,marketplace,sold,Jeanneau,Sun Odyssey 349,2024,16.13,sail_aux,59,Gulf Coast,poor,27129.3,25512.74,33,2023-04-28,"[""AIS"", ""generator""]",
comp_1a3c8739deb2,internal_sales,sold,Carver,C40 Command Bridge,1969,25.4,inboard,6375,Maritimes,good,17929.46,16767.29,354,2025-10-18,"[""solar""]",
comp_5a775337ae5a,marketplace,listing,Kawasaki Jet Ski,STX 160,2018,10.59,jet,611,Inland Lakes,good,4684.82,,26,2026-11-20,"[""radar"", ""trailer""]",
comp_5d08f8295619,brokerage,sold,Sea Ray,SPX 190,1981,17.33,outboard,971,Atlantic Coast,good,4965.47,4499.37,17,2023-05-13,[],
comp_7161a1bbc093,marketplace,sold,Boston Whaler,280 Vantage,2025,26.0,outboard,69,Inland Lakes,good,76894.25,73565.14,84,2024-06-24,"[""solar""]",
comp_67168edaa3f5,brokerage,sold,Beneteau,Oceanis 31,2005,37.93,sail_aux,250,Atlantic Coast,poor,49594.77,43306.02,81,2026-02-13,"[""joystick"", ""autopilot"", ""generator""]",
comp_6708ba10928a,marketplace,listing,Bennington,20 SVL,2001,26.0,outboard,360,Maritimes,good,14142.12,,41,2025-03-21,"[""solar""]",
comp_b04a4334df53,brokerage,sold,Tracker,Targa V-18,2013,21.56,outboard,2736,Gulf Coast,good,16852.19,15653.57,16,2023-05-25,"[""generator"", ""autopilot"", ""solar""]",
comp_dc565c51e9be,marketplace,sold,Jeanneau,Leader 10.5,1970,39.84,inboard,977,Gulf Coast,excellent,55073.65,51160.36,164,2024-05-26,"[""AIS""]",
comp_5b2ccb6c4937,marketplace,sold,Bayliner,DX2000,2002,24.4,sterndrive,246,Pacific Coast,poor,8392.91,7490.37,50,2023-02-21,"[""solar"", ""trailer"", ""radar""]",
comp_0ae8b23697ca,marketplace,listing,Catalina,355,2020,41.04,inboard,1308,Atlantic Coast,very_good,138672.27,,7,2023-12-08,"[""generator"", ""trailer""]",
comp_47ecb0865ff5,marketplace,sold,Grady-White,191 CE,1970,25.1,outboard,3296,Inland Lakes,fair,5816.38,5157.61,39,2023-12-12,[],
comp_067131438603,marketplace,sold,Chaparral,21 SSI,2013,20.99,outboard,980,Atlantic Coast,very_good,19139.41,17695.75,60,2024-11-08,"[""generator"", ""radar""]",
comp_464280a9b086,marketplace,sold,Tiara,38 LS,1971,37.07,inboard,7175,Pacific Coast,fair,30145.77,28628.8,20,2025-11-15,"[""autopilot"", ""radar"", ""trailer""]",
comp_d2f695abfd6b,brokerage,listing,Formula,350 CBR,2007,39.78,inboard,964,Atlantic Coast,good,97261.27,,13,2026-08-11,"[""generator"", ""AIS""]",
comp_88da0af6991b,marketplace,sold,Harris,Solstice 230,2020,20.56,outboard,487,Pacific Coast,fair,13726.65,11578.4,43,2025-01-22,"[""solar"", ""generator""]",
comp_6e2af18fc6df,marketplace,sold,Boston Whaler,170 Montauk,2016,29.81,inboard,679,Inland Lakes,very_good,38185.39,34336.62,14,2026-06-06,"[""solar"", ""joystick""]",
comp_05c3de533101,marketplace,listing,Parker,2320 Sport Cabin,2008,25.55,outboard,359,Maritimes,fair,30122.44,,112,2025-02-10,[],
comp_663c07d276b0,marketplace,sold,Chaparral,21 SSI,2005,17.41,outboard,1656,Gulf Coast,very_good,12048.75,11129.76,35,2024-09-10,"[""trailer"", ""autopilot"", ""solar""]",
comp_2850d80c2f3a,internal_sales,listing,Jeanneau,Leader 10.5,2010,50.72,inboard,778,Inland Lakes,excellent,159687.39,,30,2024-01-11,"[""AIS""]",
comp_6e9155d6c949,marketplace,sold,Bennington,22 SSB,1984,16.98,outboard,2432,Maritimes,poor,2431.89,2210.18,9,2024-10-17,"[""trailer""]",
comp_c48e4e227ddc,marketplace,sold,Regal,LS4,2023,19.51,outboard,101,Great Lakes,good,27188.1,24497.78,71,2025-06-16,[],
comp_9a4ca32ad15a,brokerage,listing,Parker,2320 Sport Cabin,2017,15.78,jet,2760,Great Lakes,poor,17738.38,,24,2023-07-28,"[""generator""]",
comp_fc8796647b8f,internal_sales,listing,Catalina,275 Sport,1988,35.27,inboard,1310,Pacific Coast,very_good,56707.5,,55,2025-04-24,[],
comp_28fa727f109b,brokerage,sold,Sea Ray,SPX 190,2000,19.76,outboard,303,Atlantic Coast,good,10832.32,9976.12,38,2026-02-03,"[""trailer"", ""joystick"", ""autopilot""]",
comp_603d6d96fdac,brokerage,sold,Grady-White,191 CE,2019,26.0,inboard,989,Pacific Coast,fair,27477.27,24269.42,109,2026-08-23,"[""trailer"", ""radar""]",
comp_2de566859920,internal_sales,sold,Boston Whaler,230 Outrage,1969,17.41,outboard,8849,Atlantic Coast,fair,3019.88,2608.77,63,2024-01-07,"[""autopilot"", ""trailer""]",
comp_b80cac53aab1,marketplace,sold,Bennington,24 LXSB,2023,25.3,outboard,84,Inland Lakes,very_good,42208.0,36394.31,14,2026-12-26,"[""trailer"", ""autopilot"", ""joystick""]",
comp_8feaa7474190,marketplace,sold,Regal,28 Express,1998,18.22,sterndrive,430,Pacific Coast,excellent,11760.24,9898.0,85,2023-01-01,"[""autopilot""]",
comp_dd1dee1fb14c,brokerage,listing,Carver,C34 Coupe,2019,39.17,inboard,647,Inland Lakes,excellent,164084.97,,17,2025-02-27,[],
comp_facb9f1ac9fd,brokerage,listing,Sea Ray,Sundancer 320,2021,21.8,outboard,249,Maritimes,fair,16408.52,,9,2023-05-12,"[""generator"", ""joystick""]",
comp_cf6f72c21279,marketplace,listing,Carver,C34 Coupe,1976,40.56,sterndrive,3972,Pacific Coast,good,46058.56,,57,2026-09-05,"[""trailer"", ""AIS""]",
comp_4dfa24d7f0f7,marketplace,sold,Harris,Cruiser 210,1989,22.48,outboard,861,Gulf Coast,good,6163.6,5658.95,25,2023-07-09,"[""generator"", ""radar""]",
comp_8fb2ffa8d9a3,brokerage,sold,Beneteau,Oceanis 31,2006,42.98,sail_aux,1341,Great Lakes,good,111686.23,99794.6,24,2026-11-27,"[""trailer"", ""AIS""]",
comp_b08729c793fd,brokerage,listing,Grady-White,336 Canyon,2009,24.41,inboard,926,Gulf Coast,good,20373.9,,145,2024-09-16,"[""joystick""]",
comp_764737c03138,marketplace,sold,Sea Ray,SLX 260,2001,36.22,sterndrive,1693,Atlantic Coast,very_good,77973.26,66576.68,152,2026-07-09,"[""joystick"", ""generator""]",
comp_7d03e5a7e79d,marketplace,sold,Bennington,20 SVL,1964,18.9,outboard,1124,Gulf Coast,fair,2486.21,2203.88,16,2024-09-14,"[""AIS"", ""trailer""]",
comp_b1d81fea46d4,brokerage,sold,Hunter,36,1995,33.29,inboard,842,Great Lakes,excellent,54128.93,49783.87,36,2024-02-10,"[""autopilot"", ""generator"", ""joystick""]",
comp_229d9b161575,marketplace,sold,Boston Whaler,170 Montauk,2006,23.16,outboard,1684,Atlantic Coast,very_good,19676.8,17301.42,34,2024-10-09,"[""trailer"", ""solar"", ""joystick""]",
comp_b8afb450720c,brokerage,sold,Sea-Doo,RXT-X 300,2012,11.62,jet,466,Gulf Coast,poor,2141.63,1916.86,57,2024-08-20,[],
comp_9515c0a6629b,internal_sales,sold,Lund,1975 Impact,2005,23.81,outboard,200,Maritimes,good,16782.35,14918.17,22,2025-09-19,"[""solar"", ""generator""]",
comp_cb22fa6b470a,brokerage,sold,Yamaha WaveRunner,FX HO,2017,11.77,jet,236,Great Lakes,good,4897.48,4525.05,114,2025-03-18,"[""generator""]",
comp_be05d94e9ed9,marketplace,sold,Sun Tracker,Party Barge 22 DLX,1973,18.66,outboard,2954,Atlantic Coast,good,2892.19,2792.37,9,2025-04-01,"[""joystick""]",
comp_751d727f2306,marketplace,sold,Bennington,22 SSB,2002,24.83,outboard,1103,Maritimes,fair,8855.35,8526.82,20,2026-07-07,"[""joystick"", ""generator""]",
comp_11c8a4ca63dc,marketplace,sold,Bayliner,Ciera 8,2012,24.41,outboard,486,Inland Lakes,fair,15215.19,13736.52,60,2025-06-07,"[""generator""]",
comp_db9d4dddbdce,brokerage,sold,Formula,350 CBR,1983,29.12,inboard,2597,Atlantic Coast,good,34587.69,30817.82,42,2023-01-22,"[""autopilot"", ""generator""]",
comp_6b5c41d732c3,internal_sales,listing,Bennington,24 LXSB,2025,25.3,outboard,89,Inland Lakes,good,49240.01,,33,2023-03-21,"[""trailer"", ""generator""]",
comp_f1771be15d75,brokerage,listing,Regal,26 XO,2013,26.0,sterndrive,64,Gulf Coast,fair,17054.99,,30,2026-08-05,[],
comp_3d56a5dcafde,brokerage,listing,Boston Whaler,230 Outrage,1986,19.34,inboard,12598,Atlantic Coast,good,7623.62,,102,2025-07-10,"[""generator"", ""autopilot""]",
comp_2b5247b89926,brokerage,sold,Grady-White,336 Canyon,2011,23.32,inboard,1313,Great Lakes,good,22181.44,20930.87,108,2023-05-27,[],
comp_dc24ebc5b0c7,brokerage,sold,Sea Ray,SLX 260,2019,55.54,inboard,2117,Atlantic Coast,very_good,232181.81,208553.61,21,2026-03-13,"[""autopilot"", ""trailer""]",
comp_f27a7ce016dc,marketplace,sold,Sun Tracker,Party Barge 22 DLX,2016,17.45,outboard,249,Atlantic Coast,fair,8486.17,7478.48,28,2025-12-24,[],
comp_0197a8e5ae1e,marketplace,sold,Grady-White,191 CE,1982,21.82,inboard,9674,Great Lakes,good,8451.44,8051.38,165,2024-11-23,[],
comp_2b4503b9f88f,marketplace,sold,Chaparral,21 SSI,2011,24.67,sterndrive,886,Great Lakes,poor,12077.13,10462.8,19,2023-04-22,"[""generator""]",
comp_b338c19acadb,internal_sales,listing,Tracker,Grizzly 1860,1965,25.61,inboard,4190,Great Lakes,good,5577.35,,37,2025-07-18,"[""radar"", ""joystick"", ""solar""]",
comp_ea162ed0d473,brokerage,sold,Regal,28 Express,2013,26.0,sterndrive,498,Pacific Coast,poor,13655.7,12690.05,34,2026-01-12,"[""generator"", ""trailer""]",
comp_a697191895ef,marketplace,sold,Lund,1650 Angler,1971,23.31,inboard,2707,Gulf Coast,excellent,6631.03,6276.18,12,2025-09-15,"[""generator"", ""joystick"", ""radar""]",
comp_7e57d251a35d,internal_sales,sold,Lund,1650 Angler,2022,26.0,inboard,249,Atlantic Coast,fair,30935.07,28785.9,32,2023-08-10,[],
comp_fd4c707cc3a6,internal_sales,sold,Yamaha WaveRunner,FX HO,1998,10.59,jet,1550,Inland Lakes,very_good,2183.36,1997.18,49,2024-01-02,"[""radar"", ""solar"", ""joystick""]",
comp_51f444b7a616,marketplace,listing,Regal,26 XO,2020,21.9,sterndrive,614,Great Lakes,very_good,30737.22,,27,2024-04-01,[],
comp_9692b61740c5,marketplace,sold,Sea Ray,SDX 250,1966,20.15,outboard,8410,Gulf Coast,poor,2523.53,2404.76,71,2026-03-24,[],
comp_502554758747,marketplace,sold,Hunter,31,1981,20.05,sail_aux,1081,Pacific Coast,excellent,20999.06,18671.47,27,2024-10-19,"[""trailer"", ""generator"", ""solar""]",
comp_4f2134ef1e94,marketplace,sold,Tracker,Pro Team 175,1968,17.88,outboard,5268,Great Lakes,fair,3056.27,2816.49,19,2023-01-08,[],
comp_cf1c1e11847e,marketplace,sold,Yamaha WaveRunner,VX Cruiser,1967,12.31,jet,3780,Maritimes,very_good,1000.0,882.5,68,2026-01-10,"[""solar"", ""generator"", ""AIS""]",
comp_aacacb6eb262,marketplace,sold,Alumacraft Pro,Trophy 195,2011,38.84,inboard,3618,Maritimes,good,73080.87,63331.85,37,2023-06-01,"[""AIS"", ""trailer"", ""joystick""]",
comp_09950eb49d04,marketplace,sold,Sea Ray,Sundancer 320,1993,38.55,sterndrive,2884,Maritimes,fair,47502.54,44288.93,47,2024-07-28,"[""AIS"", ""autopilot""]",
comp_eb388b6ed7d0,marketplace,listing,Boston Whaler,230 Outrage,1994,14.2,inboard,3363,Inland Lakes,good,7018.35,,155,2025-09-28,"[""AIS"", ""radar"", ""generator""]",
comp_7a909120cfb9,marketplace,sold,Tiara,38 LS,1983,48.24,sterndrive,5665,Gulf Coast,excellent,80037.02,71449.53,90,2026-11-18,"[""autopilot"", ""AIS""]",
comp_4a742238f94d,marketplace,listing,Lund,1975 Impact,2021,23.82,outboard,206,Gulf Coast,good,34565.41,,77,2026-12-02,[],
comp_fdc5d748a0e5,brokerage,listing,Sun Tracker,Party Barge 22 DLX,1969,19.63,outboard,3466,Inland Lakes,fair,2252.39,,80,2026-06-18,[],
comp_19e13da7fcd9,marketplace,sold,Parker,2820 XLD,2023,30.71,outboard,937,Gulf Coast,fair,101616.9,91756.22,42,2025-02-04,[],
comp_bcedcc290202,brokerage,sold,Sun Tracker,Bass Buggy 18 DLX,1997,21.14,outboard,2776,Gulf Coast,good,7578.85,6950.3,431,2024-10-12,"[""joystick""]",
comp_387fb96c8d20,brokerage,listing,Formula,350 CBR,1983,43.43,sterndrive,3664,Great Lakes,excellent,83507.54,,35,2023-11-25,"[""AIS"", ""generator""]",
comp_8aae5f7fc5a9,marketplace,sold,Jeanneau,Leader 10.5,1969,24.6,inboard,1611,Pacific Coast,good,25082.04,23903.89,102,2025-04-11,"[""AIS"", ""joystick"", ""trailer""]",
comp_49b9633682b8,brokerage,sold,Bayliner,DX2000,2025,16.6,sterndrive,0,Maritimes,very_good,31991.31,30371.87,45,2026-10-22,[],
comp_8e576a91727c,marketplace,listing,Sun Tracker,Party Barge 22 DLX,2018,26.0,outboard,361,Maritimes,very_good,23544.85,,70,2025-05-17,"[""solar"", ""radar""]",
comp_e95fcbf841cf,marketplace,sold,Sun Tracker,Party Barge 22 DLX,2000,21.36,outboard,2060,Maritimes,good,8691.34,7350.58,40,2023-05-15,[],
comp_2b131ee393c9,brokerage,listing,Regal,LS4,2013,22.16,outboard,120,Inland Lakes,very_good,22654.02,,52,2024-02-27,"[""joystick"", ""solar""]",
comp_9fec553e8e15,marketplace,sold,Boston Whaler,230 Outrage,2007,29.5,inboard,948,Atlantic Coast,fair,19886.3,17292.87,71,2026-09-11,"[""AIS"", ""joystick""]",
comp_5e82c3d89805,brokerage,sold,Sea Ray,Sundancer 320,2009,21.23,sterndrive,480,Great Lakes,very_good,20819.37,17864.89,69,2024-12-22,"[""AIS"", ""radar""]",
comp_696c49581059,marketplace,sold,Bayliner,DX2000,2003,22.17,sterndrive,1163,Great Lakes,good,13274.86,12167.0,61,2025-12-01,"[""joystick""]",
comp_c74fd8a39f82,internal_sales,sold,Sun Tracker,Party Barge 22 DLX,2026,16.59,outboard,124,Pacific Coast,very_good,28501.82,26331.82,44,2024-03-06,"[""joystick"", ""autopilot"", ""generator""]",
comp_a790db874428,marketplace,sold,Grady-White,336 Canyon,2004,24.41,inboard,611,Gulf Coast,fair,13382.43,11790.49,16,2026-09-19,"[""AIS""]",
comp_6534a4bec54e,internal_sales,sold,Boston Whaler,230 Outrage,2015,26.0,inboard,1104,Great Lakes,good,32804.33,30861.94,29,2024-11-28,"[""radar"", ""trailer"", ""AIS""]",
comp_a5cb0c90621d,brokerage,sold,Yamaha WaveRunner,FX HO,1993,10.59,jet,906,Inland Lakes,fair,1267.52,1120.03,40,2023-01-28,[],
comp_08472aba4502,brokerage,sold,Boston Whaler,170 Montauk,2006,15.73,inboard,1482,Great Lakes,fair,9839.67,9040.65,36,2024-02-28,[],
comp_6b984b5effb4,marketplace,sold,Bennington,24 LXSB,2004,24.58,outboard,1438,Pacific Coast,good,14216.82,13126.38,125,2025-01-20,[],
comp_f543fe7a89eb,internal_sales,sold,Chaparral,23 SSi,2013,24.18,outboard,2376,Great Lakes,good,21535.44,18353.11,47,2024-10-16,"[""solar""]",
comp_6b1977265487,brokerage,sold,Chaparral,21 SSI,2004,23.03,sterndrive,1794,Pacific Coast,very_good,16868.38,16425.31,109,2025-11-21,"[""generator"", ""joystick""]",
comp_0a1654f42cfc,marketplace,listing,Beneteau,Oceanis 41.1,1995,39.44,inboard,0,Pacific Coast,good,79565.75,,107,2025-02-14,"[""trailer"", ""radar"", ""generator""]",
comp_4b848b323922,marketplace,sold,Beneteau,First 27,2008,30.71,sail_aux,1460,Atlantic Coast,fair,55747.51,53847.38,36,2024-04-22,[],
comp_766d604fa251,marketplace,sold,Parker,2820 XLD,2021,22.82,outboard,779,Atlantic Coast,good,62786.99,54166.79,33,2025-12-26,"[""joystick"", ""solar""]",
comp_eb38e6235dfd,marketplace,sold,Formula,290 BR,2018,24.81,sterndrive,946,Pacific Coast,fair,59895.33,51140.91,59,2026-03-08,"[""trailer""]",
comp_2077a7b77ef8,marketplace,listing,Bennington,20 SVL,1999,11.02,outboard,376,Inland Lakes,fair,3084.59,,95,2024-01-03,[],
comp_1f6129ea81bc,marketplace,sold,Lund,1650 Angler,1987,26.0,outboard,2390,Inland Lakes,good,11769.38,10668.52,36,2023-04-21,"[""radar""]",
comp_d3947e45ba5b,brokerage,listing,Sea Ray,SDX 250,2018,14.47,outboard,408,Atlantic Coast,good,13621.64,,136,2023-01-02,"[""AIS"", ""trailer""]",
comp_02c87e42d87b,marketplace,sold,Regal,28 Express,1994,18.22,sterndrive,451,Pacific Coast,fair,6597.72,5880.69,26,2023-02-22,"[""trailer""]",
comp_799050e4355d,internal_sales,sold,Tiara,44 Coupe,2003,38.26,inboard,2870,Maritimes,very_good,87775.69,77172.71,50,2026-10-19,"[""solar""]",
comp_c89878162f45,brokerage,sold,Sea Ray,SLX 260,2024,19.94,outboard,114,Great Lakes,very_good,41426.14,37729.5,53,2025-02-07,"[""AIS""]",
comp_0309fbb50b4b,marketplace,sold,Kawasaki Jet Ski,Ultra 310LX,2020,12.39,jet,214,Maritimes,fair,5634.42,4840.59,187,2023-08-28,"[""trailer""]",
comp_637fafbef850,marketplace,sold,Chaparral,23 SSi,2010,15.36,sterndrive,2740,Maritimes,poor,6283.14,5784.98,34,2026-02-24,[],
comp_41cce1360122,marketplace,sold,Tiara,38 LS,1977,27.56,sterndrive,2172,Gulf Coast,excellent,37518.89,33957.61,28,2025-01-05,"[""AIS"", ""radar"", ""generator""]",
comp_cb382b2f7737,marketplace,sold,Lund,1975 Impact,1999,26.0,inboard,1665,Atlantic Coast,very_good,19725.0,19007.51,87,2023-03-11,"[""AIS""]",
comp_5b66ee2210bd,brokerage,sold,Carver,C34 Coupe,2009,21.69,inboard,2497,Atlantic Coast,good,37141.16,31783.68,58,2023-10-01,"[""trailer"", ""solar"", ""generator""]",
comp_f9f44c53c0e4,marketplace,listing,Tracker,Grizzly 1860,2003,26.0,inboard,123,Inland Lakes,good,16715.34,,72,2026-04-10,"[""autopilot"", ""AIS"", ""generator""]",
comp_b76f22ed908b,marketplace,sold,Tracker,Targa V-18,2013,20.7,outboard,391,Gulf Coast,fair,11931.93,10721.73,58,2025-02-17,"[""AIS""]",
comp_b2972cad5a36,marketplace,listing,Regal,28 Express,2001,18.03,sterndrive,599,Inland Lakes,very_good,11687.81,,451,2025-12-17,[],
comp_9d561251c3db,marketplace,listing,Sea Ray,SLX 260,2012,21.61,outboard,240,Gulf Coast,very_good,19849.46,,169,2025-09-05,"[""joystick"", ""solar""]",
comp_2a992511a496,marketplace,sold,Alumacraft Pro,205 Bay,2019,40.52,outboard,559,Gulf Coast,fair,95336.4,80919.89,26,2023-05-03,"[""generator"", ""autopilot"", ""joystick""]",
comp_f477359fdcab,marketplace,sold,Lund,1650 Angler,1983,26.0,inboard,1172,Great Lakes,good,9821.0,9001.3,65,2023-02-02,"[""AIS""]",
comp_7866dc6e8739,marketplace,sold,Chaparral,280 OSX,1981,15.59,sterndrive,2860,Maritimes,excellent,5497.9,4794.36,98,2023-08-14,"[""solar"", ""trailer"", ""autopilot""]",
comp_3d0ebaf7e9f6,brokerage,sold,Regal,28 Express,2008,15.23,outboard,819,Atlantic Coast,very_good,9858.47,9173.0,170,2023-04-27,"[""joystick"", ""AIS""]",
comp_f07fc5698051,marketplace,listing,Bayliner,Ciera 8,1973,25.11,sterndrive,3457,Maritimes,good,5861.46,,17,2026-12-04,[],
comp_10bd7fbbd89c,marketplace,sold,Regal,26 XO,2010,15.73,outboard,1565,Atlantic Coast,good,10590.48,9564.7,13,2025-05-20,[],
comp_652ed55fe2ea,marketplace,listing,Chaparral,23 SSi,2017,24.78,outboard,307,Inland Lakes,excellent,33028.64,,26,2025-12-21,"[""autopilot""]",
comp_a9162490ad51,brokerage,listing,Grady-White,191 CE,1982,16.52,outboard,2141,Atlantic Coast,fair,4055.22,,21,2023-05-04,[],
comp_87c99a840ab6,brokerage,sold,HarborCat,36 Pilot,1985,33.46,inboard,6103,Gulf Coast,very_good,32058.29,27898.99,40,2023-07-03,"[""trailer""]",
comp_93334c88eedb,marketplace,listing,HarborCat,26 WB,1986,32.97,jet,3785,Gulf Coast,poor,16093.51,,25,2025-02-11,"[""radar""]",
comp_131c0683ec4b,brokerage,sold,Tiara,38 LS,2005,45.55,sterndrive,630,Maritimes,good,114154.49,99058.72,15,2026-02-11,"[""radar"", ""joystick"", ""solar""]",
comp_2842258d166e,internal_sales,sold,Chaparral,21 SSI,1976,14.47,sterndrive,2928,Gulf Coast,poor,2075.05,1967.19,159,2025-08-20,"[""joystick""]",
comp_d9f72aa107e4,marketplace,sold,Bennington,20 SVL,2021,26.83,outboard,504,Gulf Coast,good,29517.68,27403.5,164,2024-07-16,"[""solar""]",
comp_35c81c23824c,marketplace,sold,Sun Tracker,Bass Buggy 18 DLX,2024,26.0,outboard,275,Atlantic Coast,very_good,34080.87,31493.96,31,2024-04-22,[],
comp_10d80bb00516,brokerage,sold,Hunter,36,2013,40.31,sail_aux,330,Atlantic Coast,good,91294.88,81336.25,10,2026-10-20,"[""autopilot""]",
comp_be3af31c050d,marketplace,sold,Bayliner,Element M17,1998,19.31,outboard,1045,Gulf Coast,good,9217.82,8358.24,47,2025-11-15,"[""radar"", ""joystick""]",
comp_01cfe719b247,brokerage,listing,SafeBoat,25 Defender,2014,19.75,inboard,4734,Inland Lakes,very_good,41038.16,,400,2025-03-19,"[""autopilot"", ""AIS"", ""trailer""]",
comp_89b915c4ae64,marketplace,listing,Sun Tracker,Bass Buggy 18 DLX,2001,26.0,outboard,877,Inland Lakes,excellent,11887.02,,10,2023-03-18,"[""solar""]",
comp_db582880021d,brokerage,sold,Harris,Solstice 230,2005,20.29,outboard,1135,Great Lakes,poor,5590.78,4781.9,47,2023-12-11,"[""joystick""]",
comp_921a6a04466c,marketplace,sold,Regal,26 XO,1990,18.62,sterndrive,2498,Gulf Coast,good,6767.63,5693.86,34,2025-04-21,"[""autopilot""]",
comp_79af2c1a9975,internal_sales,sold,Sun Tracker,Bass Buggy 18 DLX,1973,13.74,outboard,4329,Pacific Coast,very_good,2198.1,1917.62,35,2025-04-26,"[""trailer"", ""generator""]",
comp_5c46c1961217,brokerage,sold,Boston Whaler,230 Outrage,1988,23.14,inboard,15324,Gulf Coast,poor,6071.18,5142.71,36,2026-12-03,"[""solar"", ""radar"", ""joystick""]",
comp_a69409917b23,brokerage,sold,Tiara,44 Coupe,2024,35.09,inboard,357,Inland Lakes,very_good,186224.85,160626.05,17,2023-09-16,[],
comp_a4fd2bc0357d,marketplace,listing,Sea Ray,SLX 260,2006,29.29,sterndrive,3378,Great Lakes,poor,34179.49,,17,2026-08-12,[],
comp_cd35fd9fec68,internal_sales,sold,Chaparral,280 OSX,2009,25.21,outboard,762,Pacific Coast,fair,18089.81,15811.8,54,2025-11-23,"[""generator"", ""AIS"", ""solar""]",
comp_f139dfff4f0b,marketplace,sold,Catalina,445,1968,9.99,sail_aux,4685,Inland Lakes,poor,3833.12,3679.97,82,2026-04-07,[],
comp_53a90f98b5f1,marketplace,sold,Alumacraft Pro,Trophy 195,2000,22.58,inboard,2677,Inland Lakes,good,31180.51,29631.34,42,2023-04-10,"[""radar"", ""trailer"", ""autopilot""]",
comp_8072664d8238,marketplace,listing,Tracker,Targa V-18,1968,26.0,outboard,5472,Maritimes,good,6048.24,,19,2026-07-20,"[""autopilot""]",
comp_fab6400cd65b,marketplace,sold,Yamaha WaveRunner,VX Cruiser,2004,10.93,jet,767,Great Lakes,very_good,3240.42,3124.7,12,2023-07-04,"[""autopilot"", ""generator"", ""joystick""]",
comp_a845e7a96062,marketplace,listing,Grady-White,191 CE,2005,24.72,outboard,677,Maritimes,good,18510.36,,36,2025-05-04,[],
comp_418b36049809,internal_sales,listing,Tiara,38 LS,2014,23.61,sterndrive,2260,Gulf Coast,very_good,43962.93,,12,2026-04-27,"[""radar""]",
comp_9fa3540c8d29,brokerage,sold,Formula,350 CBR,1984,30.74,sterndrive,9822,Pacific Coast,poor,21571.1,19579.11,13,2026-08-03,[],
comp_d8b31f1ec2f4,brokerage,sold,Chaparral,21 SSI,2019,18.35,outboard,241,Pacific Coast,fair,15388.29,13229.74,93,2026-08-20,"[""trailer"", ""radar"", ""AIS""]",
comp_e3e55e31486e,marketplace,sold,Formula,350 CBR,1978,42.99,sterndrive,13373,Great Lakes,fair,41924.31,38714.33,56,2026-07-23,[],
comp_f5dab5790cec,marketplace,sold,Sea Ray,SDX 250,2013,43.25,sterndrive,686,Great Lakes,good,108728.41,100014.01,20,2025-07-14,"[""radar""]",
comp_92c1deefcd0c,marketplace,sold,Hunter,36,2019,32.3,sail_aux,239,Atlantic Coast,fair,64787.11,62972.92,25,2023-09-12,"[""AIS"", ""solar""]",
comp_3fdb837cbe1d,marketplace,listing,Regal,LS4,2003,26.0,sterndrive,1298,Great Lakes,good,19541.49,,47,2024-09-02,"[""generator"", ""solar"", ""trailer""]",
comp_d4ba26f6ec12,marketplace,sold,Grady-White,336 Canyon,1982,19.95,outboard,2345,Pacific Coast,very_good,8135.85,7222.19,66,2024-08-22,"[""radar"", ""generator"", ""AIS""]",
comp_082b0e63b4a7,brokerage,sold,Formula,290 BR,1992,39.77,inboard,3005,Great Lakes,good,66751.08,59313.19,36,2023-09-10,"[""generator""]",
comp_0f89ab4b70f8,marketplace,sold,Lund,1650 Angler,1993,16.75,outboard,1833,Great Lakes,excellent,10263.61,9540.14,122,2023-01-09,"[""joystick""]",
comp_165906db10f8,brokerage,sold,Bennington,24 LXSB,2019,18.17,outboard,358,Inland Lakes,poor,8214.9,7385.51,58,2026-09-21,[],
comp_aedc83c09f8d,brokerage,sold,Sea Ray,Sundancer 320,2020,36.19,sterndrive,169,Pacific Coast,good,115185.23,97420.87,86,2023-06-02,"[""generator"", ""solar"", ""AIS""]",
comp_ed62a4c23799,marketplace,sold,Tiara,38 LS,1968,31.23,sterndrive,4415,Inland Lakes,good,30840.8,28092.58,108,2026-03-26,"[""AIS""]",
comp_27935663fa36,internal_sales,sold,Regal,LS4,2003,18.88,sterndrive,318,Maritimes,poor,7114.45,6397.65,24,2023-12-20,"[""trailer"", ""AIS"", ""generator""]",
comp_a4d95bcfd547,brokerage,sold,Lund,1650 Angler,2002,25.22,inboard,992,Atlantic Coast,very_good,20316.18,19339.75,81,2025-02-11,"[""trailer""]",
comp_65655a94ba48,brokerage,sold,Harris,Cruiser 210,1989,22.85,outboard,3833,Great Lakes,fair,5584.67,5011.66,61,2025-08-16,"[""generator"", ""trailer""]",
comp_8f8f97d5b516,internal_sales,sold,Grady-White,336 Canyon,1995,25.37,outboard,6070,Great Lakes,fair,10454.76,9385.56,72,2024-09-18,"[""AIS""]",
comp_53e2230851d8,marketplace,sold,Boston Whaler,280 Vantage,1994,20.23,inboard,4194,Great Lakes,good,11831.71,10858.28,32,2024-05-28,[],
comp_fc1025466468,brokerage,sold,Grady-White,257 Fisherman,1965,26.0,inboard,5406,Gulf Coast,good,6276.74,5691.97,28,2023-01-03,"[""joystick""]",
comp_6a1fb84d5070,marketplace,sold,Regal,26 XO,2006,21.63,outboard,1320,Atlantic Coast,fair,13068.29,12726.16,108,2023-01-04,[],
comp_78f7cbc37d52,marketplace,sold,Boston Whaler,170 Montauk,2017,19.75,outboard,2150,Great Lakes,good,20800.22,18406.9,78,2025-06-09,[],
comp_b50167d4441c,brokerage,listing,Bennington,20 SVL,1974,17.99,outboard,2108,Maritimes,poor,2140.19,,35,2026-11-16,"[""autopilot""]",
comp_37a11f732710,brokerage,listing,Tiara,44 Coupe,2019,41.68,sterndrive,338,Pacific Coast,fair,87745.99,,67,2026-11-25,"[""radar"", ""generator""]",
comp_5c9a7813d7a3,marketplace,listing,Tracker,Grizzly 1860,1983,26.0,inboard,3694,Great Lakes,good,9588.9,,147,2024-11-07,"[""joystick""]",
comp_d802312e782b,marketplace,sold,Grady-White,336 Canyon,2011,21.34,inboard,770,Pacific Coast,very_good,12371.7,11340.14,28,2026-05-25,[],
comp_0f0f3ccefb88,brokerage,sold,Boston Whaler,280 Vantage,2021,20.41,outboard,1765,Gulf Coast,good,31605.86,29157.13,58,2024-01-05,[],
comp_e5cd11421e5d,marketplace,sold,Tracker,Grizzly 1860,2019,26.0,inboard,586,Great Lakes,poor,19462.05,17604.94,33,2024-11-12,"[""autopilot""]",
comp_1666ebe2fdb3,internal_sales,sold,Carver,C34 Coupe,2023,31.25,inboard,491,Atlantic Coast,fair,87868.15,73901.62,25,2024-08-07,"[""generator"", ""joystick"", ""autopilot""]",
comp_33b021c045dc,marketplace,listing,SafeBoat,33 Full Cabin,2021,36.2,inboard,2350,Great Lakes,good,133896.66,,88,2025-07-06,[],
comp_cd17d514dc58,brokerage,sold,Sun Tracker,Party Barge 22 DLX,2000,25.69,outboard,129,Maritimes,good,9334.87,8477.79,38,2026-12-11,"[""joystick"", ""solar"", ""radar""]",
comp_837af0e0429b,brokerage,sold,Formula,290 BR,2026,36.49,inboard,0,Inland Lakes,very_good,287242.05,268469.1,82,2024-05-08,"[""joystick"", ""trailer""]",
comp_7dfc30403293,internal_sales,sold,Sea Ray,SDX 250,2021,22.75,sterndrive,421,Inland Lakes,very_good,38157.76,34586.47,38,2025-11-04,"[""autopilot""]",
comp_b319edbd5c97,marketplace,sold,Boston Whaler,280 Vantage,2005,24.03,outboard,885,Pacific Coast,good,19302.8,16865.09,27,2026-09-22,"[""solar""]",
comp_e1c1f67e242d,brokerage,sold,Carver,C40 Command Bridge,1982,28.2,inboard,1017,Great Lakes,poor,15936.83,14453.48,75,2024-02-19,"[""generator"", ""AIS"", ""radar""]",
comp_713de659e720,internal_sales,sold,Sea Ray,SPX 190,1985,23.8,sterndrive,5867,Maritimes,fair,5240.66,4901.94,21,2025-10-07,"[""generator""]",
comp_59d2b360fa82,marketplace,listing,Regal,LS4,1996,20.64,outboard,5127,Gulf Coast,fair,7924.09,,19,2025-12-14,"[""radar"", ""AIS""]",
comp_9224db4fabb4,marketplace,listing,Bayliner,Ciera 8,2020,17.82,sterndrive,281,Inland Lakes,good,18131.68,,41,2026-11-14,[],
comp_ee3665d77299,brokerage,sold,Jeanneau,Sun Odyssey 349,2004,41.18,sail_aux,1291,Atlantic Coast,good,83371.04,72104.18,51,2026-06-23,"[""generator"", ""solar""]",
comp_ad83b8a9af78,marketplace,sold,Lund,1975 Impact,1999,25.65,outboard,788,Gulf Coast,fair,13677.79,11761.26,28,2024-05-21,"[""solar""]",
comp_1680a5ba158a,brokerage,sold,Harris,Solstice 230,1993,19.1,outboard,405,Great Lakes,excellent,6766.05,5877.69,109,2025-01-13,"[""solar"", ""generator""]",
comp_8a40e8d28157,marketplace,sold,Lund,1875 Pro-V,2007,25.85,outboard,3023,Inland Lakes,good,18723.06,18083.17,34,2023-04-03,"[""autopilot"", ""trailer"", ""generator""]",
comp_cbad9ea80842,brokerage,sold,Sea Ray,Sundancer 320,2024,27.6,inboard,127,Pacific Coast,fair,97467.29,84549.6,52,2023-01-08,"[""radar""]",
comp_487a68beab33,internal_sales,sold,Sea Ray,Sundancer 320,2006,15.83,sterndrive,1119,Gulf Coast,good,10517.2,9929.9,29,2026-02-19,"[""radar"", ""solar""]",
comp_b8684b3e6da5,marketplace,sold,Chaparral,23 SSi,1993,14.93,sterndrive,2748,Great Lakes,fair,4989.29,4849.9,67,2025-12-13,[],
comp_28433f959285,internal_sales,sold,Tiara,44 Coupe,1999,41.88,inboard,3159,Pacific Coast,very_good,103246.16,93902.79,32,2024-05-14,"[""joystick"", ""solar"", ""autopilot""]",
comp_0b5f9d43f7ce,brokerage,sold,Sun Tracker,Bass Buggy 18 DLX,2026,24.66,outboard,34,Great Lakes,fair,33892.08,30053.65,49,2026-09-27,"[""joystick"", ""generator""]",
comp_fbd7a5dcba73,marketplace,sold,Regal,LS4,2002,26.0,outboard,2308,Maritimes,good,16172.38,15454.42,34,2026-11-24,"[""solar"", ""AIS"", ""trailer""]",
comp_603ddf6eb03d,marketplace,sold,Lund,1875 Pro-V,1992,24.96,outboard,971,Inland Lakes,good,14024.52,11952.1,69,2026-07-16,"[""generator""]",
comp_a9c8cdf86ef9,marketplace,listing,Harris,Cruiser 210,2001,18.65,outboard,1748,Pacific Coast,fair,6608.6,,169,2026-12-10,[],
comp_252352bdf36c,brokerage,sold,Sea Ray,Sundancer 320,2013,19.44,outboard,177,Great Lakes,fair,14701.18,13893.58,59,2024-09-26,"[""trailer"", ""solar"", ""generator""]",
comp_5e780ecae217,brokerage,listing,Parker,2320 Sport Cabin,2002,32.39,jet,6788,Gulf Coast,excellent,56386.2,,37,2026-07-18,"[""radar"", ""joystick""]",
comp_827662bc38c6,brokerage,listing,Lund,1650 Angler,2017,17.01,outboard,741,Great Lakes,good,15324.96,,31,2024-04-21,"[""solar"", ""autopilot""]",
comp_bfad0910b40b,marketplace,listing,Beneteau,Oceanis 31,2006,37.93,sail_aux,253,Atlantic Coast,very_good,104539.05,,50,2025-09-28,"[""autopilot""]",
comp_166220856d3e,marketplace,sold,Chaparral,21 SSI,2021,21.97,sterndrive,40,Atlantic Coast,very_good,31860.43,27352.45,28,2024-01-21,"[""trailer"", ""generator"", ""joystick""]",
comp_27219f0cbd2b,marketplace,sold,Sun Tracker,Party Barge 22 DLX,1999,22.9,outboard,394,Maritimes,good,9228.94,8525.04,71,2023-04-23,"[""joystick"", ""autopilot""]",
comp_20cf7eaa0fe1,brokerage,listing,Lund,1875 Pro-V,2004,18.52,outboard,1938,Gulf Coast,very_good,11581.25,,18,2026-05-03,"[""generator""]",
comp_bffd61c8e442,marketplace,listing,Tiara,44 Coupe,2003,40.81,sterndrive,1102,Atlantic Coast,good,86254.49,,64,2025-08-04,"[""solar"", ""autopilot"", ""AIS""]",
comp_3782b046f4fb,marketplace,sold,Harris,Solstice 230,2011,25.48,outboard,1629,Atlantic Coast,poor,7423.93,6294.18,62,2023-08-05,[],
comp_b8eb47cd67ff,marketplace,sold,Grady-White,191 CE,2004,24.72,outboard,452,Maritimes,good,15766.02,14758.14,85,2026-03-18,"[""generator"", ""joystick"", ""trailer""]",
comp_e5f0008f506b,marketplace,listing,Harris,Solstice 230,2004,24.68,outboard,564,Great Lakes,good,11145.27,,155,2023-04-07,[],
comp_d59d056f42cd,brokerage,sold,Harris,Solstice 230,1973,21.04,outboard,2251,Inland Lakes,fair,3446.9,3255.54,32,2023-09-22,"[""generator"", ""AIS"", ""trailer""]",
comp_988274a87383,brokerage,listing,Hunter,36,1993,36.52,inboard,574,Atlantic Coast,fair,42883.35,,76,2023-03-18,"[""solar"", ""trailer""]",
comp_fdfcfcdee018,marketplace,listing,Lund,1875 Pro-V,2000,18.52,outboard,2449,Gulf Coast,good,10385.62,,67,2025-04-04,"[""radar"", ""AIS"", ""autopilot""]",
comp_f658e8acae05,brokerage,listing,Alumacraft Pro,Trophy 195,1971,41.91,jet,616,Inland Lakes,poor,16016.93,,90,2024-02-08,"[""solar""]",
comp_664c799573a6,brokerage,sold,Boston Whaler,230 Outrage,2021,21.02,outboard,597,Great Lakes,very_good,38171.13,37321.38,99,2025-09-28,"[""radar"", ""generator"", ""AIS""]",
comp_5d48c9bcf3fd,internal_sales,listing,Sun Tracker,Party Barge 22 DLX,2011,23.48,outboard,510,Inland Lakes,good,12997.51,,233,2026-06-15,"[""solar""]",
comp_a354b59444d8,brokerage,sold,Sun Tracker,Party Barge 22 DLX,2019,20.37,outboard,311,Gulf Coast,good,16110.77,13897.38,68,2025-01-28,"[""trailer"", ""joystick"", ""solar""]",
comp_dfc8c35bd306,brokerage,sold,Sea Ray,Sundancer 320,1966,21.24,sterndrive,985,Great Lakes,fair,3329.58,2953.09,115,2026-05-27,[],
comp_e277dd1ea591,internal_sales,sold,SafeBoat,25 Defender,2008,8.0,inboard,1569,Inland Lakes,good,9321.46,8128.17,35,2024-07-06,"[""solar""]",
comp_6fba535b08b4,marketplace,listing,Tiara,44 Coupe,2001,39.94,sterndrive,1974,Inland Lakes,good,81188.71,,124,2023-06-14,[],
comp_3084aa0b746d,marketplace,sold,Grady-White,257 Fisherman,2001,16.47,outboard,2283,Atlantic Coast,good,9855.14,8512.9,35,2026-06-19,"[""joystick"", ""generator""]",
comp_c345c0e1de34,marketplace,sold,Tiara,38 LS,1975,39.45,sterndrive,10085,Atlantic Coast,good,47371.24,45066.06,12,2023-04-23,"[""AIS"", ""solar""]",
comp_92f43431051e,brokerage,sold,Grady-White,336 Canyon,2023,26.0,inboard,317,Gulf Coast,very_good,54935.4,51894.18,14,2024-12-10,"[""autopilot"", ""radar"", ""AIS""]",
comp_ef111f85587b,marketplace,sold,Sun Tracker,Bass Buggy 18 DLX,2013,23.29,outboard,466,Atlantic Coast,fair,10439.35,9105.88,15,2025-12-06,[],
comp_bb593b3537f1,marketplace,sold,Hunter,36,2014,21.27,inboard,29,Atlantic Coast,good,38679.44,32862.79,62,2026-02-18,[],
comp_ca13582a384a,brokerage,sold,Boston Whaler,280 Vantage,2000,26.24,inboard,1069,Gulf Coast,good,19476.28,18119.98,96,2025-08-20,"[""trailer""]",
comp_04a3be5a676b,brokerage,sold,Boston Whaler,170 Montauk,2023,22.45,inboard,120,Atlantic Coast,good,45923.93,39373.5,27,2023-05-08,[],
comp_db238bd8b792,brokerage,sold,Chaparral,21 SSI,2009,19.09,outboard,1771,Maritimes,fair,12035.08,10316.52,43,2026-01-21,[],
comp_7b23aaeed67b,brokerage,sold,Bayliner,DX2000,2007,22.07,sterndrive,180,Gulf Coast,very_good,15530.84,14800.49,80,2023-10-27,"[""autopilot"", ""radar""]",
comp_92c5c366479c,brokerage,sold,Formula,290 BR,1992,48.98,sterndrive,2656,Pacific Coast,good,84124.2,82269.92,36,2024-05-06,"[""solar""]",
comp_8bb6b39f9643,marketplace,sold,Boston Whaler,230 Outrage,2009,23.68,outboard,459,Maritimes,good,21384.1,19982.58,35,2023-07-27,[],
comp_839bd4d19c83,internal_sales,sold,Sun Tracker,Bass Buggy 18 DLX,1983,22.11,outboard,3753,Inland Lakes,good,5073.98,4687.96,16,2024-08-06,"[""autopilot"", ""trailer""]",
comp_f51196bd2bac,brokerage,sold,Jeanneau,Leader 10.5,2007,34.09,sail_aux,770,Inland Lakes,fair,60440.35,52819.58,157,2024-01-18,"[""generator"", ""solar"", ""AIS""]",
comp_28c442606b7e,brokerage,sold,Hunter,36,2018,25.96,sail_aux,0,Gulf Coast,good,53550.52,47845.36,79,2026-01-01,[],
comp_ec6918d7a135,marketplace,sold,Regal,LS4,1987,18.06,sterndrive,5834,Maritimes,good,6148.78,5901.02,37,2026-12-06,"[""joystick"", ""autopilot""]",
comp_309ebb57d101,marketplace,sold,Chaparral,21 SSI,2023,25.31,sterndrive,0,Maritimes,fair,22719.23,20392.13,29,2024-03-23,[],
comp_4d133fcbd567,marketplace,sold,Regal,26 XO,1972,18.67,outboard,3598,Gulf Coast,good,4021.55,3586.97,53,2023-01-16,"[""trailer"", ""solar"", ""autopilot""]",
comp_fbe87a276c8e,marketplace,listing,Formula,350 CBR,1986,29.12,inboard,2265,Atlantic Coast,fair,30853.46,,38,2026-06-16,"[""radar"", ""joystick"", ""trailer""]",
comp_83e3b57380be,marketplace,listing,Formula,350 CBR,2006,39.78,inboard,649,Atlantic Coast,fair,83565.1,,36,2025-11-09,[],
comp_286bd45ef99a,marketplace,listing,Formula,350 CBR,1998,37.66,sterndrive,2793,Inland Lakes,excellent,103041.3,,12,2024-11-27,"[""joystick""]",
comp_d2bc37ec2271,marketplace,sold,Sea Ray,SPX 190,1980,46.75,inboard,7867,Pacific Coast,fair,44886.89,42968.89,14,2024-08-17,"[""trailer"", ""autopilot""]",
comp_5a396111b598,marketplace,sold,Bayliner,Ciera 8,1999,22.16,sterndrive,694,Atlantic Coast,good,10806.38,9355.69,20,2025-07-22,[],
comp_17b70649c0c6,brokerage,sold,Lund,1875 Pro-V,2023,15.54,inboard,98,Pacific Coast,fair,16542.54,15355.81,93,2024-09-03,"[""AIS"", ""trailer""]",
comp_db2a75a6193f,internal_sales,listing,Regal,26 XO,2024,17.13,sterndrive,128,Great Lakes,good,31635.97,,14,2026-06-19,"[""joystick"", ""AIS""]",
comp_beaf93f072ef,marketplace,sold,Sea Ray,SLX 260,2010,25.04,outboard,744,Great Lakes,good,21329.94,19812.48,15,2026-06-20,"[""trailer"", ""generator"", ""joystick""]",
comp_f0e36852c2b0,marketplace,sold,Harris,Solstice 230,2010,21.72,outboard,507,Maritimes,fair,8727.19,8240.9,113,2024-06-07,"[""solar"", ""AIS"", ""autopilot""]",
comp_b3c24a866b5a,marketplace,sold,Chaparral,21 SSI,1980,24.58,sterndrive,959,Inland Lakes,very_good,8537.71,7467.13,191,2025-05-20,"[""joystick""]",
comp_1cf4bedc1279,marketplace,listing,Sun Tracker,Bass Buggy 18 DLX,1975,13.74,outboard,3035,Pacific Coast,very_good,2430.8,,108,2023-07-20,[],
comp_8a3f0aebecbf,internal_sales,sold,Harris,Cruiser 210,1988,22.48,outboard,1357,Gulf Coast,fair,5165.3,4855.5,148,2025-11-26,"[""solar"", ""autopilot"", ""generator""]",
comp_63d5920190f8,internal_sales,sold,Formula,350 CBR,2006,39.78,inboard,887,Atlantic Coast,poor,51933.21,48429.25,53,2023-04-23,"[""autopilot""]",
comp_4cac15aa220a,brokerage,sold,Chaparral,21 SSI,2003,17.47,outboard,2102,Atlantic Coast,fair,8671.24,7355.53,14,2026-06-22,"[""autopilot"", ""AIS"", ""radar""]",
comp_153d9bf5f41c,brokerage,sold,Bayliner,DX2000,1973,22.88,sterndrive,3224,Inland Lakes,fair,4094.34,3826.64,40,2025-04-24,"[""AIS"", ""generator""]",
comp_d59a0e8f9440,marketplace,listing,Tracker,Pro Team 175,2004,21.85,inboard,2796,Inland Lakes,good,13322.4,,28,2026-10-08,"[""autopilot"", ""AIS""]",
comp_ea9bdadcdf6a,brokerage,sold,Regal,28 Express,2009,17.82,outboard,1310,Maritimes,good,13481.26,11962.66,78,2026-03-24,"[""generator""]",
comp_c476ab5b7721,brokerage,sold,Chaparral,280 OSX,1986,15.59,sterndrive,3368,Maritimes,fair,3855.05,3571.44,54,2026-09-16,"[""AIS""]",
comp_90d192842cd0,marketplace,sold,Regal,28 Express,2015,19.26,sterndrive,2101,Inland Lakes,excellent,19074.59,17303.0,37,2023-09-28,[],
comp_d484f66e3b18,internal_sales,sold,Alumacraft Pro,Trophy 195,2004,45.82,jet,9682,Gulf Coast,good,76415.71,74218.49,21,2023-11-10,[],
comp_330c596dfdca,marketplace,sold,Boston Whaler,230 Outrage,2009,17.89,inboard,3118,Great Lakes,good,14178.43,12604.9,30,2023-05-02,"[""joystick""]",
comp_b2b07405003a,internal_sales,sold,Chaparral,23 SSi,2007,24.79,outboard,552,Pacific Coast,very_good,22796.24,20144.75,256,2024-07-09,"[""trailer"", ""solar"", ""joystick""]",
comp_d7ced7d6da66,marketplace,sold,Boston Whaler,280 Vantage,2003,26.0,outboard,1433,Gulf Coast,good,19143.56,16682.96,48,2025-08-23,"[""trailer"", ""solar"", ""joystick""]",
comp_42af6f787a33,marketplace,sold,Harris,Solstice 230,2012,25.48,outboard,2714,Atlantic Coast,excellent,19714.37,17008.79,40,2026-12-01,[],
comp_48803a10b3c4,brokerage,listing,Bayliner,VR5,2018,18.25,outboard,213,Maritimes,good,16906.43,,43,2023-03-04,"[""generator"", ""solar""]",
comp_20a5f9acbfc2,marketplace,sold,Catalina,275 Sport,2015,30.9,inboard,0,Pacific Coast,excellent,93426.83,89897.03,40,2023-12-21,[],
comp_42edc24ce550,brokerage,sold,Chaparral,21 SSI,2025,22.45,outboard,58,Maritimes,good,52361.49,48217.9,25,2023-05-23,"[""autopilot""]",
comp_269ea3d4ac9d,brokerage,sold,Boston Whaler,170 Montauk,1982,24.54,outboard,820,Pacific Coast,very_good,11621.5,11164.58,40,2026-09-06,"[""trailer"", ""autopilot"", ""radar""]",
comp_b6f14103b578,brokerage,sold,Sea Ray,SDX 250,2002,25.22,inboard,718,Inland Lakes,fair,32622.34,30897.17,16,2024-08-12,"[""autopilot"", ""radar""]",
comp_d5e8a93cccb5,marketplace,listing,Catalina,355,2026,27.13,inboard,29,Inland Lakes,very_good,123439.5,,19,2025-01-22,"[""AIS"", ""trailer"", ""joystick""]",
comp_b3b4211968f2,brokerage,sold,Bennington,24 LXSB,1983,18.04,outboard,958,Gulf Coast,excellent,5568.44,5406.34,17,2025-01-01,"[""trailer"", ""autopilot""]",
comp_a08a3accfdc9,brokerage,listing,Beneteau,First 27,1991,15.33,sail_aux,2922,Gulf Coast,good,20489.63,,37,2023-05-19,"[""AIS"", ""autopilot"", ""joystick""]",
comp_6ca5f8baa8f7,internal_sales,sold,Regal,LS4,1989,23.97,sterndrive,2772,Maritimes,poor,5207.16,4593.63,47,2023-08-05,"[""solar"", ""autopilot""]",
comp_b0008e445103,brokerage,sold,Tracker,Targa V-18,2014,16.73,inboard,3899,Atlantic Coast,excellent,14126.98,12819.71,93,2024-01-04,"[""radar""]",
comp_8a9196b6b3ec,marketplace,sold,Lund,1875 Pro-V,2026,15.54,inboard,80,Pacific Coast,fair,27948.14,25759.34,61,2023-05-04,"[""trailer"", ""AIS"", ""autopilot""]",
comp_eb87001e7e8b,internal_sales,sold,Formula,290 BR,1988,36.78,inboard,2429,Pacific Coast,poor,33227.32,30359.57,88,2024-05-08,"[""solar"", ""joystick"", ""AIS""]",
comp_74d4d83a7767,marketplace,sold,Beneteau,Oceanis 41.1,2006,36.23,inboard,0,Atlantic Coast,good,71269.27,61587.44,22,2023-02-27,"[""AIS"", ""trailer""]",
comp_d201ef8dea5a,marketplace,sold,Parker,2820 XLD,2022,15.11,outboard,580,Atlantic Coast,fair,32059.01,30994.99,51,2026-06-15,"[""generator""]",
comp_3f45d49d3307,brokerage,sold,Beneteau,Oceanis 41.1,2001,36.23,inboard,0,Atlantic Coast,fair,53624.05,50399.51,59,2024-09-02,"[""trailer"", ""generator"", ""solar""]",
comp_0da5b132e3fa,marketplace,sold,Bennington,22 SSB,1990,13.54,outboard,1676,Maritimes,fair,2892.31,2431.04,145,2023-09-08,[],
comp_c4798ebea74a,internal_sales,sold,HarborCat,36 Pilot,1994,20.25,inboard,21475,Great Lakes,very_good,21879.81,20956.26,45,2023-09-02,[],
comp_a7d026f7fcbd,marketplace,sold,Harris,Solstice 230,2026,20.91,outboard,63,Inland Lakes,very_good,45129.71,43333.91,128,2025-06-07,"[""radar"", ""trailer"", ""autopilot""]",
comp_8279d0b8ad8d,internal_sales,sold,Bennington,24 LXSB,2019,17.25,outboard,339,Maritimes,very_good,16119.04,14829.84,8,2023-06-24,"[""joystick"", ""autopilot"", ""radar""]",
comp_77642f730cad,internal_sales,sold,Regal,LS4,2014,17.82,outboard,962,Maritimes,good,15825.47,14791.56,38,2026-11-04,[],
comp_f837e090dbc1,brokerage,sold,Carver,C40 Command Bridge,2022,32.28,sterndrive,291,Maritimes,excellent,161175.57,157259.19,17,2025-05-21,"[""joystick""]",
comp_4ebf55725567,internal_sales,sold,Parker,2320 Sport Cabin,1998,29.66,outboard,3530,Maritimes,good,32775.89,31970.03,59,2026-12-12,"[""trailer""]",
comp_4583dea7e606,internal_sales,listing,Tracker,Grizzly 1860,1994,19.15,outboard,1090,Atlantic Coast,fair,7150.93,,147,2024-10-04,"[""solar""]",
comp_163a66393c6f,brokerage,sold,Tiara,44 Coupe,1968,30.27,sterndrive,2743,Great Lakes,good,28131.52,24288.24,34,2026-07-24,"[""AIS""]",
comp_6fdc005025ad,marketplace,sold,Chaparral,23 SSi,2026,23.5,sterndrive,0,Inland Lakes,good,61164.42,59658.73,116,2025-05-26,[],
comp_b560cc9df2da,internal_sales,listing,Chaparral,21 SSI,1969,22.28,outboard,1561,Atlantic Coast,poor,2894.52,,63,2023-08-21,"[""generator""]",
comp_1da692a5f408,marketplace,sold,Catalina,445,2022,40.53,inboard,61,Pacific Coast,very_good,163245.14,158141.34,154,2024-03-04,"[""joystick""]",
comp_c9bb1c309e03,marketplace,sold,Boston Whaler,170 Montauk,2001,22.35,outboard,1812,Pacific Coast,very_good,15855.22,14330.61,34,2023-01-19,[],
comp_da1e41f32bd1,marketplace,listing,Carver,C34 Coupe,2024,31.23,sterndrive,138,Atlantic Coast,good,130876.74,,67,2024-01-15,"[""autopilot"", ""trailer""]",
comp_f766efa63f19,marketplace,sold,Regal,28 Express,1999,23.49,outboard,1027,Gulf Coast,good,14931.04,13245.83,25,2023-11-06,"[""AIS"", ""trailer"", ""generator""]",
comp_4ea376c57c91,marketplace,sold,Bayliner,Element M17,1967,20.55,sterndrive,2996,Inland Lakes,good,4650.76,3980.73,102,2026-11-20,"[""radar"", ""trailer""]",
comp_a1c8c9b8ec4c,marketplace,sold,Chaparral,23 SSi,2012,15.36,sterndrive,4098,Maritimes,good,12350.78,11703.54,62,2026-07-24,[],
comp_8c7e576f085e,brokerage,sold,Alumacraft Pro,Trophy 195,2018,24.04,outboard,4994,Maritimes,poor,30563.35,25786.33,43,2025-12-28,"[""trailer"", ""solar""]",
comp_729a1f08eb6f,marketplace,sold,Hunter,36,2025,26.48,inboard,130,Great Lakes,good,101979.73,85681.79,17,2025-12-06,"[""radar"", ""trailer"", ""joystick""]",
comp_57aff736253c,marketplace,sold,Lund,1875 Pro-V,2020,25.6,inboard,586,Atlantic Coast,very_good,39561.48,37080.34,85,2026-03-28,[],
comp_33c5601c5496,marketplace,listing,Tracker,Grizzly 1860,2022,13.85,outboard,441,Inland Lakes,very_good,17199.52,,13,2026-07-11,"[""radar"", ""trailer"", ""joystick""]",
comp_8c7a5f7fb556,internal_sales,sold,Chaparral,23 SSi,2025,17.64,outboard,55,Maritimes,good,29993.74,26565.37,29,2025-06-07,"[""trailer""]",
comp_d68507353760,marketplace,listing,Lund,1650 Angler,2018,15.61,outboard,2739,Maritimes,fair,12852.82,,14,2025-08-15,[],
comp_c5ee673ce50a,brokerage,sold,Sea Ray,SPX 190,1989,18.35,sterndrive,2133,Great Lakes,fair,6303.97,6027.04,57,2025-10-26,[],
comp_d29356d24902,internal_sales,sold,Formula,350 CBR,2002,33.36,inboard,4497,Pacific Coast,good,63463.78,57659.61,31,2023-06-05,"[""generator"", ""radar"", ""solar""]",
comp_1895182e124a,marketplace,listing,Lund,1650 Angler,2012,26.0,outboard,1313,Great Lakes,good,24397.74,,20,2023-05-01,"[""radar"", ""joystick"", ""autopilot""]",
comp_689363c46f14,marketplace,listing,Sea Ray,SPX 190,1990,18.56,sterndrive,712,Maritimes,very_good,9390.18,,21,2023-05-26,"[""joystick""]",
comp_a802a177243d,marketplace,listing,Beneteau,Oceanis 41.1,1984,34.17,inboard,1433,Gulf Coast,fair,42999.56,,53,2026-07-28,"[""generator""]",
comp_fe207562eb2d,marketplace,sold,Boston Whaler,170 Montauk,2018,28.3,inboard,1191,Inland Lakes,excellent,43802.65,40089.25,150,2026-05-22,"[""AIS""]",
comp_918dd7610dd0,brokerage,listing,Sea-Doo,GTI 130,2012,11.6,jet,974,Maritimes,good,3979.21,,19,2024-11-15,"[""joystick""]",
comp_f789b581b3b3,marketplace,listing,Chaparral,21 SSI,1994,17.8,outboard,1842,Gulf Coast,very_good,8600.24,,28,2023-03-11,[],
comp_79d26568dafd,marketplace,sold,Tracker,Grizzly 1860,2014,25.98,inboard,830,Maritimes,good,22305.55,19742.55,234,2026-08-20,"[""AIS"", ""joystick""]",
comp_c24b4e56176b,internal_sales,sold,Formula,290 BR,2007,34.47,sterndrive,721,Gulf Coast,excellent,107978.97,101172.94,36,2024-09-21,"[""generator"", ""AIS"", ""radar""]",
comp_4032becce58e,brokerage,sold,Harris,Cruiser 210,2020,26.0,outboard,467,Maritimes,very_good,27189.03,24461.89,102,2023-12-22,"[""generator"", ""solar"", ""autopilot""]",
comp_e07740ad238f,brokerage,sold,Sea Ray,Sundancer 320,2006,16.63,outboard,1745,Maritimes,excellent,13209.33,12506.68,36,2026-10-21,[],
comp_449ca2e4de79,internal_sales,listing,Tiara,38 LS,2011,32.34,inboard,2009,Great Lakes,good,98537.02,,25,2023-05-05,"[""joystick"", ""generator""]",
comp_05674636b936,brokerage,sold,Sea Ray,SPX 190,2000,23.08,sterndrive,360,Pacific Coast,good,13280.09,12288.69,61,2025-02-06,"[""AIS"", ""autopilot""]",
comp_c3308feb3f98,brokerage,sold,Tracker,Grizzly 1860,2000,20.17,outboard,2029,Atlantic Coast,good,6571.61,6124.34,36,2023-10-17,"[""joystick""]",
comp_a3d693596dde,marketplace,listing,Sea-Doo,RXT-X 300,2021,11.14,jet,158,Gulf Coast,fair,4923.71,,17,2024-10-24,"[""generator"", ""trailer"", ""autopilot""]",
comp_f14fd5bb330e,marketplace,listing,Chaparral,21 SSI,1996,15.97,outboard,1529,Gulf Coast,fair,5716.5,,46,2023-08-28,"[""autopilot""]",
comp_9eb90bb77fe4,marketplace,listing,Jeanneau,Leader 10.5,2021,30.83,sail_aux,444,Inland Lakes,good,115188.67,,103,2024-04-16,"[""AIS"", ""radar""]",
comp_0353866daaea,brokerage,sold,Harris,Solstice 230,2016,20.67,outboard,737,Pacific Coast,excellent,16929.98,15025.25,23,2026-01-09,"[""solar"", ""generator"", ""AIS""]",
comp_3eb398375e9a,marketplace,sold,HarborCat,26 WB,2018,28.7,inboard,998,Pacific Coast,very_good,76042.54,73920.17,60,2024-09-09,"[""AIS"", ""radar""]",
comp_696886aa3aad,brokerage,sold,Grady-White,257 Fisherman,2018,19.29,outboard,753,Pacific Coast,excellent,22737.59,19923.43,54,2026-11-14,"[""radar"", ""trailer""]",
comp_1a0bc3d38b1f,brokerage,sold,Carver,C40 Command Bridge,1992,30.88,inboard,5108,Gulf Coast,poor,26239.4,22447.09,31,2025-01-03,[],
comp_4ebff315f243,marketplace,sold,Harris,Cruiser 210,2015,18.37,outboard,713,Atlantic Coast,very_good,12664.39,11009.41,16,2023-08-10,"[""joystick"", ""trailer"", ""solar""]",
comp_bb4a03e0bb84,internal_sales,sold,Bayliner,Element M17,2021,16.8,sterndrive,526,Maritimes,fair,13778.77,13045.0,33,2024-12-24,"[""solar"", ""generator""]",
comp_6b640b583f28,marketplace,listing,Regal,28 Express,1973,19.34,outboard,2055,Atlantic Coast,very_good,5530.2,,32,2025-11-28,[],
comp_4aa406047e1a,brokerage,sold,Chaparral,280 OSX,2009,20.94,outboard,1104,Gulf Coast,excellent,19213.35,18427.58,27,2026-04-11,[],
comp_f2ac45de5e67,marketplace,sold,Sun Tracker,Bass Buggy 18 DLX,1969,17.32,outboard,952,Gulf Coast,good,2220.11,1948.98,18,2023-04-06,"[""AIS"", ""joystick""]",
comp_1e09284a50b6,internal_sales,sold,Chaparral,21 SSI,2011,32.16,outboard,296,Gulf Coast,fair,22960.38,21757.21,115,2025-04-13,"[""trailer""]",
comp_401ff7da206e,brokerage,listing,Bayliner,VR5,2013,23.17,outboard,536,Atlantic Coast,fair,15905.68,,35,2025-01-15,"[""solar"", ""AIS"", ""radar""]",
comp_66790489175e,marketplace,listing,Grady-White,257 Fisherman,2009,21.18,inboard,711,Inland Lakes,excellent,22014.01,,67,2023-09-03,"[""AIS""]",
comp_b08e3a0350c6,internal_sales,sold,Harris,Cruiser 210,2014,23.12,outboard,230,Pacific Coast,excellent,17818.13,15653.86,22,2024-11-04,"[""joystick""]",
comp_f9e99dacf147,brokerage,sold,Lund,1875 Pro-V,2022,26.0,outboard,973,Atlantic Coast,fair,33137.48,31539.68,18,2025-02-05,"[""trailer"", ""autopilot"", ""AIS""]",
comp_252d291f08c6,marketplace,listing,Sea-Doo,RXT-X 300,2022,11.14,jet,84,Gulf Coast,poor,3836.0,,15,2025-08-21,"[""joystick"", ""solar""]",
comp_8b71711f690b,brokerage,listing,Bayliner,DX2000,1997,20.95,sterndrive,1954,Inland Lakes,excellent,12522.27,,31,2024-01-17,"[""AIS"", ""joystick"", ""generator""]",
comp_de2c1dfde9f1,marketplace,listing,Sun Tracker,Party Barge 22 DLX,2026,23.23,outboard,74,Maritimes,poor,23382.3,,54,2026-07-03,[],
comp_31bc6838d9bd,marketplace,listing,Carver,C34 Coupe,2012,35.13,sterndrive,2036,Maritimes,good,90424.1,,61,2023-07-10,"[""radar"", ""solar"", ""trailer""]",
comp_77f6530540e9,marketplace,sold,Carver,C34 Coupe,2005,33.59,sterndrive,1377,Inland Lakes,very_good,85003.85,78385.86,80,2024-04-07,[],
comp_6c541b5b6014,marketplace,sold,Bayliner,DX2000,2010,24.08,sterndrive,884,Inland Lakes,fair,13749.09,12973.18,71,2025-09-11,"[""AIS"", ""radar""]",
comp_1043c0c6fa58,brokerage,listing,Grady-White,336 Canyon,1974,24.69,outboard,2578,Pacific Coast,good,6538.09,,24,2024-11-14,"[""autopilot""]",
comp_4b3cca8042db,marketplace,listing,Sun Tracker,Party Barge 22 DLX,1978,27.11,outboard,1775,Great Lakes,good,5709.0,,184,2026-04-14,"[""trailer""]",
comp_33baf8fa1b9f,marketplace,listing,Bennington,24 LXSB,2023,23.92,outboard,103,Inland Lakes,good,35114.08,,150,2024-10-22,[],
comp_97634bda2a8a,marketplace,listing,SafeBoat,25 Defender,1985,9.56,outboard,1439,Maritimes,very_good,6613.98,,30,2024-12-12,"[""joystick"", ""autopilot"", ""trailer""]",
comp_4e2ebb2e1453,marketplace,listing,Tracker,Pro Team 175,2012,14.16,inboard,591,Atlantic Coast,fair,8007.03,,17,2023-04-08,"[""generator""]",
comp_eecdc1693553,marketplace,sold,Sun Tracker,Bass Buggy 18 DLX,1982,24.68,outboard,707,Atlantic Coast,good,5076.96,4564.07,242,2026-09-04,"[""AIS"", ""solar"", ""generator""]",
comp_fa12044d977a,internal_sales,sold,Grady-White,191 CE,2003,19.85,inboard,979,Gulf Coast,very_good,12755.65,11672.78,33,2025-01-18,"[""solar"", ""joystick"", ""trailer""]",
comp_f6501d4a98d1,internal_sales,listing,Beneteau,Oceanis 41.1,1999,37.86,sail_aux,1303,Maritimes,excellent,81090.64,,66,2024-03-18,"[""joystick"", ""generator"", ""trailer""]",
comp_c07a0c0df666,brokerage,sold,Sea Ray,SLX 260,1992,26.66,inboard,3503,Atlantic Coast,poor,22088.46,21216.62,14,2023-03-17,[],
comp_12d466be7db1,brokerage,sold,Bayliner,Element M17,1998,24.56,outboard,1989,Great Lakes,good,14160.62,11980.78,68,2023-08-10,[],
comp_fc85be1d1329,marketplace,sold,Tracker,Pro Team 175,1974,17.88,outboard,5148,Great Lakes,fair,3507.84,3022.74,47,2026-05-25,[],
comp_3af1f98e468f,internal_sales,sold,Hunter,36,1996,26.08,sail_aux,1515,Inland Lakes,excellent,43321.12,42245.99,27,2025-02-18,"[""solar""]",
comp_e927dc74b8da,marketplace,listing,Alumacraft Pro,205 Bay,1976,27.82,jet,9055,Inland Lakes,very_good,21478.74,,23,2026-12-08,"[""generator"", ""trailer"", ""AIS""]",
comp_a769f3b2d2b8,brokerage,sold,Yamaha WaveRunner,VX Cruiser,2005,11.8,jet,189,Gulf Coast,fair,2123.83,2010.27,139,2025-02-02,"[""AIS""]",
comp_5ed45e9e31e6,marketplace,listing,HarborCat,36 Pilot,2001,44.1,inboard,1696,Pacific Coast,fair,50633.33,,30,2023-01-06,[],
comp_886d0e45c53f,brokerage,sold,Lund,1975 Impact,2016,26.0,inboard,1174,Atlantic Coast,good,27987.92,24965.77,23,2026-02-19,[],
comp_9b2ba22dd274,marketplace,sold,Carver,C34 Coupe,2000,34.37,sterndrive,2511,Maritimes,very_good,72927.64,65087.91,63,2025-02-15,"[""AIS""]",
comp_369e953113e5,internal_sales,sold,Sea Ray,SDX 250,2014,20.62,outboard,1209,Maritimes,fair,16019.92,14968.37,14,2026-05-05,"[""autopilot""]",
comp_c6d22d3a49f1,marketplace,sold,Bayliner,Ciera 8,2020,17.82,sterndrive,339,Inland Lakes,good,19323.94,16366.46,73,2025-02-27,"[""generator""]",
comp_7978c2435984,internal_sales,listing,Carver,C40 Command Bridge,2024,30.99,inboard,378,Gulf Coast,very_good,149153.79,,46,2024-07-19,"[""radar"", ""AIS""]",
comp_179b9cfe51d2,marketplace,sold,Boston Whaler,230 Outrage,2000,14.68,inboard,1964,Great Lakes,good,8647.04,7527.66,64,2023-03-27,"[""autopilot"", ""joystick"", ""AIS""]",
comp_4f1cecbe58d4,internal_sales,listing,Sea Ray,SPX 190,1986,30.67,sterndrive,965,Great Lakes,fair,29075.22,,17,2023-03-08,"[""joystick"", ""AIS"", ""generator""]",
comp_44825f3f08c3,marketplace,sold,Tiara,38 LS,1981,33.56,sterndrive,8268,Pacific Coast,poor,21292.08,19479.75,42,2024-03-19,"[""autopilot""]",
comp_2d1326d97652,internal_sales,listing,Bennington,22 SSB,2013,21.16,outboard,497,Great Lakes,very_good,15592.6,,37,2023-12-24,"[""generator"", ""radar"", ""AIS""]",
comp_68e654609418,brokerage,sold,Yamaha WaveRunner,VX Cruiser,1984,10.64,jet,654,Atlantic Coast,good,1126.43,1098.41,58,2026-01-05,"[""generator"", ""radar"", ""joystick""]",
comp_257ee89d23e8,marketplace,sold,Tiara,38 LS,2009,48.95,inboard,845,Pacific Coast,good,130574.37,117626.12,38,2025-12-05,[],
comp_841eb01e2071,brokerage,sold,Tracker,Targa V-18,2014,15.48,outboard,372,Atlantic Coast,good,11714.11,11084.03,40,2026-03-18,"[""autopilot"", ""joystick""]",
comp_9846b21210c3,marketplace,sold,Yamaha WaveRunner,VX Cruiser,2005,12.31,jet,409,Pacific Coast,fair,2627.03,2243.64,28,2023-07-15,"[""AIS""]",
comp_8ed7c79d1911,internal_sales,sold,Sun Tracker,Bass Buggy 18 DLX,2006,26.0,outboard,379,Inland Lakes,fair,10980.3,10589.06,57,2023-11-21,"[""radar""]",
comp_8305adaa70be,marketplace,sold,Yamaha WaveRunner,FX HO,1979,11.23,jet,770,Inland Lakes,fair,1000.0,872.97,42,2025-10-11,"[""radar"", ""solar"", ""trailer""]",
comp_27c105e97fef,marketplace,sold,Regal,LS4,1979,20.0,sterndrive,3282,Pacific Coast,good,6176.61,5612.95,24,2026-07-24,"[""solar"", ""trailer""]",
comp_93f41d8a4bed,brokerage,sold,Tiara,38 LS,2020,27.8,inboard,655,Maritimes,good,104328.45,97685.98,42,2023-04-08,[],
comp_599463e18b1b,brokerage,sold,Beneteau,Oceanis 41.1,2016,36.77,inboard,281,Inland Lakes,fair,88687.15,74624.79,7,2024-03-13,[],
comp_1693ef2bd3a5,marketplace,sold,Tracker,Pro Team 175,2005,23.3,inboard,213,Pacific Coast,good,15051.33,13609.21,79,2025-02-03,[],
comp_4f14ea57275d,brokerage,listing,Sun Tracker,Bass Buggy 18 DLX,1978,22.94,outboard,2185,Gulf Coast,very_good,5570.77,,41,2024-01-25,[],
comp_8fbd091a5f3b,marketplace,listing,Yamaha WaveRunner,VX Cruiser,2015,10.96,jet,319,Gulf Coast,good,3914.96,,37,2025-11-25,"[""trailer""]",
comp_91ad0599b7df,marketplace,sold,Sea Ray,Sundancer 320,2001,18.03,sterndrive,4087,Great Lakes,excellent,11236.92,9997.3,68,2024-07-08,"[""joystick"", ""generator""]",
comp_0f96f546c67e,brokerage,sold,Harris,Solstice 230,2009,21.72,outboard,535,Maritimes,fair,9473.81,8305.72,25,2026-01-06,"[""AIS""]",
comp_60e2ba67d177,marketplace,sold,Catalina,355,2002,42.5,sail_aux,935,Great Lakes,fair,71066.61,68257.11,19,2023-10-10,"[""solar"", ""autopilot""]",
comp_259454f8b129,brokerage,listing,Hunter,31,2001,32.75,sail_aux,874,Great Lakes,fair,41164.54,,9,2023-03-03,[],
comp_e61815ecb540,brokerage,sold,Sea Ray,SDX 250,1983,17.7,outboard,3500,Gulf Coast,very_good,6454.45,6267.21,43,2023-05-10,[],
comp_7b5c5a1bed3e,marketplace,listing,Regal,28 Express,2007,19.21,sterndrive,454,Inland Lakes,good,15114.7,,26,2023-10-09,[],
comp_5043de8f60d2,marketplace,listing,Parker,2820 XLD,2009,11.87,jet,4180,Pacific Coast,good,12917.2,,26,2024-02-12,"[""solar"", ""autopilot""]",
comp_cc44b0630235,brokerage,sold,Grady-White,191 CE,2008,21.09,outboard,1530,Maritimes,fair,13048.73,11481.71,43,2026-04-19,"[""joystick"", ""radar"", ""AIS""]",
comp_b3bb6b374fdc,marketplace,listing,Chaparral,23 SSi,2007,20.76,sterndrive,3017,Pacific Coast,poor,7358.37,,22,2026-10-03,"[""trailer"", ""AIS"", ""radar""]",
comp_35e11fee0664,marketplace,sold,Chaparral,21 SSI,2012,20.99,outboard,1012,Atlantic Coast,fair,14548.4,12272.66,63,2024-06-21,[],
comp_0e752f5d97dd,brokerage,sold,Formula,290 BR,2025,37.05,sterndrive,91,Atlantic Coast,good,221375.16,186420.52,10,2025-01-01,"[""joystick"", ""generator"", ""AIS""]",
comp_c7a66c68ee22,brokerage,listing,Formula,290 BR,2013,32.8,inboard,699,Atlantic Coast,fair,66759.73,,24,2023-05-05,[],
comp_564000e34f72,marketplace,sold,Catalina,355,2022,31.53,inboard,37,Maritimes,very_good,108285.92,96394.07,31,2023-04-19,[],
comp_280f2fc7ade5,marketplace,sold,Chaparral,21 SSI,2026,22.45,outboard,57,Maritimes,very_good,65475.29,56136.36,20,2023-09-22,"[""solar"", ""joystick"", ""autopilot""]",
comp_be211b97d7b1,marketplace,sold,Harris,Cruiser 210,2026,22.1,outboard,0,Inland Lakes,good,45360.3,42294.83,15,2025-09-06,"[""joystick"", ""generator"", ""solar""]",
comp_72a613f803d7,marketplace,listing,Tracker,Grizzly 1860,1999,19.05,outboard,3254,Inland Lakes,excellent,12632.61,,26,2025-04-16,"[""solar"", ""trailer"", ""joystick""]",
comp_439a250c627b,brokerage,sold,Boston Whaler,230 Outrage,2009,23.68,outboard,804,Maritimes,good,23008.18,20898.13,73,2026-02-04,"[""radar""]",
comp_d4d7a21b8561,marketplace,sold,Bennington,24 LXSB,1980,18.9,outboard,2567,Gulf Coast,very_good,4413.02,3978.48,33,2025-05-11,[],
comp_9a5e5a891274,marketplace,listing,Sea Ray,SLX 260,2004,17.19,outboard,372,Great Lakes,very_good,10707.91,,81,2026-02-13,"[""solar"", ""generator"", ""radar""]",
comp_1dfe3e0d2aa4,marketplace,listing,Tracker,Pro Team 175,2011,28.29,outboard,975,Great Lakes,very_good,24750.18,,110,2023-02-13,"[""radar"", ""solar"", ""generator""]",
comp_331c0ef05366,marketplace,listing,Sun Tracker,Bass Buggy 18 DLX,2025,18.63,outboard,119,Gulf Coast,good,22827.93,,41,2023-03-27,"[""joystick"", ""solar"", ""trailer""]",
comp_9bf37b4dbdc1,brokerage,listing,Sun Tracker,Party Barge 22 DLX,1967,19.63,outboard,3813,Inland Lakes,fair,2127.24,,83,2026-06-03,"[""joystick"", ""AIS""]",
comp_03db87e656fe,brokerage,sold,Bayliner,DX2000,1995,19.9,sterndrive,1370,Pacific Coast,fair,7734.79,7456.45,26,2023-08-28,[],
comp_c688d084fecd,marketplace,sold,Bennington,22 SSB,1980,21.63,outboard,3041,Inland Lakes,excellent,6564.87,6025.17,60,2026-05-04,"[""trailer"", ""solar""]",
comp_f879bc92f33d,brokerage,sold,Grady-White,191 CE,2024,21.29,outboard,223,Great Lakes,very_good,48646.46,40957.04,96,2026-03-09,[],
comp_ce566a8359a0,brokerage,sold,Jeanneau,Leader 10.5,2026,35.89,inboard,0,Maritimes,fair,107876.32,101826.98,44,2025-12-12,"[""radar"", ""solar"", ""generator""]",
comp_13e1737b5a54,marketplace,sold,Bayliner,Ciera 8,2000,21.4,sterndrive,2208,Pacific Coast,fair,9563.82,8846.35,51,2023-02-13,"[""trailer""]",
comp_31bc6066d9d3,marketplace,sold,Grady-White,336 Canyon,2001,28.25,outboard,1265,Maritimes,poor,10992.01,10237.82,19,2026-04-09,"[""AIS"", ""solar"", ""autopilot""]",
comp_980413722906,brokerage,listing,Bennington,24 LXSB,2006,26.0,outboard,3018,Maritimes,good,15502.08,,73,2024-09-16,"[""autopilot"", ""AIS"", ""joystick""]",
comp_a41d44404c9c,internal_sales,sold,Parker,2820 XLD,2004,31.97,inboard,5087,Atlantic Coast,good,43962.05,41333.29,79,2025-06-04,[],
comp_6253506eaab9,marketplace,listing,Lund,1975 Impact,2001,23.41,inboard,549,Inland Lakes,fair,12278.4,,37,2025-10-25,"[""trailer"", ""radar""]",
comp_fa93580e8ed6,internal_sales,listing,Bayliner,DX2000,2008,24.08,sterndrive,1116,Inland Lakes,good,18997.0,,133,2024-03-27,"[""trailer"", ""autopilot"", ""generator""]",
comp_01faa714cd96,brokerage,sold,Catalina,445,2018,21.16,sail_aux,214,Gulf Coast,good,44345.2,39157.99,64,2026-10-18,[],
comp_c282dc4c1b67,marketplace,sold,Alumacraft Pro,Trophy 195,2010,30.02,jet,10071,Maritimes,fair,37851.03,36556.22,9,2026-08-11,"[""joystick"", ""trailer""]",
comp_e57a21c854a1,marketplace,sold,Regal,LS4,1998,16.12,outboard,763,Pacific Coast,poor,4410.04,4121.4,19,2026-02-09,[],
comp_9ebf734bf04e,marketplace,sold,Tiara,44 Coupe,1993,32.88,inboard,2006,Gulf Coast,fair,48687.83,46741.36,133,2024-10-20,"[""generator"", ""radar""]",
comp_f2c962791436,marketplace,sold,Sea Ray,SPX 190,2015,21.24,sterndrive,773,Inland Lakes,good,17950.7,15978.93,53,2026-07-11,[],
comp_723dc737a330,marketplace,sold,Regal,LS4,2014,20.11,outboard,432,Gulf Coast,good,15742.72,13556.88,53,2026-02-03,"[""radar""]",
comp_8b65fcb706b6,internal_sales,sold,Boston Whaler,230 Outrage,2004,22.43,inboard,1936,Maritimes,very_good,21136.97,17874.92,17,2024-07-18,"[""AIS"", ""autopilot"", ""trailer""]",
comp_aecb21cf5afa,marketplace,sold,Bennington,22 SSB,1978,21.63,outboard,3418,Inland Lakes,good,4628.26,3959.92,21,2023-11-28,"[""solar"", ""radar"", ""trailer""]",
comp_31bb30186f69,marketplace,sold,Bayliner,Element M17,2001,13.93,outboard,1274,Maritimes,good,6379.83,5808.31,360,2026-06-18,"[""AIS"", ""solar"", ""autopilot""]",
comp_e00f7d04a90c,brokerage,sold,Grady-White,191 CE,2022,26.0,outboard,139,Inland Lakes,good,49329.64,46053.94,42,2023-02-01,[],
comp_d61364fd0ee2,internal_sales,sold,Sea Ray,Sundancer 320,2010,32.53,inboard,2282,Maritimes,poor,37569.08,33730.9,27,2023-06-14,"[""solar"", ""joystick""]",
comp_6defa377dad2,marketplace,listing,Lund,1975 Impact,1999,25.65,outboard,614,Gulf Coast,fair,13563.72,,66,2023-03-25,"[""AIS"", ""trailer"", ""radar""]",
comp_814068e7927a,brokerage,sold,Formula,290 BR,1994,48.98,sterndrive,2285,Pacific Coast,good,91475.99,82733.23,31,2024-04-14,"[""joystick"", ""generator"", ""radar""]",
comp_f56ef74e7cac,marketplace,sold,Sea Ray,SDX 250,2004,25.22,inboard,1040,Inland Lakes,very_good,46579.02,43481.96,100,2025-01-03,"[""radar"", ""generator"", ""trailer""]",
comp_02304c48cb7a,brokerage,sold,Tiara,38 LS,1993,26.95,sterndrive,7968,Atlantic Coast,good,39810.49,34340.68,44,2025-04-08,[],
comp_a4bfbb0fb019,marketplace,listing,Bayliner,DX2000,2004,24.08,sterndrive,1422,Inland Lakes,excellent,17919.77,,46,2024-02-07,[],
comp_7a97644f83a2,marketplace,sold,Sun Tracker,Party Barge 22 DLX,2010,26.0,outboard,340,Inland Lakes,fair,11191.53,9964.89,28,2024-06-26,"[""solar"", ""radar""]",
comp_fa1a59a8d85e,marketplace,sold,Alumacraft Pro,205 Bay,2011,38.22,inboard,5703,Inland Lakes,very_good,84362.49,79593.05,12,2023-10-06,"[""generator"", ""trailer"", ""joystick""]",
comp_39bc9e0a2dfe,brokerage,listing,Regal,LS4,2020,26.0,outboard,197,Pacific Coast,very_good,34638.84,,93,2023-05-12,"[""solar"", ""generator"", ""AIS""]",
comp_6c2dcf0c3ece,brokerage,listing,Tiara,44 Coupe,2011,39.05,sterndrive,659,Gulf Coast,very_good,115054.2,,62,2024-12-20,"[""AIS"", ""joystick"", ""generator""]",
comp_49146a5aeaff,marketplace,sold,Sun Tracker,Bass Buggy 18 DLX,2004,25.6,outboard,1106,Great Lakes,fair,10589.86,9663.35,80,2026-12-21,"[""trailer""]",
comp_f82a9995fab7,brokerage,sold,Formula,290 BR,1986,24.87,inboard,2866,Maritimes,very_good,37974.98,37213.69,83,2026-10-09,"[""joystick"", ""autopilot"", ""trailer""]",
comp_5d2b6f11ed00,marketplace,listing,Bayliner,VR5,1995,22.96,outboard,2599,Maritimes,good,10327.72,,11,2025-11-05,"[""AIS"", ""trailer""]",
comp_d8eedf7ee4b8,marketplace,sold,Boston Whaler,230 Outrage,2018,26.0,inboard,1190,Great Lakes,good,34532.77,32618.07,156,2024-05-07,"[""radar"", ""joystick"", ""trailer""]",
comp_dcb5a13fdc92,internal_sales,sold,Carver,C40 Command Bridge,2008,42.94,inboard,2830,Pacific Coast,fair,79546.26,67996.61,77,2026-12-27,[],
comp_e1bad26cdebe,brokerage,sold,Tiara,44 Coupe,1997,40.1,inboard,1245,Gulf Coast,fair,69544.12,64576.47,17,2026-10-01,[],
comp_13f3b220bf90,marketplace,listing,Regal,26 XO,1996,19.65,outboard,660,Pacific Coast,fair,8423.65,,77,2023-05-11,"[""solar"", ""autopilot""]",
comp_01902cb6b238,marketplace,sold,Harris,Solstice 230,2012,21.27,outboard,459,Great Lakes,very_good,15045.03,14120.03,69,2024-03-09,"[""AIS""]",
comp_662edfc2c6ba,brokerage,listing,Tracker,Targa V-18,1972,26.0,outboard,7361,Maritimes,good,6128.13,,51,2025-10-08,"[""autopilot"", ""solar"", ""joystick""]",
comp_21f3e82637e9,brokerage,sold,Boston Whaler,280 Vantage,2011,17.51,outboard,1240,Pacific Coast,very_good,16891.62,15290.66,37,2026-09-03,"[""joystick""]",
comp_cd1332063fd2,brokerage,sold,Sea-Doo,RXT-X 300,1967,12.02,jet,2918,Maritimes,poor,1000.0,868.37,82,2024-03-23,"[""AIS"", ""radar"", ""autopilot""]",
comp_00ccc85b24a5,brokerage,sold,HarborCat,36 Pilot,1999,44.1,inboard,1846,Pacific Coast,good,61498.7,55383.44,29,2023-03-02,[],
comp_be0c1650cf59,marketplace,sold,Jeanneau,Sun Odyssey 349,2023,16.13,sail_aux,62,Gulf Coast,fair,34478.6,32015.8,59,2024-10-26,[],
comp_b1c8e172721d,marketplace,sold,Sun Tracker,Bass Buggy 18 DLX,2012,20.36,outboard,388,Inland Lakes,poor,5535.88,4982.22,20,2026-11-14,"[""solar""]",
comp_34f8eb74ef85,brokerage,listing,Tracker,Targa V-18,2020,11.33,inboard,131,Pacific Coast,fair,7934.24,,38,2025-09-15,[],
comp_7db330269297,marketplace,sold,Chaparral,23 SSi,2022,16.48,outboard,1211,Great Lakes,fair,18832.5,17426.8,76,2024-02-22,[],
comp_08a210ea847c,marketplace,sold,Carver,C40 Command Bridge,1999,34.04,inboard,1795,Pacific Coast,good,66782.48,58778.88,122,2025-07-16,"[""AIS""]",
comp_382b9ff98adb,internal_sales,sold,Sea Ray,Sundancer 320,2021,32.64,sterndrive,375,Maritimes,very_good,115367.89,98303.81,78,2024-07-04,"[""autopilot"", ""generator""]",
comp_a98f9c3ef906,marketplace,listing,Formula,290 BR,2019,25.63,sterndrive,438,Maritimes,good,84893.0,,36,2026-08-28,"[""autopilot"", ""solar""]",
comp_9987be7bf8cb,marketplace,sold,Bayliner,VR5,2017,20.22,outboard,187,Pacific Coast,good,20005.06,18282.21,87,2024-11-23,"[""solar""]",
comp_5ea2ee3f830e,brokerage,sold,Tiara,38 LS,2013,14.58,sterndrive,1879,Pacific Coast,fair,24157.08,22179.09,66,2025-08-03,"[""generator""]",
comp_f769f015c641,brokerage,sold,HarborCat,26 WB,2022,8.91,outboard,226,Maritimes,good,19295.55,17434.72,17,2023-03-08,"[""solar"", ""trailer""]",
comp_ea63f7ca1bfd,brokerage,sold,Tiara,44 Coupe,2021,35.09,inboard,272,Inland Lakes,poor,92582.87,82074.68,46,2026-09-23,"[""radar"", ""trailer""]",
comp_1fcb7c1daeda,internal_sales,listing,Boston Whaler,280 Vantage,2005,17.51,outboard,1235,Pacific Coast,good,12087.14,,49,2026-11-17,"[""autopilot"", ""joystick""]",
comp_19d1bb03c277,marketplace,sold,Regal,28 Express,1983,21.93,sterndrive,4725,Maritimes,fair,5604.01,5354.7,58,2024-03-13,[],
comp_3ab5438b5e98,marketplace,sold,Formula,350 CBR,2005,26.09,inboard,1003,Pacific Coast,very_good,54731.52,46627.61,19,2023-12-09,[],
comp_326753a1f45e,marketplace,sold,Tracker,Grizzly 1860,1982,22.48,inboard,5399,Gulf Coast,good,7162.28,6704.97,55,2026-10-21,[],
comp_1e04d1738712,brokerage,sold,Lund,1875 Pro-V,1981,22.65,outboard,1669,Pacific Coast,fair,6178.64,5193.14,64,2023-12-04,"[""autopilot""]",
comp_430f2cb8434c,marketplace,sold,Hunter,36,1974,14.35,sail_aux,1055,Gulf Coast,excellent,13064.97,11317.05,39,2026-08-09,"[""joystick"", ""generator""]",
comp_5e9860175037,brokerage,sold,Formula,350 CBR,1999,38.96,inboard,446,Gulf Coast,very_good,94374.69,80527.27,58,2023-08-13,[],
comp_a31964f236b5,marketplace,sold,Catalina,445,2011,31.17,inboard,376,Inland Lakes,good,73702.84,64134.73,23,2026-07-23,"[""radar"", ""autopilot"", ""generator""]",
comp_ae7d4b9eed2b,marketplace,listing,Grady-White,191 CE,1968,26.0,inboard,1124,Pacific Coast,good,6164.11,,19,2023-12-17,"[""joystick"", ""trailer"", ""AIS""]",
comp_4909256df048,brokerage,sold,Tracker,Grizzly 1860,1995,21.96,inboard,2883,Great Lakes,excellent,12321.78,10410.79,29,2026-09-12,"[""autopilot""]",
comp_4a0c42d990ba,brokerage,sold,HarborCat,26 WB,1985,32.97,jet,5788,Gulf Coast,good,27098.85,23918.0,17,2025-01-02,"[""joystick"", ""autopilot"", ""generator""]",
comp_479a04c5e421,brokerage,sold,SafeBoat,33 Full Cabin,2026,21.69,jet,0,Inland Lakes,fair,93821.53,86176.5,47,2023-09-05,"[""solar"", ""AIS""]",
comp_1e3d4ae40e4e,brokerage,sold,Chaparral,21 SSI,2007,15.16,outboard,374,Atlantic Coast,very_good,9397.87,8293.28,6,2026-03-15,"[""autopilot"", ""radar""]",
comp_05e8260a34d2,marketplace,sold,Sea Ray,Sundancer 320,1987,18.06,outboard,426,Great Lakes,fair,6139.42,5162.36,24,2024-02-03,"[""generator"", ""solar"", ""joystick""]",
comp_5877ddba72d2,internal_sales,sold,Sea Ray,SLX 260,2015,16.44,sterndrive,573,Gulf Coast,fair,11499.49,10468.76,23,2026-02-22,"[""AIS"", ""joystick"", ""radar""]",
comp_db584f09b8a3,marketplace,sold,Hunter,31,2010,33.87,inboard,183,Great Lakes,very_good,75977.6,70363.33,25,2025-12-02,"[""joystick""]",
comp_ac62a0c27169,internal_sales,listing,Bayliner,Element M17,1963,24.31,outboard,2136,Pacific Coast,poor,2446.15,,37,2026-11-27,"[""radar"", ""autopilot"", ""trailer""]",
comp_a74b112f2a27,marketplace,sold,Harris,Solstice 230,2026,22.96,outboard,50,Atlantic Coast,very_good,51189.75,47511.01,106,2023-10-16,[],
comp_90867c8a8fc9,internal_sales,listing,Formula,290 BR,1985,23.42,sterndrive,9688,Maritimes,fair,23193.14,,32,2023-05-23,"[""solar""]",
comp_802faf3fa0ca,marketplace,sold,Boston Whaler,280 Vantage,1973,19.24,outboard,5164,Gulf Coast,poor,3018.12,2715.0,54,2025-08-11,[],
comp_1dd72bc2df90,brokerage,listing,Harris,Solstice 230,1978,24.12,outboard,1434,Maritimes,very_good,5374.42,,165,2026-07-07,"[""AIS"", ""trailer""]",
comp_fa4d9b8d4fd4,brokerage,sold,Tracker,Grizzly 1860,2012,24.27,outboard,3087,Atlantic Coast,very_good,23931.22,22220.71,14,2026-05-04,"[""solar""]",
comp_d5a4bba23b8d,marketplace,sold,Hunter,36,1995,26.08,sail_aux,2257,Inland Lakes,very_good,43148.83,41279.6,36,2025-05-04,"[""AIS"", ""trailer"", ""radar""]",
comp_269f47d1d909,marketplace,sold,Beneteau,First 27,2023,39.43,inboard,130,Inland Lakes,fair,138903.22,134662.61,14,2025-12-22,[],
comp_0692def5595e,internal_sales,sold,Alumacraft Pro,Trophy 195,1981,27.21,inboard,3471,Inland Lakes,good,19971.7,18765.22,31,2023-07-25,"[""trailer"", ""generator""]",
comp_214d6c2fc25b,marketplace,sold,Parker,2320 Sport Cabin,1999,32.39,jet,4735,Gulf Coast,fair,34164.54,33186.94,26,2025-06-20,"[""autopilot""]",
comp_7b21128b972e,marketplace,sold,Sea Ray,SLX 260,1982,20.39,outboard,2157,Great Lakes,very_good,6937.47,5960.11,87,2024-06-14,"[""generator"", ""AIS"", ""radar""]",
comp_65eb3ea8946d,internal_sales,sold,Boston Whaler,230 Outrage,2007,29.5,inboard,662,Atlantic Coast,very_good,30964.66,29584.08,51,2026-04-14,"[""autopilot""]",
comp_137a35cc3f41,marketplace,sold,Boston Whaler,280 Vantage,2001,36.28,outboard,9703,Gulf Coast,good,27887.14,24093.26,61,2024-11-11,[],
comp_f40e02206b59,marketplace,sold,Formula,350 CBR,1977,33.23,sterndrive,8205,Gulf Coast,poor,21412.5,18694.57,83,2024-10-12,"[""generator"", ""autopilot""]",
comp_d92936930887,marketplace,listing,Regal,26 XO,1975,18.67,outboard,3044,Gulf Coast,good,5229.68,,82,2025-08-03,"[""autopilot"", ""trailer"", ""AIS""]",
comp_6cde265bdd2c,marketplace,sold,Sun Tracker,Party Barge 22 DLX,1978,19.46,outboard,498,Atlantic Coast,good,3440.03,3071.19,74,2025-10-11,"[""trailer"", ""solar"", ""radar""]",
comp_94563d2c6949,internal_sales,sold,Boston Whaler,280 Vantage,2003,23.36,inboard,3986,Maritimes,excellent,21039.67,20322.07,19,2024-12-23,"[""joystick"", ""generator"", ""autopilot""]",
comp_c3edb65cc06a,marketplace,sold,Bennington,22 SSB,1992,20.69,outboard,2543,Pacific Coast,very_good,8255.47,7212.94,43,2025-07-21,"[""radar"", ""generator"", ""trailer""]",
comp_abea89532487,marketplace,listing,Grady-White,191 CE,2009,26.0,outboard,304,Atlantic Coast,good,13989.0,,50,2024-02-10,[],
comp_b5cff17abd68,brokerage,sold,Grady-White,257 Fisherman,1982,22.2,outboard,2699,Pacific Coast,excellent,8635.31,7834.5,50,2024-07-03,[],
comp_7fe83a5a3988,marketplace,sold,Formula,290 BR,2011,36.48,sterndrive,3120,Maritimes,good,92391.61,79106.93,20,2026-09-15,"[""trailer"", ""generator""]",
comp_6788300bf7f1,brokerage,sold,Bayliner,DX2000,1987,25.81,sterndrive,1789,Atlantic Coast,good,9261.31,8528.89,33,2023-06-05,"[""solar"", ""generator"", ""autopilot""]",
comp_15895c623ca9,marketplace,sold,SafeBoat,25 Defender,1983,9.56,outboard,2152,Maritimes,poor,2525.28,2156.73,12,2026-07-17,"[""radar"", ""trailer""]",
comp_f7514d79d2b2,brokerage,listing,Sea Ray,Sundancer 320,1966,26.0,sterndrive,3100,Pacific Coast,good,6517.46,,41,2026-11-17,"[""AIS"", ""joystick"", ""trailer""]",
comp_17427325411b,marketplace,sold,Beneteau,Oceanis 41.1,1991,33.33,inboard,358,Atlantic Coast,good,57867.07,55036.48,118,2026-11-04,"[""AIS"", ""radar"", ""solar""]",
comp_579bfbcc428c,brokerage,listing,Bayliner,Ciera 8,1983,20.59,sterndrive,4613,Pacific Coast,good,6829.28,,33,2026-03-04,"[""radar"", ""generator""]",
comp_5ecb61a8c591,internal_sales,listing,Grady-White,336 Canyon,1981,19.95,outboard,2766,Pacific Coast,excellent,8068.51,,165,2023-03-02,"[""generator""]",
comp_2304e1111792,internal_sales,listing,Carver,C34 Coupe,1999,51.55,sterndrive,1594,Maritimes,fair,89472.71,,39,2024-09-20,"[""generator""]",
comp_196531a63886,marketplace,listing,Hunter,36,1973,14.35,sail_aux,970,Gulf Coast,excellent,11870.92,,29,2024-05-01,"[""trailer"", ""radar""]",
comp_aa70b03edadc,internal_sales,sold,Sea Ray,Sundancer 320,2003,18.25,sterndrive,1959,Maritimes,very_good,12050.38,11172.85,14,2024-05-16,"[""AIS"", ""autopilot"", ""joystick""]",
comp_3ddc61376db0,marketplace,sold,Sun Tracker,Party Barge 22 DLX,2009,23.28,outboard,635,Pacific Coast,good,11726.18,11189.58,34,2024-12-17,"[""generator""]",
comp_ce81fa01c0d3,marketplace,listing,Yamaha WaveRunner,VX Cruiser,2002,12.31,jet,558,Pacific Coast,fair,2011.39,,94,2026-06-11,"[""AIS"", ""trailer"", ""generator""]",
comp_ab1cb343b3c7,marketplace,sold,Carver,C40 Command Bridge,1993,48.63,inboard,1405,Great Lakes,very_good,96492.09,86559.36,22,2026-11-09,"[""autopilot"", ""solar""]",
comp_06a924119bb2,marketplace,listing,Sun Tracker,Party Barge 22 DLX,1998,18.67,outboard,398,Gulf Coast,fair,4868.65,,39,2023-03-02,"[""joystick"", ""generator"", ""radar""]",
comp_9e814fbac7d4,marketplace,sold,Bennington,24 LXSB,2010,17.43,outboard,895,Pacific Coast,fair,7780.69,6870.47,110,2023-02-14,[],
comp_299bcb55f93a,marketplace,sold,Chaparral,23 SSi,2020,20.76,sterndrive,218,Maritimes,very_good,30513.13,27617.99,134,2023-09-07,"[""trailer"", ""joystick""]",
comp_c12d490524dc,marketplace,sold,Lund,1975 Impact,2015,21.27,outboard,184,Atlantic Coast,good,20663.41,19669.87,241,2024-01-04,"[""solar"", ""autopilot""]",
comp_a67097787a7d,internal_sales,sold,Bayliner,DX2000,1978,22.88,sterndrive,3330,Inland Lakes,poor,3917.04,3629.58,14,2023-05-27,"[""joystick""]",
comp_28ab4aafa8fa,internal_sales,sold,Sea Ray,Sundancer 320,1966,46.11,sterndrive,947,Pacific Coast,good,40691.33,34553.53,16,2026-12-03,"[""autopilot""]",
comp_6a0c469d3c6e,brokerage,sold,Regal,26 XO,1983,18.47,sterndrive,7200,Gulf Coast,good,6659.08,5980.77,50,2026-08-12,"[""radar"", ""solar"", ""AIS""]",
comp_decae235d497,brokerage,listing,Regal,LS4,1975,17.9,outboard,307,Great Lakes,good,4686.81,,85,2024-01-27,[],
comp_59813167edac,brokerage,listing,Harris,Solstice 230,1987,15.15,outboard,1242,Maritimes,very_good,4068.6,,33,2024-11-27,"[""radar""]",
comp_e6ed2c822b0c,brokerage,sold,Sea Ray,Sundancer 320,2005,32.53,inboard,1356,Maritimes,fair,46245.6,44398.33,35,2023-10-19,"[""trailer"", ""solar""]",
comp_bc7185025f2c,marketplace,sold,Sun Tracker,Party Barge 22 DLX,2001,26.0,outboard,1346,Great Lakes,very_good,10827.47,9184.55,374,2026-08-22,"[""generator"", ""AIS""]",
comp_83e970b4ce2e,marketplace,sold,Chaparral,23 SSi,2008,20.89,outboard,3122,Gulf Coast,good,14834.57,13215.55,20,2023-04-10,[],
comp_b7bbee5c0bc5,brokerage,sold,Beneteau,First 27,2007,30.71,sail_aux,1716,Atlantic Coast,fair,47666.21,46574.63,19,2026-12-11,"[""trailer"", ""generator"", ""AIS""]",
comp_45fcf087d8e7,brokerage,listing,Sea Ray,SPX 190,2001,23.08,sterndrive,385,Pacific Coast,good,15366.67,,44,2026-10-23,"[""autopilot"", ""solar"", ""trailer""]",
comp_a28147fdacf9,internal_sales,sold,Grady-White,336 Canyon,1979,19.95,outboard,2882,Pacific Coast,very_good,6604.75,6284.49,73,2025-09-18,"[""autopilot"", ""joystick"", ""AIS""]",
comp_b2324096bab7,marketplace,listing,Alumacraft Pro,Trophy 195,2006,30.02,jet,7785,Maritimes,very_good,46276.97,,71,2025-09-19,"[""AIS"", ""generator"", ""autopilot""]",
comp_009a700b551e,internal_sales,sold,Formula,350 CBR,2025,32.65,inboard,181,Great Lakes,very_good,193463.15,182197.4,37,2025-07-21,"[""generator"", ""AIS""]",
comp_8c2423289fa9,marketplace,sold,Sun Tracker,Party Barge 22 DLX,1976,15.41,outboard,4322,Pacific Coast,excellent,2780.41,2437.88,42,2023-03-13,"[""solar"", ""radar""]",
comp_438983186189,internal_sales,sold,Regal,28 Express,2011,21.69,outboard,112,Pacific Coast,good,16524.75,15781.16,74,2023-09-16,[],
comp_db929fb4c558,marketplace,sold,Lund,1650 Angler,2023,26.0,inboard,700,Atlantic Coast,good,40973.24,37867.64,45,2025-02-28,[],
comp_a2e240432242,marketplace,sold,Grady-White,191 CE,1971,26.0,inboard,664,Pacific Coast,very_good,7773.29,7043.63,81,2023-12-21,"[""autopilot"", ""solar"", ""radar""]",
comp_7934510edc00,brokerage,sold,Tiara,44 Coupe,1967,30.27,sterndrive,5409,Great Lakes,good,25844.7,22777.45,81,2025-11-04,[],
comp_d365dd0a708b,marketplace,listing,Catalina,355,2004,42.5,sail_aux,594,Great Lakes,fair,64835.09,,10,2024-06-27,"[""generator"", ""autopilot"", ""radar""]",
comp_9ad40521d466,marketplace,sold,Harris,Solstice 230,2025,24.59,outboard,9,Pacific Coast,good,39307.2,37957.43,9,2023-02-26,"[""autopilot""]",
comp_0a481823573e,brokerage,listing,Tracker,Grizzly 1860,2003,26.0,inboard,105,Inland Lakes,fair,13122.85,,30,2023-05-12,"[""trailer""]",
comp_3565362d973b,marketplace,sold,Lund,1975 Impact,2012,24.12,inboard,2770,Pacific Coast,excellent,25642.95,24898.83,39,2023-10-08,"[""radar"", ""joystick"", ""autopilot""]",
comp_aea535ddf6ff,brokerage,sold,Harris,Cruiser 210,1988,26.0,outboard,1422,Gulf Coast,fair,5934.59,5171.62,94,2024-09-20,"[""solar""]",
comp_faf8dda921bc,marketplace,sold,Chaparral,21 SSI,2020,21.97,sterndrive,40,Atlantic Coast,fair,21333.04,19525.2,40,2026-08-24,"[""solar""]",
comp_39860559904d,brokerage,sold,Alumacraft Pro,Trophy 195,1984,18.02,jet,2509,Gulf Coast,very_good,13471.11,11628.25,21,2025-08-15,"[""generator""]",
comp_c226743f56ec,marketplace,listing,Chaparral,23 SSi,2002,25.09,sterndrive,1062,Atlantic Coast,poor,9156.08,,40,2024-12-26,"[""radar""]",
comp_a71a0c81c1cd,brokerage,sold,Formula,290 BR,2017,24.81,sterndrive,1816,Pacific Coast,very_good,84431.04,79626.3,28,2024-07-15,"[""joystick"", ""solar"", ""trailer""]",
comp_fbf5d9e589e1,marketplace,sold,Regal,LS4,2016,19.0,outboard,184,Gulf Coast,good,19086.13,17788.17,82,2024-06-23,"[""generator"", ""joystick""]",
comp_6fe3cefe5c54,marketplace,sold,Sea-Doo,RXT-X 300,2023,11.61,jet,0,Pacific Coast,good,8831.95,7816.01,16,2024-04-28,[],
comp_8a29fafdf8f6,marketplace,listing,Bayliner,VR5,2013,20.68,outboard,1195,Gulf Coast,good,17660.3,,21,2024-07-12,"[""joystick"", ""solar""]",
comp_9606a1e9df27,internal_sales,listing,Tiara,44 Coupe,2021,35.09,inboard,275,Inland Lakes,good,143105.01,,19,2026-09-20,[],
comp_9baf2756c5ff,internal_sales,sold,Sun Tracker,Party Barge 22 DLX,2010,23.48,outboard,540,Inland Lakes,fair,11300.27,11031.18,37,2025-02-12,"[""radar"", ""trailer""]",
comp_af496b2e13e2,brokerage,sold,Sea Ray,SDX 250,2008,20.33,sterndrive,620,Inland Lakes,fair,12558.18,11599.52,69,2025-09-08,"[""trailer"", ""solar"", ""joystick""]",
comp_86c596d52c4d,marketplace,listing,Grady-White,257 Fisherman,1991,16.81,inboard,3626,Great Lakes,excellent,9286.84,,115,2024-03-12,"[""joystick"", ""autopilot"", ""solar""]",
comp_98307b9fc90b,internal_sales,sold,Beneteau,Oceanis 41.1,2010,15.44,sail_aux,1567,Gulf Coast,poor,15586.24,15102.91,93,2025-05-05,"[""solar"", ""radar"", ""generator""]",
comp_f5b59b407f80,marketplace,sold,Harris,Cruiser 210,2026,20.23,outboard,0,Gulf Coast,good,33473.24,28382.38,43,2025-10-21,"[""radar"", ""trailer""]",
comp_e5258c074bc7,marketplace,sold,Tracker,Pro Team 175,1995,21.98,inboard,8810,Inland Lakes,very_good,12319.75,11550.34,71,2026-07-23,[],
comp_ff488913d133,marketplace,sold,Lund,1650 Angler,2014,15.61,outboard,1502,Maritimes,fair,9387.71,9085.9,52,2023-10-27,"[""solar"", ""radar"", ""AIS""]",
comp_066f3407e5ce,marketplace,sold,Tiara,38 LS,1980,20.39,sterndrive,3032,Pacific Coast,fair,18343.31,17252.37,103,2023-01-19,"[""radar""]",
comp_7d116047a432,brokerage,sold,Sea Ray,SPX 190,1997,37.12,sterndrive,1889,Great Lakes,good,67248.93,61312.37,76,2024-07-18,"[""solar"", ""AIS""]",
comp_07d2ec3e17ec,marketplace,sold,Chaparral,21 SSI,2009,23.46,outboard,376,Great Lakes,good,21244.97,19369.29,62,2024-09-11,"[""AIS"", ""joystick""]",
comp_507b870e3681,brokerage,sold,Tracker,Pro Team 175,2018,28.56,outboard,641,Gulf Coast,fair,25230.58,23543.15,57,2026-05-19,[],
comp_6d1fadd38464,marketplace,sold,Sea-Doo,RXT-X 300,2026,11.14,jet,138,Gulf Coast,fair,12201.97,11535.08,60,2025-12-15,"[""joystick""]",
comp_2cf4dae444c7,internal_sales,listing,Catalina,275 Sport,1967,27.1,sail_aux,998,Great Lakes,very_good,26102.78,,130,2025-12-01,"[""autopilot"", ""radar"", ""solar""]",
comp_f6704d61ed13,marketplace,listing,Sea Ray,SPX 190,2009,9.51,sterndrive,59,Great Lakes,fair,4065.42,,96,2026-01-02,"[""solar""]",
comp_36be4d59bb41,internal_sales,listing,Carver,C34 Coupe,2015,48.16,inboard,519,Maritimes,fair,105023.38,,33,2024-05-05,[],
comp_6820510ed9a3,marketplace,sold,Tiara,38 LS,2020,38.34,sterndrive,640,Atlantic Coast,good,144870.22,140259.56,17,2023-09-02,"[""generator"", ""trailer"", ""solar""]",
comp_699ef9b32172,marketplace,sold,Tracker,Pro Team 175,1984,24.36,inboard,3593,Great Lakes,poor,4648.47,4282.12,93,2026-07-16,[],
comp_33a973951222,brokerage,sold,Lund,1975 Impact,2017,21.27,outboard,239,Atlantic Coast,good,23808.0,21650.9,54,2023-07-19,"[""trailer"", ""generator""]",
comp_075c69ccc8ca,brokerage,listing,Sun Tracker,Bass Buggy 18 DLX,2012,26.0,outboard,543,Maritimes,good,13675.46,,85,2023-04-19,"[""AIS"", ""autopilot""]",
comp_3eeb8730b358,marketplace,sold,Tiara,38 LS,2016,27.8,inboard,460,Maritimes,good,74727.41,66831.27,22,2023-10-09,"[""autopilot"", ""joystick"", ""trailer""]",
comp_b30c41630bec,internal_sales,sold,Grady-White,191 CE,2000,12.08,inboard,2128,Atlantic Coast,very_good,6070.28,5632.15,43,2026-02-16,"[""joystick"", ""trailer"", ""generator""]",
comp_470c1665a245,marketplace,listing,Jeanneau,Sun Odyssey 349,2009,37.98,inboard,637,Great Lakes,very_good,101711.72,,39,2023-06-04,"[""AIS"", ""joystick"", ""autopilot""]",
comp_b13c20a78d27,internal_sales,sold,Harris,Cruiser 210,2016,22.41,outboard,218,Great Lakes,fair,13823.22,12299.35,25,2024-11-22,"[""autopilot"", ""AIS""]",
comp_d1d13f9bcbd2,marketplace,listing,Sea Ray,SDX 250,2004,38.92,sterndrive,5155,Atlantic Coast,good,85999.23,,57,2024-04-11,"[""trailer"", ""joystick"", ""autopilot""]",
comp_1e0ba56aa5ea,marketplace,sold,Bayliner,Ciera 8,2001,24.32,outboard,2930,Inland Lakes,fair,10416.78,8973.86,38,2026-12-03,"[""solar"", ""AIS"", ""autopilot""]",
comp_6dd2d5181907,marketplace,listing,Formula,290 BR,1970,35.35,sterndrive,2247,Gulf Coast,good,36604.97,,34,2026-07-18,"[""solar"", ""trailer"", ""AIS""]",
comp_83081782c310,internal_sales,sold,Formula,290 BR,2014,38.01,sterndrive,433,Pacific Coast,very_good,135969.02,123616.8,34,2025-12-07,"[""solar"", ""autopilot""]",
comp_733a559ec1f6,marketplace,listing,Tiara,38 LS,1979,37.84,sterndrive,2772,Great Lakes,fair,34993.79,,189,2024-04-25,"[""solar"", ""autopilot"", ""generator""]",
comp_847da3c9e054,marketplace,sold,Sea Ray,Sundancer 320,2022,26.0,outboard,206,Pacific Coast,excellent,45947.49,41133.98,78,2026-05-09,"[""joystick"", ""AIS""]",
comp_ac5dda91a827,marketplace,sold,Beneteau,Oceanis 31,1967,36.45,inboard,1513,Great Lakes,poor,22018.68,21088.97,12,2024-10-05,"[""radar"", ""joystick"", ""AIS""]",
comp_161cc6118e49,marketplace,sold,Tracker,Pro Team 175,2023,28.54,outboard,115,Pacific Coast,fair,41449.6,35452.93,66,2024-08-24,"[""AIS"", ""radar"", ""joystick""]",
comp_0b8488c9f5e2,marketplace,listing,Lund,1975 Impact,1992,26.0,inboard,6014,Great Lakes,fair,10023.0,,170,2025-10-07,"[""radar"", ""solar""]",
comp_6fcd731ada3e,brokerage,sold,Lund,1875 Pro-V,1980,24.44,inboard,1581,Atlantic Coast,good,8434.93,7741.26,34,2024-12-23,[],
comp_6d451960a86c,marketplace,sold,Sun Tracker,Bass Buggy 18 DLX,2024,26.0,outboard,10,Gulf Coast,good,29968.33,28044.22,26,2026-04-08,"[""radar"", ""AIS"", ""trailer""]",
comp_f3b4e4699d23,marketplace,listing,Tiara,44 Coupe,1997,41.88,inboard,4205,Pacific Coast,fair,64048.48,,66,2025-03-27,"[""solar"", ""trailer""]",
comp_a2d6d4466894,marketplace,sold,Lund,1650 Angler,2016,15.61,outboard,2284,Maritimes,good,13565.07,12406.07,29,2025-11-06,"[""solar"", ""trailer"", ""joystick""]",
comp_33281e0c5691,marketplace,sold,Harris,Solstice 230,1968,23.28,outboard,2147,Great Lakes,very_good,4212.76,4014.68,59,2023-03-11,"[""generator""]",
comp_e1e523f69532,marketplace,listing,Regal,28 Express,2016,25.26,outboard,717,Atlantic Coast,fair,22141.04,,133,2023-10-23,"[""joystick"", ""solar"", ""radar""]",
comp_9ae6582ba03a,internal_sales,sold,Tracker,Pro Team 175,2010,26.0,outboard,611,Inland Lakes,excellent,25747.15,23356.76,166,2023-09-17,[],
comp_a53bf4161a2c,brokerage,sold,Jeanneau,Leader 10.5,2010,34.36,sail_aux,1397,Great Lakes,good,87682.38,85314.88,46,2026-05-24,[],
comp_d02d8e31c0f6,brokerage,sold,Lund,1650 Angler,2021,26.0,inboard,114,Pacific Coast,good,38473.63,34112.07,94,2026-08-19,"[""joystick""]",
comp_bf824368a6b5,brokerage,sold,Hunter,36,2013,21.27,inboard,25,Atlantic Coast,good,37021.58,33952.34,15,2024-07-01,"[""generator"", ""AIS"", ""radar""]",
comp_693faa30a214,brokerage,sold,Bennington,20 SVL,2007,26.0,outboard,1606,Inland Lakes,good,16843.74,15563.5,20,2025-02-12,"[""generator""]",
comp_4e35fdefaca3,marketplace,sold,Boston Whaler,230 Outrage,1970,17.41,outboard,11368,Atlantic Coast,fair,3048.42,2849.15,28,2026-07-04,[],
comp_f51e2cb3e688,marketplace,listing,Sea Ray,SDX 250,2017,29.39,sterndrive,783,Great Lakes,good,90982.84,,95,2025-10-20,"[""autopilot""]",
comp_cce9cb1658df,marketplace,sold,Boston Whaler,170 Montauk,2026,23.89,inboard,0,Gulf Coast,fair,55929.77,47910.21,101,2025-05-16,"[""generator"", ""joystick"", ""trailer""]",
comp_8a4dde72b866,marketplace,sold,Boston Whaler,170 Montauk,2006,15.73,inboard,2368,Great Lakes,good,11857.71,10842.63,25,2026-12-06,"[""solar""]",
comp_8d8e956b95cf,marketplace,listing,Carver,C40 Command Bridge,2022,34.59,inboard,563,Atlantic Coast,excellent,147951.11,,89,2023-07-01,[],
comp_bd525434e6a8,brokerage,sold,Sea Ray,Sundancer 320,2026,32.64,sterndrive,469,Maritimes,fair,160895.4,138599.08,14,2025-09-16,"[""AIS"", ""solar"", ""joystick""]",
comp_aa0cd100c31b,brokerage,listing,Sun Tracker,Bass Buggy 18 DLX,2012,26.0,outboard,137,Inland Lakes,very_good,15994.01,,53,2023-06-16,"[""radar"", ""autopilot""]",
comp_2a473285f4fe,marketplace,listing,Alumacraft Pro,205 Bay,2021,35.07,inboard,421,Great Lakes,very_good,128091.42,,10,2023-05-23,"[""autopilot"", ""trailer""]",
comp_f9e1a2ee6f37,marketplace,listing,Regal,LS4,1996,19.24,outboard,1173,Gulf Coast,good,8872.53,,55,2024-01-09,"[""generator"", ""joystick""]",
comp_14f31b71ed69,internal_sales,sold,Sea Ray,SPX 190,2007,22.33,outboard,903,Pacific Coast,fair,11691.39,9903.71,27,2025-05-21,"[""autopilot"", ""AIS"", ""joystick""]",
comp_34ec13578f15,internal_sales,listing,Jeanneau,Leader 10.5,2015,29.65,sail_aux,320,Atlantic Coast,fair,60661.25,,18,2025-10-19,"[""joystick""]",
comp_7cc1e71afba5,internal_sales,sold,Harris,Solstice 230,1975,20.06,outboard,1800,Inland Lakes,very_good,4197.56,3686.05,36,2023-03-13,[],
comp_5cfa21521ae8,internal_sales,sold,Catalina,445,2019,28.47,sail_aux,276,Maritimes,very_good,85066.87,76034.93,61,2023-12-03,"[""solar""]",
comp_45f1733181b3,marketplace,sold,Hunter,31,2026,33.67,inboard,0,Great Lakes,excellent,189468.77,182642.26,170,2025-02-04,"[""AIS"", ""generator""]",
comp_d8fb7e74435b,marketplace,sold,Parker,2820 XLD,2011,27.76,inboard,2572,Pacific Coast,good,45395.5,41813.57,70,2023-02-20,[],
comp_08c731e536fe,marketplace,sold,Bayliner,Element M17,1983,22.49,sterndrive,1293,Great Lakes,fair,5779.43,5333.05,15,2024-07-23,"[""solar"", ""AIS""]",
comp_a1623843fa11,marketplace,sold,Boston Whaler,170 Montauk,2017,18.08,inboard,1465,Inland Lakes,very_good,20256.1,17511.87,70,2025-07-26,"[""autopilot"", ""joystick""]",
comp_a36f40c96e04,brokerage,listing,Sea Ray,Sundancer 320,2017,19.14,outboard,831,Great Lakes,very_good,18761.19,,103,2024-10-14,[],
comp_167ef827f5ca,marketplace,sold,Bennington,20 SVL,2010,26.0,outboard,510,Atlantic Coast,very_good,17475.68,15130.27,61,2023-07-19,"[""joystick"", ""trailer""]",
comp_c8465ab88c67,marketplace,sold,Tiara,38 LS,2014,42.26,inboard,167,Great Lakes,poor,77360.26,70513.24,93,2023-07-13,"[""AIS""]",
comp_9a1d77f34fcd,marketplace,sold,Boston Whaler,280 Vantage,1968,17.31,inboard,7556,Great Lakes,fair,3083.09,3012.68,114,2025-05-20,"[""AIS""]",
comp_759aa87b0f2e,marketplace,listing,HarborCat,36 Pilot,2000,44.1,inboard,1786,Pacific Coast,good,63299.76,,14,2025-07-22,"[""autopilot"", ""trailer"", ""generator""]",
comp_a2df9b34a300,marketplace,sold,Boston Whaler,170 Montauk,2006,23.65,inboard,2526,Gulf Coast,good,17936.39,17007.72,45,2026-03-01,"[""generator"", ""trailer""]",
comp_04e339d7f69b,brokerage,sold,Tracker,Targa V-18,2014,16.73,inboard,3857,Atlantic Coast,good,11978.12,10864.93,21,2023-11-18,"[""trailer"", ""joystick""]",
comp_488bd4f788cf,marketplace,sold,Tracker,Pro Team 175,2022,21.59,outboard,110,Maritimes,excellent,37764.33,36359.61,24,2026-05-13,[],
comp_6169bb13a307,marketplace,sold,Boston Whaler,230 Outrage,1988,16.7,outboard,3516,Maritimes,excellent,9109.07,7931.57,34,2026-02-07,"[""trailer"", ""autopilot""]",
comp_d46398784f06,marketplace,sold,Carver,C34 Coupe,2013,35.13,sterndrive,2235,Maritimes,good,94876.72,81462.39,26,2024-03-14,[],
comp_64cfbebfa485,marketplace,sold,Sun Tracker,Party Barge 22 DLX,2006,26.0,outboard,390,Pacific Coast,good,11014.84,10329.85,27,2023-09-06,[],
comp_c27306d5eb72,internal_sales,sold,Grady-White,336 Canyon,1999,25.37,outboard,5200,Great Lakes,fair,13852.1,12264.23,28,2023-05-16,"[""generator"", ""radar"", ""autopilot""]",
comp_2c8fc9d7c2be,brokerage,sold,Chaparral,21 SSI,2005,17.41,outboard,867,Gulf Coast,good,11839.69,11491.64,46,2025-08-18,"[""AIS"", ""solar"", ""autopilot""]",
comp_4b132c2d4557,brokerage,listing,Formula,350 CBR,2020,32.13,inboard,339,Pacific Coast,very_good,134465.97,,62,2025-03-08,"[""solar"", ""trailer"", ""radar""]",
comp_d7617e4a9c31,marketplace,sold,Bennington,24 LXSB,2003,24.58,outboard,1424,Pacific Coast,excellent,14963.55,14219.95,28,2026-09-11,"[""AIS"", ""solar""]",
comp_2f897a4b529f,internal_sales,sold,Hunter,36,1972,14.35,sail_aux,1578,Gulf Coast,good,9134.98,8122.83,69,2023-08-06,"[""autopilot""]",
comp_c233b7350144,brokerage,sold,Yamaha WaveRunner,FX HO,2019,11.77,jet,307,Great Lakes,good,5681.79,5218.47,27,2024-12-23,[],
comp_3c1bb215670b,internal_sales,listing,Tracker,Targa V-18,1993,15.46,outboard,2052,Maritimes,poor,3546.79,,123,2026-09-21,[],
comp_3b1b4e64224b,marketplace,sold,Formula,290 BR,2006,28.95,inboard,1381,Atlantic Coast,good,61274.37,52071.31,72,2024-06-18,"[""generator""]",
comp_90e42b3664a5,marketplace,listing,Sun Tracker,Bass Buggy 18 DLX,2026,26.0,outboard,14,Gulf Coast,good,42725.77,,118,2025-12-12,[],
comp_f9e26d73cdb9,marketplace,sold,Beneteau,Oceanis 41.1,2007,19.12,inboard,0,Gulf Coast,fair,27324.49,24163.05,30,2023-11-10,"[""radar"", ""generator"", ""joystick""]",
comp_3535e692684c,brokerage,listing,Regal,LS4,2022,22.79,outboard,33,Gulf Coast,fair,26664.26,,10,2023-05-28,[],
comp_a9cb321eea5c,internal_sales,sold,Sea-Doo,GTI 130,2004,11.06,jet,1028,Gulf Coast,fair,1908.53,1868.92,106,2024-12-06,"[""joystick"", ""AIS""]",
comp_51524c70008e,internal_sales,sold,Bennington,22 SSB,1988,13.54,outboard,1446,Maritimes,very_good,3552.51,3164.03,93,2026-01-16,"[""AIS"", ""generator"", ""trailer""]",
comp_bf79c3bffabe,marketplace,sold,Lund,1650 Angler,2015,17.01,outboard,1105,Great Lakes,fair,13465.14,11725.93,28,2023-08-25,[],
comp_daae0bd5b1d3,brokerage,listing,Sea Ray,SPX 190,2017,20.54,sterndrive,244,Pacific Coast,poor,12063.51,,16,2024-11-19,"[""trailer"", ""autopilot""]",
comp_04b22502c29e,internal_sales,sold,Sea Ray,Sundancer 320,2009,16.63,outboard,1075,Maritimes,good,11528.52,10845.21,35,2024-05-01,"[""trailer"", ""AIS"", ""solar""]",
comp_9eb29953b46d,internal_sales,sold,Sun Tracker,Bass Buggy 18 DLX,2009,23.65,outboard,936,Maritimes,fair,10071.22,9096.9,40,2026-08-08,"[""trailer"", ""generator""]",
comp_7666fb3c2528,brokerage,sold,Harris,Solstice 230,2010,20.29,outboard,1127,Great Lakes,very_good,13686.45,12431.33,40,2024-03-22,"[""generator""]",
comp_32b1fe97d5b9,marketplace,sold,Sea Ray,SDX 250,2003,18.53,sterndrive,747,Gulf Coast,very_good,13763.19,13363.3,100,2025-02-05,"[""AIS""]",
comp_f209fc946b24,marketplace,listing,Carver,C34 Coupe,1996,37.76,sterndrive,1594,Great Lakes,very_good,68344.42,,235,2026-12-13,[],
comp_6fb79ac162f9,marketplace,sold,Lund,1975 Impact,2010,15.81,inboard,476,Atlantic Coast,fair,9910.8,9459.72,36,2026-05-07,"[""joystick""]",
comp_ac9dd5a29543,marketplace,sold,Sea Ray,Sundancer 320,2000,16.14,sterndrive,809,Maritimes,good,9362.64,9024.55,54,2026-08-08,"[""solar"", ""autopilot""]",
comp_518ea7eaa97e,internal_sales,sold,Regal,26 XO,2014,26.0,sterndrive,53,Gulf Coast,poor,13583.42,12227.79,35,2024-12-07,"[""trailer"", ""radar"", ""autopilot""]",
comp_0ec202a4060c,internal_sales,sold,Jeanneau,Sun Odyssey 349,2020,20.25,inboard,213,Great Lakes,good,50428.59,43137.0,139,2026-05-18,"[""AIS""]",
comp_6cd551137ca0,marketplace,sold,Chaparral,280 OSX,2014,21.65,outboard,852,Gulf Coast,poor,9826.52,9554.88,48,2025-11-24,"[""radar"", ""autopilot""]",
comp_9157b9b34c04,brokerage,sold,Sun Tracker,Bass Buggy 18 DLX,1980,22.11,outboard,2933,Inland Lakes,good,4974.32,4182.32,23,2024-07-21,[],
comp_9a63e9669ac1,marketplace,sold,Boston Whaler,170 Montauk,1981,23.95,outboard,3008,Inland Lakes,excellent,10735.52,10031.32,79,2026-08-25,[],
comp_5461401c5945,marketplace,listing,Sea Ray,Sundancer 320,1982,13.72,sterndrive,9640,Gulf Coast,good,10707.23,,52,2026-11-16,"[""joystick"", ""AIS"", ""radar""]",
comp_6941bbdc2f64,brokerage,sold,Boston Whaler,170 Montauk,2019,25.45,inboard,633,Pacific Coast,fair,27136.85,25373.5,86,2024-11-28,[],
comp_bb2eb407fa38,marketplace,sold,Tiara,44 Coupe,2012,39.05,sterndrive,719,Gulf Coast,fair,84858.66,81947.31,94,2026-04-15,"[""trailer"", ""autopilot"", ""AIS""]",
comp_e1e6c9ad6ef1,brokerage,sold,Sea Ray,Sundancer 320,2005,16.63,outboard,1674,Maritimes,poor,5998.96,5469.66,69,2023-07-25,"[""AIS""]",
comp_08d9e789bac5,marketplace,sold,Tracker,Targa V-18,2016,26.0,inboard,245,Maritimes,fair,19645.6,16869.44,57,2024-06-03,"[""radar""]",
comp_7d5730447c26,internal_sales,listing,Lund,1650 Angler,2017,22.38,outboard,543,Maritimes,good,24428.11,,111,2025-08-11,"[""AIS"", ""radar"", ""autopilot""]",
comp_2c0ca075ad2a,brokerage,sold,Sea Ray,SPX 190,1999,23.08,sterndrive,571,Pacific Coast,good,14055.03,13301.51,85,2023-10-26,"[""radar""]",
comp_818df1676106,marketplace,sold,HarborCat,26 WB,2019,30.35,outboard,3866,Atlantic Coast,poor,50723.79,44715.29,210,2024-06-03,"[""trailer"", ""joystick"", ""AIS""]",
comp_a22ac092046d,brokerage,sold,Sea Ray,Sundancer 320,1963,28.06,sterndrive,4989,Gulf Coast,fair,14143.47,12235.49,150,2023-10-25,"[""AIS""]",
comp_7fd0e2020c3e,internal_sales,listing,Formula,350 CBR,2004,48.44,sterndrive,1775,Pacific Coast,fair,103667.14,,43,2025-04-07,[],
comp_9caeacc4ee08,marketplace,sold,Grady-White,191 CE,1997,12.08,inboard,1878,Atlantic Coast,good,5406.85,4972.96,18,2023-03-06,[],
comp_7ab330456ff7,brokerage,sold,Tiara,44 Coupe,2025,25.19,inboard,192,Inland Lakes,excellent,164459.83,152653.21,23,2026-11-10,"[""radar"", ""solar"", ""joystick""]",
comp_501c62dc19bc,marketplace,listing,Regal,LS4,2014,25.64,outboard,602,Inland Lakes,excellent,28982.18,,67,2024-11-23,"[""AIS"", ""radar""]",
comp_848643e2c3bf,brokerage,sold,Formula,290 BR,2014,30.81,inboard,1244,Maritimes,fair,75754.1,70346.64,55,2023-12-07,[],
comp_074b75581427,marketplace,sold,Parker,2820 XLD,2026,22.82,outboard,605,Atlantic Coast,excellent,163033.0,145167.79,66,2025-09-22,[],
comp_36a4f64b6f90,brokerage,sold,Sun Tracker,Party Barge 22 DLX,2023,26.0,outboard,0,Pacific Coast,good,26351.45,22885.31,102,2023-05-05,"[""solar"", ""AIS"", ""trailer""]",
comp_4d850fc624dc,brokerage,sold,Sea Ray,Sundancer 320,2018,25.13,outboard,205,Maritimes,very_good,32512.66,27477.79,115,2023-05-16,[],
comp_e00a8d7efaf3,marketplace,sold,Alumacraft Pro,205 Bay,2008,26.51,outboard,2618,Maritimes,good,45533.43,44132.57,10,2025-12-06,"[""joystick"", ""solar"", ""trailer""]",
comp_854e0e0a3322,brokerage,sold,Lund,1975 Impact,2024,22.12,outboard,492,Inland Lakes,fair,40696.47,37075.36,10,2025-06-11,"[""joystick""]",
comp_3699c4c7c26a,brokerage,sold,Sun Tracker,Bass Buggy 18 DLX,2021,12.95,outboard,919,Pacific Coast,good,9408.4,8474.78,88,2023-07-22,"[""solar""]",
comp_984696949975,brokerage,sold,Tiara,38 LS,1990,37.16,inboard,2716,Pacific Coast,fair,48322.86,43658.14,14,2023-08-14,[],
comp_c497e1ffb793,internal_sales,sold,Harris,Cruiser 210,2003,19.35,outboard,157,Atlantic Coast,very_good,9087.51,8516.0,64,2023-05-10,"[""autopilot""]",
comp_8e810f9b9924,brokerage,sold,Sun Tracker,Bass Buggy 18 DLX,2009,15.6,outboard,334,Inland Lakes,good,7576.28,6833.11,46,2023-11-23,"[""joystick"", ""solar""]",
comp_9e030a7a53f7,brokerage,listing,Bayliner,Ciera 8,2016,15.24,sterndrive,509,Atlantic Coast,good,12276.69,,166,2023-04-04,"[""radar"", ""joystick""]",
comp_68b9de474c68,internal_sales,sold,Hunter,36,1991,23.66,sail_aux,1100,Gulf Coast,good,29976.99,28540.8,109,2025-11-15,"[""generator"", ""solar""]",
comp_4ee14dcf8b28,brokerage,listing,Sea Ray,Sundancer 320,2007,21.23,sterndrive,306,Great Lakes,good,16826.31,,244,2023-07-05,[],
comp_c3fe41060963,marketplace,sold,Sea Ray,SPX 190,1988,40.12,inboard,1286,Inland Lakes,good,59773.91,53279.8,120,2024-06-25,"[""solar""]",
comp_b4f8ad543ad4,marketplace,sold,Sun Tracker,Party Barge 22 DLX,1995,15.68,outboard,198,Pacific Coast,good,4021.76,3643.27,18,2025-02-16,"[""autopilot"", ""radar"", ""AIS""]",
comp_ff42dda7ee77,marketplace,listing,Bayliner,Ciera 8,1966,21.05,outboard,1690,Pacific Coast,very_good,4227.01,,92,2025-06-01,[],
comp_f5ede871849e,internal_sales,sold,Harris,Solstice 230,2004,15.06,outboard,890,Pacific Coast,good,5656.12,5033.91,153,2026-02-07,"[""generator"", ""autopilot"", ""radar""]",
comp_15d16a88d832,marketplace,sold,Regal,26 XO,1974,26.0,sterndrive,2087,Pacific Coast,fair,6170.91,5571.98,23,2026-11-15,"[""generator"", ""radar"", ""trailer""]",
comp_9781ee966693,internal_sales,sold,Chaparral,23 SSi,2014,23.04,sterndrive,58,Gulf Coast,fair,16974.68,15845.68,53,2025-12-10,"[""autopilot"", ""radar""]",
comp_91b8f0b3d8ee,internal_sales,listing,Sea Ray,SLX 260,2025,19.64,sterndrive,0,Great Lakes,very_good,48124.61,,74,2025-09-18,"[""radar"", ""solar""]",
comp_d548002b38c6,internal_sales,sold,Tracker,Grizzly 1860,2023,20.13,inboard,258,Maritimes,very_good,30873.61,26124.82,12,2025-02-12,"[""joystick""]",
comp_d89ac24570e1,marketplace,sold,Regal,LS4,1997,19.24,outboard,1748,Gulf Coast,fair,7975.09,7688.83,58,2024-02-11,[],
comp_b4a618d8e6cc,marketplace,sold,Harris,Cruiser 210,2023,20.98,outboard,63,Gulf Coast,good,24873.44,21190.44,72,2025-07-01,[],
comp_e1b7b670739f,brokerage,sold,Bayliner,VR5,2016,20.22,outboard,271,Pacific Coast,excellent,22949.42,21488.21,52,2025-06-25,"[""trailer"", ""generator"", ""AIS""]",
comp_cf25ba149eb1,marketplace,sold,Carver,C40 Command Bridge,2014,24.52,inboard,1348,Maritimes,poor,29483.07,28185.97,122,2025-06-18,"[""generator""]",
comp_50151f6383ac,internal_sales,sold,Chaparral,280 OSX,2006,17.17,sterndrive,819,Gulf Coast,very_good,12870.83,11984.45,28,2026-09-14,"[""trailer"", ""radar"", ""solar""]",
comp_3ebbfc01b0b3,brokerage,listing,Tiara,44 Coupe,2025,17.72,sterndrive,0,Gulf Coast,good,72090.57,,65,2025-04-15,[],
comp_6fce2184bd34,marketplace,sold,Tiara,38 LS,1988,26.95,sterndrive,4652,Atlantic Coast,fair,27586.92,26864.61,22,2023-11-06,"[""generator""]",
comp_fb99e09e912c,internal_sales,sold,Carver,C40 Command Bridge,2011,26.22,inboard,433,Great Lakes,fair,50516.95,42572.77,68,2023-06-24,"[""joystick"", ""radar""]",
comp_f104de865cfa,marketplace,sold,Harris,Cruiser 210,1992,13.58,outboard,1006,Pacific Coast,fair,2866.1,2631.04,62,2023-04-21,[],
comp_75a52963fe6b,marketplace,sold,Tiara,38 LS,2014,27.8,inboard,819,Maritimes,very_good,88624.08,78456.21,26,2026-04-21,"[""autopilot"", ""radar"", ""joystick""]",
comp_b6543fa9f3ff,marketplace,sold,Parker,2320 Sport Cabin,1983,21.14,jet,3326,Pacific Coast,fair,11410.63,10943.25,70,2026-02-07,[],
comp_7ded5cd7f006,brokerage,sold,Beneteau,Oceanis 41.1,2013,33.8,sail_aux,360,Pacific Coast,fair,71598.91,64641.04,42,2026-03-20,[],
comp_43697394b7ef,internal_sales,listing,Boston Whaler,230 Outrage,2001,24.57,inboard,510,Maritimes,very_good,18712.55,,102,2026-03-12,"[""generator""]",
comp_4febef89b053,marketplace,sold,Regal,28 Express,2023,24.47,sterndrive,0,Pacific Coast,good,39372.55,35868.24,85,2024-01-10,"[""solar"", ""joystick"", ""radar""]",
comp_518ab97b3288,marketplace,sold,Bayliner,Ciera 8,2019,16.78,outboard,493,Inland Lakes,very_good,20363.27,18215.01,63,2025-03-04,"[""generator"", ""autopilot"", ""joystick""]",
comp_64fd767628c7,brokerage,sold,Harris,Solstice 230,2009,22.21,outboard,394,Great Lakes,fair,9743.16,8554.17,16,2026-04-14,"[""radar""]",
comp_13c56de99a94,marketplace,sold,Tiara,38 LS,2015,23.61,sterndrive,2507,Gulf Coast,poor,24029.69,21188.5,175,2024-04-18,"[""joystick"", ""trailer"", ""AIS""]",
comp_cf0fe52c04b3,marketplace,sold,Bayliner,Ciera 8,2004,26.0,outboard,2935,Maritimes,very_good,16700.65,14031.23,13,2025-01-05,"[""autopilot"", ""joystick""]",
comp_6a6ac1ae979b,internal_sales,sold,Sea Ray,SLX 260,2019,27.39,sterndrive,348,Pacific Coast,poor,50744.94,49416.58,141,2024-08-28,"[""trailer"", ""radar""]",
comp_c51f4234af76,marketplace,sold,Bayliner,DX2000,1972,22.88,sterndrive,2550,Inland Lakes,very_good,5698.81,5549.89,24,2026-12-16,[],
comp_05656e14086e,brokerage,sold,Harris,Cruiser 210,2017,26.0,outboard,340,Inland Lakes,good,19283.77,16565.42,45,2026-08-18,"[""generator"", ""autopilot"", ""AIS""]",
comp_ed7f7246c0a4,marketplace,sold,Carver,C40 Command Bridge,1990,45.03,inboard,1484,Gulf Coast,fair,54871.16,50604.28,114,2024-03-03,"[""joystick"", ""trailer"", ""AIS""]",
comp_bf0a80a8f342,internal_sales,sold,Regal,26 XO,1993,26.0,outboard,2333,Maritimes,good,12070.16,10165.7,38,2024-06-08,"[""trailer""]",
comp_db041571fdd7,marketplace,listing,Tracker,Grizzly 1860,2022,19.82,inboard,183,Maritimes,poor,15351.77,,68,2023-09-21,[],
comp_6577ba808291,marketplace,sold,Carver,C34 Coupe,2004,30.99,sterndrive,2683,Maritimes,very_good,67044.47,57152.29,63,2023-05-10,"[""solar"", ""generator""]",
comp_5d468641b1cd,marketplace,sold,Harris,Solstice 230,1970,21.04,outboard,3124,Inland Lakes,good,3430.32,3345.12,50,2023-08-13,[],
comp_e1bd409c8e21,brokerage,sold,Bayliner,Element M17,2006,15.6,outboard,633,Gulf Coast,fair,6919.86,5904.53,13,2025-07-11,[],
comp_375fada795fd,brokerage,listing,Sea Ray,SLX 260,2025,24.7,sterndrive,215,Gulf Coast,very_good,64368.13,,16,2024-07-07,"[""radar"", ""generator"", ""AIS""]",
comp_6f643ef55ed7,marketplace,listing,Catalina,275 Sport,1998,49.34,sail_aux,627,Maritimes,good,82189.99,,28,2023-01-17,"[""AIS""]",
comp_8c2318166379,marketplace,listing,Tracker,Pro Team 175,1987,14.78,inboard,1964,Inland Lakes,good,4903.88,,77,2025-01-09,[],
comp_96a9798837d8,marketplace,sold,HarborCat,26 WB,1988,32.97,jet,4590,Gulf Coast,very_good,35580.89,30091.82,51,2025-02-10,"[""trailer""]",
comp_391167a69910,internal_sales,listing,Harris,Solstice 230,1975,24.12,outboard,1595,Maritimes,good,5271.21,,37,2023-09-15,[],
comp_175e95272bf9,brokerage,sold,Tiara,44 Coupe,2014,37.81,inboard,672,Great Lakes,fair,94002.92,91200.77,25,2025-07-12,"[""trailer""]",
comp_106a8b7628a3,marketplace,listing,Hunter,36,2008,40.31,sail_aux,398,Atlantic Coast,very_good,87264.99,,20,2026-08-17,"[""radar""]",
comp_0eb1fec176ab,brokerage,sold,Catalina,355,1987,45.22,inboard,4711,Gulf Coast,fair,52215.29,49382.22,205,2023-08-18,"[""AIS"", ""autopilot""]",
comp_1968886e8cd4,internal_sales,sold,Formula,290 BR,2016,54.84,inboard,1325,Atlantic Coast,good,202075.31,172421.24,73,2026-03-26,"[""joystick"", ""generator"", ""solar""]",
comp_672dd620a147,internal_sales,listing,Bennington,22 SSB,1983,21.63,outboard,2069,Inland Lakes,good,5458.5,,26,2023-10-13,"[""autopilot""]",
comp_46dd0031f544,internal_sales,sold,Regal,LS4,2026,25.86,outboard,0,Inland Lakes,fair,53277.78,49672.68,177,2023-02-10,"[""AIS"", ""radar""]",
comp_f9f1282115a8,internal_sales,listing,Boston Whaler,230 Outrage,2009,29.5,inboard,502,Atlantic Coast,poor,16792.39,,16,2024-09-06,[],
comp_4ea1754ce76a,brokerage,sold,HarborCat,36 Pilot,1997,20.25,inboard,29134,Great Lakes,good,22443.73,19647.87,59,2026-01-18,[],
comp_bc79b0ef6825,marketplace,listing,Sun Tracker,Bass Buggy 18 DLX,2021,21.3,outboard,158,Pacific Coast,fair,15641.9,,97,2026-09-27,"[""trailer""]",
comp_fdf41b1f90a4,internal_sales,sold,Tracker,Targa V-18,1974,24.59,inboard,2301,Atlantic Coast,fair,5126.17,4813.55,142,2024-01-15,"[""generator"", ""AIS"", ""joystick""]",
comp_0d74255eba83,brokerage,sold,Bayliner,Ciera 8,1992,23.64,sterndrive,1832,Pacific Coast,poor,5930.95,5162.0,39,2025-10-02,"[""joystick"", ""solar"", ""trailer""]",
comp_ee9dfa6c217e,internal_sales,sold,Chaparral,280 OSX,2010,25.21,outboard,968,Pacific Coast,excellent,24062.1,20842.38,88,2026-09-26,"[""radar"", ""autopilot""]",
comp_d8ba40d2da55,brokerage,sold,Sea-Doo,GTI 130,2024,11.6,jet,0,Maritimes,good,10173.01,9954.75,55,2025-07-11,"[""solar""]",
comp_2b9628b1d40f,internal_sales,sold,Regal,LS4,2015,20.11,outboard,206,Gulf Coast,excellent,19887.6,19296.31,68,2025-12-14,"[""joystick"", ""AIS"", ""autopilot""]",
comp_06538e4bf8cd,brokerage,listing,Hunter,31,1988,39.46,inboard,0,Maritimes,poor,31964.79,,76,2024-05-17,[],
comp_e8b18822679d,brokerage,sold,Sea Ray,SPX 190,2019,19.37,sterndrive,197,Atlantic Coast,good,21259.99,18602.37,66,2023-07-11,"[""autopilot"", ""generator""]",
comp_5be4af8f1d24,brokerage,sold,Tracker,Targa V-18,1965,22.16,outboard,6363,Great Lakes,good,4367.23,3964.18,45,2026-05-22,[],
comp_0dc1f8c87f26,marketplace,sold,Regal,LS4,2025,17.23,sterndrive,109,Pacific Coast,good,29375.0,27495.42,27,2024-06-23,"[""generator"", ""autopilot"", ""solar""]",
comp_cdc0e6aa0075,brokerage,listing,Parker,2320 Sport Cabin,1968,35.28,jet,11491,Maritimes,fair,14549.66,,77,2024-01-05,"[""AIS"", ""generator"", ""radar""]",
comp_0c2fff9adbc6,marketplace,sold,Bayliner,DX2000,2012,21.72,outboard,103,Atlantic Coast,good,16231.77,14448.31,31,2025-05-26,"[""AIS"", ""radar"", ""autopilot""]",
comp_ebfe1e82008e,marketplace,listing,Regal,28 Express,1975,15.72,outboard,1559,Great Lakes,good,4414.52,,49,2023-01-21,"[""generator"", ""AIS"", ""joystick""]",
comp_6997c2336620,marketplace,sold,Grady-White,257 Fisherman,2008,21.18,inboard,626,Inland Lakes,excellent,21169.11,19721.34,100,2026-11-03,[],
comp_7de2d6c19712,marketplace,sold,Formula,350 CBR,2013,35.4,inboard,223,Great Lakes,very_good,130466.11,121856.75,74,2024-04-28,"[""autopilot"", ""generator"", ""AIS""]",
comp_32f7ece75414,brokerage,listing,Harris,Solstice 230,1986,21.04,outboard,699,Atlantic Coast,fair,4357.54,,20,2023-12-03,"[""AIS""]",
comp_d8ba4b64c36b,brokerage,listing,Sea Ray,SDX 250,2000,39.36,sterndrive,2835,Gulf Coast,good,77328.79,,27,2024-03-05,[],
comp_5b8730ced2e5,marketplace,sold,Regal,26 XO,2011,22.89,sterndrive,1338,Maritimes,very_good,21018.09,18182.36,37,2023-01-22,"[""AIS"", ""joystick""]",
comp_e7f477f6fec9,brokerage,listing,Sea Ray,SLX 260,2009,24.24,outboard,1672,Maritimes,fair,13760.27,,72,2025-12-21,"[""trailer"", ""joystick"", ""radar""]",
comp_073b7c4ca795,brokerage,listing,Chaparral,23 SSi,2004,18.29,sterndrive,1364,Gulf Coast,very_good,12477.93,,38,2026-02-05,"[""AIS"", ""trailer"", ""autopilot""]",
comp_0d3f6a197578,marketplace,listing,Tracker,Grizzly 1860,2003,26.0,inboard,201,Inland Lakes,poor,8743.52,,34,2023-11-28,"[""trailer""]",
comp_f090ab4dcf7f,brokerage,listing,Kawasaki Jet Ski,STX 160,2018,10.59,jet,916,Inland Lakes,good,4861.17,,27,2024-09-08,[],
comp_742c88dfd5cc,marketplace,sold,Bayliner,Ciera 8,1994,22.82,sterndrive,2974,Atlantic Coast,good,9220.43,8930.34,97,2023-12-22,"[""radar"", ""trailer""]",
comp_c9fa37803b62,marketplace,sold,Sea Ray,Sundancer 320,2009,36.37,inboard,1912,Atlantic Coast,poor,50811.03,48552.05,38,2026-05-02,"[""trailer"", ""solar""]",
comp_5f75644b8aa4,marketplace,sold,Harris,Cruiser 210,2018,18.37,outboard,561,Atlantic Coast,good,14462.53,13638.39,26,2023-08-28,"[""autopilot"", ""joystick"", ""generator""]",
comp_5354dd4de1f9,marketplace,sold,Tracker,Targa V-18,1996,23.66,inboard,640,Pacific Coast,very_good,14257.04,13018.75,50,2024-07-02,[],
comp_06b6acec337f,internal_sales,sold,Sun Tracker,Party Barge 22 DLX,1968,17.85,outboard,1677,Pacific Coast,good,2099.89,1930.34,44,2024-10-20,[],
comp_faf73bfb6b48,marketplace,sold,Beneteau,Oceanis 31,1998,31.55,sail_aux,583,Great Lakes,good,58344.76,55282.56,31,2026-10-09,"[""autopilot"", ""radar""]",
comp_ab38191a098a,marketplace,sold,Sun Tracker,Party Barge 22 DLX,1979,23.21,outboard,4270,Gulf Coast,fair,3755.61,3381.17,37,2025-06-13,"[""AIS""]",
comp_897340843687,marketplace,listing,Harris,Cruiser 210,2019,26.0,outboard,458,Inland Lakes,very_good,29174.23,,28,2026-08-28,"[""autopilot""]",
comp_81559612965c,brokerage,listing,Formula,290 BR,2005,41.8,sterndrive,3599,Pacific Coast,good,97738.38,,66,2024-11-01,[],
comp_74e3d9ec2874,internal_sales,sold,Tiara,38 LS,2008,48.49,sterndrive,2086,Maritimes,fair,120467.56,106435.74,70,2025-02-16,"[""radar"", ""generator"", ""trailer""]",
comp_c82a56ceb40a,brokerage,sold,Harris,Solstice 230,2013,28.65,outboard,499,Maritimes,fair,15163.17,14720.86,80,2025-07-20,[],
comp_7b53375ca6b6,brokerage,sold,Bayliner,VR5,2010,19.66,sterndrive,822,Gulf Coast,good,15021.51,12964.35,25,2024-12-15,"[""generator"", ""autopilot""]",
comp_e74e5cbd11ff,marketplace,sold,Bayliner,Ciera 8,1973,25.33,sterndrive,1077,Maritimes,fair,4873.02,4397.42,84,2026-04-04,"[""generator"", ""joystick""]",
comp_5f5c06e8e971,brokerage,listing,Formula,290 BR,2005,41.36,inboard,425,Inland Lakes,very_good,112273.59,,61,2024-02-05,[],
comp_57632134ae4a,marketplace,sold,Sea Ray,Sundancer 320,2024,32.64,sterndrive,350,Maritimes,fair,122454.29,102890.04,79,2024-02-21,[],
comp_18f37ad6199f,marketplace,sold,Sea-Doo,RXT-X 300,2008,12.33,jet,399,Gulf Coast,good,2548.77,2438.73,23,2026-07-22,"[""autopilot""]",
comp_ae479f94bee8,brokerage,sold,Sun Tracker,Party Barge 22 DLX,1982,27.11,outboard,1228,Great Lakes,poor,4120.87,3637.96,84,2026-06-20,"[""trailer"", ""radar""]",
comp_9b444a9fb086,marketplace,sold,Parker,2820 XLD,2012,20.64,jet,968,Atlantic Coast,good,33720.79,29060.17,39,2026-09-20,"[""autopilot""]",
comp_847358174b9c,marketplace,listing,Boston Whaler,170 Montauk,2021,20.96,outboard,269,Maritimes,very_good,32739.13,,48,2026-11-14,[],
comp_7d96590a3d98,marketplace,sold,Tiara,38 LS,2003,28.06,inboard,749,Inland Lakes,good,65454.62,61752.79,57,2026-05-16,[],
comp_6127a5a9d516,brokerage,sold,Hunter,31,1971,25.42,sail_aux,2187,Maritimes,good,21396.31,20805.22,8,2023-06-25,"[""generator"", ""radar"", ""AIS""]",
comp_09b172cde06c,marketplace,sold,Chaparral,21 SSI,1992,17.8,outboard,2648,Gulf Coast,good,7535.61,6437.44,45,2025-11-28,"[""generator"", ""joystick""]",
comp_06696cc92b43,brokerage,sold,Sun Tracker,Party Barge 22 DLX,1982,23.95,outboard,1544,Maritimes,fair,4767.99,4078.59,20,2024-02-08,"[""solar"", ""AIS"", ""joystick""]",
comp_383577aac256,internal_sales,listing,Tracker,Grizzly 1860,1966,21.63,outboard,9031,Maritimes,very_good,4328.29,,53,2024-11-24,"[""joystick""]",
comp_aab9148c6b59,marketplace,sold,Formula,350 CBR,2004,39.54,sterndrive,2820,Atlantic Coast,good,99360.21,95525.84,47,2023-06-25,"[""trailer"", ""AIS"", ""generator""]",
comp_2509c6c39299,brokerage,sold,Tracker,Grizzly 1860,2023,20.32,inboard,313,Gulf Coast,poor,18537.15,15701.27,55,2023-07-25,"[""radar"", ""solar""]",
comp_6d848b4a3a38,marketplace,listing,Yamaha WaveRunner,FX HO,1978,11.23,jet,909,Inland Lakes,very_good,1031.84,,51,2026-04-28,[],
comp_daab3fc990de,brokerage,sold,Boston Whaler,280 Vantage,2020,24.39,inboard,451,Great Lakes,good,35518.27,33749.53,81,2024-11-22,"[""solar"", ""trailer""]",
comp_85a88ff7758b,internal_sales,listing,Regal,LS4,1996,19.24,outboard,1474,Gulf Coast,good,10190.58,,64,2026-11-16,"[""trailer"", ""generator""]",
comp_0a269072efaf,marketplace,listing,Tracker,Pro Team 175,2013,18.27,inboard,1109,Atlantic Coast,excellent,14659.07,,22,2024-06-10,"[""trailer"", ""autopilot"", ""radar""]",
comp_1b48f59905b0,marketplace,sold,Tracker,Grizzly 1860,1966,25.61,inboard,5271,Great Lakes,fair,4443.02,4312.38,50,2025-02-19,"[""autopilot""]",
comp_94cdf9b6c7a1,brokerage,sold,Bennington,24 LXSB,1969,26.0,outboard,936,Gulf Coast,good,3298.07,2998.42,104,2023-05-25,[],
comp_d1015b743e2c,brokerage,sold,Sea Ray,Sundancer 320,2018,23.53,outboard,786,Maritimes,good,25986.48,22585.37,171,2024-08-22,"[""radar"", ""trailer""]",
comp_c1627d1ec0fc,marketplace,listing,Alumacraft Pro,Trophy 195,2004,35.11,outboard,6212,Gulf Coast,good,59929.74,,132,2023-08-04,"[""autopilot""]",
comp_dd6326b25b8a,brokerage,listing,Sea Ray,SDX 250,1984,17.7,outboard,4614,Gulf Coast,poor,3171.67,,44,2026-12-23,"[""trailer"", ""joystick""]",
comp_d4ec20f38571,brokerage,sold,Formula,350 CBR,1968,34.55,sterndrive,10396,Great Lakes,fair,29058.48,28093.42,84,2026-03-19,"[""solar""]",
comp_da19454b0bb0,marketplace,sold,Lund,1975 Impact,2023,15.01,inboard,284,Great Lakes,very_good,22620.99,20681.64,82,2026-11-27,"[""joystick""]",
comp_6feda83c801e,marketplace,sold,Bayliner,DX2000,2014,14.74,outboard,1490,Pacific Coast,good,10388.6,9003.85,41,2024-05-01,"[""trailer"", ""solar""]",
comp_a0c4a2135cea,brokerage,listing,Formula,290 BR,2017,21.15,inboard,762,Pacific Coast,fair,51475.82,,37,2025-12-06,"[""solar"", ""radar""]",
comp_d9ef7f6337f7,marketplace,listing,Harris,Cruiser 210,2023,20.23,outboard,0,Gulf Coast,fair,18116.74,,78,2025-02-27,"[""joystick"", ""solar"", ""AIS""]",
comp_947b732051d3,brokerage,listing,Chaparral,280 OSX,2022,20.36,sterndrive,329,Inland Lakes,very_good,34098.03,,53,2025-11-28,"[""generator"", ""joystick""]",
comp_32e4fde06cf6,brokerage,sold,Boston Whaler,170 Montauk,2013,25.21,inboard,599,Gulf Coast,very_good,27646.47,25010.03,105,2024-07-14,"[""AIS""]",
comp_8e2eedd43048,brokerage,sold,Boston Whaler,170 Montauk,2023,20.96,outboard,489,Maritimes,poor,23849.22,22508.52,60,2025-02-10,"[""AIS""]",
comp_4ee27ad67caa,brokerage,sold,Formula,350 CBR,1981,33.23,sterndrive,8903,Gulf Coast,poor,25612.83,24245.95,22,2025-06-27,"[""trailer""]",
comp_976105959d53,internal_sales,listing,Tracker,Targa V-18,2023,26.0,inboard,186,Maritimes,excellent,50359.95,,55,2025-02-03,[],
comp_84d091618ddc,marketplace,sold,Sea Ray,SLX 260,2006,14.14,outboard,434,Great Lakes,good,9447.86,8109.98,38,2023-01-28,"[""AIS"", ""solar"", ""radar""]",
comp_f161d39fafa4,marketplace,listing,Sun Tracker,Bass Buggy 18 DLX,1980,22.11,outboard,1821,Inland Lakes,excellent,6132.92,,104,2024-02-26,"[""autopilot"", ""generator""]",
comp_cdfcd59b61e1,marketplace,sold,Chaparral,21 SSI,2014,24.42,sterndrive,1096,Atlantic Coast,fair,17201.31,16616.84,31,2023-07-28,[],
comp_479bb5ed8241,marketplace,listing,Beneteau,Oceanis 31,1995,22.59,sail_aux,834,Gulf Coast,very_good,35857.74,,35,2023-02-09,"[""generator"", ""solar"", ""autopilot""]",
comp_2945bbbf5614,brokerage,sold,Formula,350 CBR,1995,35.86,sterndrive,1954,Great Lakes,good,62582.58,55152.11,50,2025-04-02,"[""autopilot"", ""radar""]",
comp_e6babb71d81c,marketplace,sold,Catalina,445,2025,19.04,inboard,0,Great Lakes,fair,53435.73,48662.78,14,2025-05-04,"[""AIS"", ""generator""]",
comp_64030847a158,brokerage,sold,Boston Whaler,280 Vantage,1995,20.23,inboard,3241,Great Lakes,very_good,12654.68,12106.61,23,2025-02-09,[],
comp_754e36c664d5,marketplace,sold,Harris,Cruiser 210,2026,22.1,outboard,0,Inland Lakes,excellent,52278.95,45165.79,33,2024-11-11,"[""trailer"", ""radar""]",
comp_7e6a675e2bd5,marketplace,listing,Regal,LS4,2025,26.0,sterndrive,205,Pacific Coast,good,63507.07,,35,2025-11-28,"[""generator""]",
comp_0ed952177871,internal_sales,listing,Formula,350 CBR,2009,27.35,sterndrive,1257,Maritimes,poor,31294.93,,21,2026-07-20,"[""radar""]",
comp_353ba8484839,marketplace,listing,Tracker,Pro Team 175,2015,14.16,inboard,388,Atlantic Coast,very_good,10601.08,,33,2023-06-22,[],
comp_7d1cb8d8f11a,internal_sales,sold,Bayliner,DX2000,1963,21.61,outboard,14521,Pacific Coast,fair,3406.91,3032.55,22,2026-03-12,"[""trailer""]",
comp_7d90735bffc8,internal_sales,sold,Lund,1650 Angler,2019,17.01,outboard,881,Great Lakes,good,19936.44,16769.2,57,2023-06-23,"[""autopilot""]",
comp_26968bc0b718,brokerage,sold,Sea Ray,Sundancer 320,2021,24.01,sterndrive,270,Maritimes,good,31033.54,27271.47,60,2025-06-10,[],
comp_2a46254b2d35,internal_sales,sold,Boston Whaler,170 Montauk,2023,19.66,outboard,30,Gulf Coast,good,34292.8,32874.68,58,2024-01-26,"[""autopilot"", ""solar"", ""generator""]",
comp_3545597ed02f,brokerage,listing,Chaparral,23 SSi,2020,16.61,sterndrive,308,Great Lakes,poor,11929.82,,75,2025-05-19,[],
comp_a1ae59f1120e,marketplace,listing,Yamaha WaveRunner,VX Cruiser,2017,11.11,jet,392,Gulf Coast,fair,3340.47,,46,2025-07-14,"[""trailer"", ""joystick"", ""generator""]",
comp_c29bd6d8def6,marketplace,sold,Sea Ray,Sundancer 320,2007,33.2,sterndrive,1933,Atlantic Coast,poor,38694.35,37595.12,94,2024-07-02,"[""AIS"", ""generator"", ""radar""]",
comp_96f30c800503,marketplace,sold,Regal,LS4,2010,17.82,outboard,725,Maritimes,fair,10294.78,9416.11,37,2024-08-02,"[""generator"", ""solar""]",
comp_a7251efa351d,internal_sales,listing,Formula,350 CBR,2005,28.55,sterndrive,670,Inland Lakes,good,69450.54,,79,2025-09-14,"[""radar"", ""solar""]",
comp_b097fc78cec2,brokerage,listing,Harris,Cruiser 210,2014,26.59,outboard,288,Pacific Coast,very_good,18422.21,,70,2024-06-28,"[""joystick"", ""solar"", ""autopilot""]",
comp_e1190e70dba5,marketplace,sold,Lund,1875 Pro-V,2016,16.12,outboard,1372,Inland Lakes,excellent,18102.12,15809.88,33,2026-11-02,[],
comp_2fecf1cc8777,marketplace,sold,Hunter,36,2017,34.85,sail_aux,504,Inland Lakes,good,79658.91,72840.95,14,2025-11-15,"[""generator""]",
comp_7070b5507d7b,brokerage,listing,Harris,Cruiser 210,2018,26.0,outboard,441,Maritimes,very_good,22751.19,,26,2026-09-17,"[""generator"", ""radar"", ""AIS""]",
comp_a9fa933be681,brokerage,sold,SafeBoat,25 Defender,1996,23.86,jet,10217,Inland Lakes,fair,21401.62,19226.52,66,2023-02-13,[],
comp_fedec53b8eeb,brokerage,sold,Jeanneau,Leader 10.5,2011,34.36,sail_aux,2470,Great Lakes,good,80635.82,73094.83,19,2023-09-05,"[""solar"", ""joystick""]",
comp_9e8c764a3966,brokerage,sold,Formula,290 BR,2023,30.73,sterndrive,474,Maritimes,fair,102453.29,93982.59,61,2025-12-01,"[""radar""]",
comp_1cfe5237a1b7,marketplace,sold,HarborCat,36 Pilot,1981,33.46,inboard,6547,Gulf Coast,fair,20294.86,17777.42,101,2023-09-12,"[""trailer""]",
comp_a51d81aa9d0e,internal_sales,sold,Sun Tracker,Bass Buggy 18 DLX,1999,26.0,outboard,953,Inland Lakes,fair,9170.17,8265.25,153,2024-08-28,[],
comp_fe254ee41a99,brokerage,sold,Lund,1650 Angler,2003,24.22,outboard,2722,Gulf Coast,good,14698.03,13454.79,118,2025-11-24,[],
comp_2387683fb9ce,marketplace,sold,Tracker,Pro Team 175,2014,14.16,inboard,352,Atlantic Coast,very_good,11313.25,9995.57,49,2023-07-28,"[""trailer""]",
comp_98b4db88e326,internal_sales,listing,Tracker,Pro Team 175,2020,26.0,outboard,1276,Gulf Coast,very_good,33984.91,,50,2024-02-21,[],
comp_0464694cb970,brokerage,listing,HarborCat,36 Pilot,2008,36.8,outboard,3121,Maritimes,fair,55094.11,,49,2024-02-11,"[""trailer"", ""autopilot""]",
comp_fecba68491eb,marketplace,listing,Chaparral,21 SSI,2018,21.28,outboard,216,Inland Lakes,fair,19708.38,,32,2026-08-19,"[""generator"", ""radar""]",
comp_9ed023902b58,brokerage,sold,Formula,350 CBR,2019,36.47,sterndrive,793,Maritimes,excellent,143634.41,139552.25,61,2024-05-28,[],
comp_ff5496deec3f,marketplace,listing,Sun Tracker,Party Barge 22 DLX,2011,18.72,outboard,823,Pacific Coast,good,9335.92,,296,2026-01-13,"[""generator""]",
comp_3cbe1868129f,brokerage,sold,Bayliner,VR5,2009,23.17,outboard,562,Atlantic Coast,good,16973.02,16450.52,36,2023-01-04,"[""AIS"", ""radar"", ""autopilot""]",
comp_f7be1d4e946f,marketplace,sold,Lund,1650 Angler,1969,17.38,inboard,6151,Maritimes,good,4052.83,3962.58,27,2026-08-26,"[""trailer""]",
comp_9045dfee0ab4,brokerage,sold,HarborCat,36 Pilot,1996,18.24,inboard,4446,Gulf Coast,very_good,19248.01,18592.53,17,2026-01-08,"[""radar"", ""joystick"", ""autopilot""]",
comp_d3d2e03d9efa,marketplace,listing,Bayliner,DX2000,2026,18.85,outboard,57,Inland Lakes,good,39995.7,,26,2024-02-22,"[""solar"", ""AIS"", ""joystick""]",
comp_46686fe17d2c,marketplace,sold,Regal,LS4,2022,22.79,outboard,45,Gulf Coast,fair,25357.07,23137.68,39,2026-11-23,"[""solar"", ""joystick"", ""generator""]",
comp_18b2adba0f0e,marketplace,sold,Bayliner,DX2000,2008,10.46,sterndrive,430,Gulf Coast,good,5005.55,4212.14,31,2023-11-13,[],
comp_8fdb60f0fd29,marketplace,sold,Chaparral,23 SSi,2015,26.0,outboard,305,Maritimes,good,27100.9,26169.09,155,2026-06-05,"[""trailer"", ""radar"", ""solar""]",
comp_c637a9a02926,marketplace,sold,Harris,Cruiser 210,2017,26.0,outboard,434,Inland Lakes,very_good,21444.62,20619.66,15,2025-06-07,"[""trailer""]",
comp_8dad39992a37,internal_sales,listing,Tiara,38 LS,2011,14.58,sterndrive,1558,Pacific Coast,poor,14567.65,,81,2025-07-05,"[""solar"", ""radar""]",
comp_2c5c4976b09d,brokerage,sold,Lund,1650 Angler,2003,25.59,outboard,1505,Pacific Coast,very_good,20144.26,17499.57,24,2026-06-10,"[""radar""]",
comp_6f05cb338af5,marketplace,sold,Harris,Solstice 230,1966,23.28,outboard,1534,Great Lakes,excellent,3965.28,3847.01,31,2024-12-19,"[""solar""]",
comp_8edb58a15a86,internal_sales,sold,Harris,Solstice 230,1971,22.0,outboard,1753,Atlantic Coast,good,4020.1,3756.45,68,2025-04-07,"[""radar"", ""autopilot""]",
comp_f72af7a05a70,brokerage,listing,Sea Ray,SPX 190,2020,41.09,sterndrive,171,Atlantic Coast,good,159181.25,,68,2024-09-01,"[""generator""]",
comp_1965b2270008,brokerage,sold,Bayliner,Ciera 8,1999,22.16,sterndrive,446,Atlantic Coast,good,11595.34,10170.67,30,2025-04-12,"[""radar"", ""autopilot""]",
comp_e4b08a701dec,marketplace,sold,Bayliner,Ciera 8,1970,25.11,sterndrive,7176,Maritimes,good,5104.15,4804.81,40,2025-09-06,"[""generator""]",
comp_4ae17e835fce,internal_sales,sold,Regal,28 Express,1979,19.4,outboard,9037,Gulf Coast,good,6437.08,6089.19,44,2023-10-13,[],
comp_2d31500051be,internal_sales,sold,Parker,2820 XLD,2003,41.69,inboard,2889,Pacific Coast,good,69934.28,60966.3,51,2026-06-15,[],
comp_20c5331703b3,brokerage,sold,Boston Whaler,170 Montauk,2006,23.16,outboard,2467,Atlantic Coast,good,19454.2,18511.13,37,2023-05-22,"[""solar"", ""joystick"", ""autopilot""]",
comp_5108064011c9,marketplace,listing,Regal,28 Express,2009,21.69,sterndrive,110,Maritimes,very_good,17800.93,,121,2023-09-20,[],
comp_eb571b2863a2,marketplace,listing,Bayliner,DX2000,2007,19.94,outboard,563,Maritimes,fair,9534.15,,54,2026-10-04,"[""trailer"", ""joystick"", ""radar""]",
comp_efc0a3b6a280,marketplace,sold,Sea Ray,SDX 250,2006,20.68,outboard,212,Gulf Coast,good,14847.36,13380.63,23,2025-07-03,[],
comp_46facfed8087,internal_sales,sold,HarborCat,36 Pilot,1969,41.89,outboard,17091,Great Lakes,good,25316.67,22418.32,35,2023-03-10,"[""joystick"", ""generator"", ""AIS""]",
comp_0c89557cbed2,internal_sales,sold,Grady-White,191 CE,2025,16.27,outboard,187,Gulf Coast,very_good,34828.76,31048.77,82,2024-01-09,"[""AIS"", ""trailer""]",
comp_fa795dea493f,brokerage,sold,Bayliner,DX2000,1994,17.13,sterndrive,677,Maritimes,very_good,8368.64,7694.14,19,2025-08-09,"[""trailer""]",
comp_58fc4b4eca87,marketplace,sold,Harris,Cruiser 210,2013,23.12,outboard,436,Pacific Coast,good,13346.42,12471.55,70,2026-10-11,"[""joystick""]",
comp_926f21bfe5bf,internal_sales,sold,Beneteau,Oceanis 41.1,2003,37.86,sail_aux,2262,Maritimes,very_good,80593.97,77001.35,26,2025-05-07,"[""radar"", ""generator""]",
comp_91947dee8b78,marketplace,sold,Harris,Solstice 230,1984,17.44,outboard,1747,Maritimes,fair,3582.68,3377.8,34,2026-11-22,"[""AIS""]",
comp_dfd6a36874a6,internal_sales,sold,Regal,28 Express,2000,18.03,sterndrive,755,Inland Lakes,fair,9018.2,7701.27,56,2025-09-26,"[""solar"", ""trailer""]",
comp_ce1099e70595,brokerage,sold,Lund,1975 Impact,1977,23.75,inboard,1448,Atlantic Coast,very_good,8871.44,8588.25,48,2026-02-12,"[""generator"", ""trailer"", ""solar""]",
comp_808c3776e657,marketplace,listing,Sea Ray,SPX 190,1981,18.54,outboard,904,Inland Lakes,good,6545.38,,53,2026-07-20,"[""trailer"", ""generator"", ""solar""]",
comp_6bff680768a5,internal_sales,sold,Sun Tracker,Party Barge 22 DLX,2024,22.27,outboard,13,Great Lakes,good,30701.21,26018.83,45,2026-12-26,[],
comp_412bf48089a3,brokerage,sold,Carver,C34 Coupe,2014,22.61,sterndrive,126,Gulf Coast,good,44274.53,38278.64,35,2024-03-21,"[""solar"", ""generator"", ""radar""]",
comp_05cabab62080,internal_sales,listing,Regal,28 Express,1971,23.51,outboard,2497,Pacific Coast,fair,4752.4,,35,2026-11-19,"[""trailer"", ""autopilot""]",
comp_e773d0103057,marketplace,sold,Harris,Solstice 230,1977,24.12,outboard,1310,Maritimes,good,5609.63,5414.08,33,2026-01-16,"[""radar"", ""generator"", ""AIS""]",
comp_5ecd4e3d454b,marketplace,listing,Tiara,38 LS,2010,14.58,sterndrive,1343,Pacific Coast,good,25940.07,,63,2026-12-05,"[""joystick""]",
comp_f15e2cc61f76,marketplace,sold,Tiara,44 Coupe,2002,27.57,inboard,1800,Atlantic Coast,very_good,61928.89,59169.38,84,2026-09-12,"[""autopilot""]",
comp_650e07749247,internal_sales,sold,Yamaha WaveRunner,FX HO,1998,11.76,jet,518,Atlantic Coast,poor,1287.8,1223.12,37,2023-12-10,"[""solar"", ""generator""]",
comp_dd467cdf0212,brokerage,sold,Regal,LS4,1977,26.0,outboard,2876,Maritimes,good,7589.6,7205.29,74,2023-01-20,"[""generator"", ""autopilot"", ""AIS""]",
comp_acb712e913a0,internal_sales,sold,Boston Whaler,230 Outrage,1977,25.21,outboard,1767,Great Lakes,excellent,9678.76,8903.94,11,2026-06-10,"[""trailer"", ""joystick""]",
comp_237ef203df25,marketplace,sold,Boston Whaler,280 Vantage,1983,21.93,inboard,2344,Gulf Coast,fair,6493.86,6025.6,77,2025-08-26,"[""radar""]",
comp_cfbdee7241e9,marketplace,sold,Tiara,38 LS,2020,38.31,sterndrive,329,Atlantic Coast,very_good,165864.73,139720.44,145,2024-07-03,"[""radar""]",
comp_cecce48d2c84,internal_sales,sold,Chaparral,23 SSi,1973,23.01,outboard,884,Maritimes,very_good,7296.15,6364.47,33,2023-08-10,"[""generator"", ""AIS"", ""joystick""]",
comp_689b0a388263,brokerage,sold,Lund,1975 Impact,2016,22.24,outboard,2624,Pacific Coast,very_good,21240.61,18446.44,33,2025-02-17,"[""solar""]",
comp_e0a2e4b7584d,brokerage,sold,Sea Ray,Sundancer 320,2009,33.69,inboard,699,Atlantic Coast,fair,54236.19,49730.8,144,2023-07-18,[],
comp_93d34bb4871a,brokerage,listing,Tiara,38 LS,1987,48.24,sterndrive,6677,Gulf Coast,fair,66471.96,,20,2023-06-07,[],
comp_f2c0cafb0eda,marketplace,sold,Lund,1975 Impact,2023,19.15,outboard,452,Inland Lakes,good,31908.34,30377.97,146,2025-06-10,"[""autopilot"", ""trailer"", ""generator""]",
comp_202dd4a0337e,brokerage,sold,Tracker,Grizzly 1860,2019,13.85,outboard,411,Inland Lakes,fair,10393.32,10158.63,22,2025-08-18,"[""autopilot"", ""solar"", ""trailer""]",
comp_7aa5d804bdf0,marketplace,sold,Chaparral,280 OSX,2023,20.0,sterndrive,38,Gulf Coast,fair,21542.76,18736.07,105,2023-06-20,[],
comp_3e6ef0b9508a,brokerage,sold,Boston Whaler,170 Montauk,2001,20.72,outboard,2884,Atlantic Coast,very_good,14930.53,14006.21,104,2023-03-05,"[""generator"", ""autopilot""]",
comp_a0a70894f74b,internal_sales,listing,SafeBoat,33 Full Cabin,2026,43.17,jet,732,Pacific Coast,very_good,344023.23,,39,2026-01-15,"[""AIS"", ""radar""]",
comp_3c63b3fa026e,marketplace,sold,Bennington,24 LXSB,2000,24.58,outboard,1503,Pacific Coast,good,10359.69,8953.28,143,2023-06-02,"[""joystick""]",
comp_2af2080ad5d8,marketplace,listing,Tracker,Pro Team 175,2018,23.95,inboard,669,Pacific Coast,poor,15383.03,,47,2023-01-03,"[""trailer"", ""generator""]",
comp_0584a0179608,internal_sales,sold,Beneteau,Oceanis 41.1,2003,36.23,inboard,0,Atlantic Coast,excellent,83783.24,78744.97,72,2026-12-06,[],
comp_eab3ad3ea9f6,marketplace,sold,Bayliner,Ciera 8,2008,18.4,outboard,128,Gulf Coast,good,12986.47,11191.55,77,2023-10-13,"[""joystick""]",
comp_eee2f17cd87e,marketplace,sold,Grady-White,336 Canyon,2010,24.19,inboard,1430,Inland Lakes,very_good,24319.2,22758.74,25,2025-12-17,"[""generator"", ""joystick""]",
comp_4e0cc3be982d,brokerage,listing,Sun Tracker,Party Barge 22 DLX,2006,25.57,outboard,651,Great Lakes,good,13467.76,,31,2024-12-05,[],
comp_d2b3b38026bd,marketplace,sold,Boston Whaler,280 Vantage,2008,25.2,inboard,426,Inland Lakes,excellent,26691.02,23723.96,17,2024-05-20,"[""generator""]",
comp_b020f3ead8da,marketplace,sold,Harris,Cruiser 210,2002,17.02,outboard,303,Gulf Coast,very_good,4551.36,4289.08,221,2023-08-06,[],
comp_76f747b93850,brokerage,listing,Boston Whaler,230 Outrage,2025,21.9,inboard,49,Inland Lakes,good,65997.6,,105,2024-07-22,"[""joystick"", ""AIS""]",
comp_6c341a4dbc61,marketplace,sold,Grady-White,336 Canyon,1982,19.95,outboard,4367,Pacific Coast,good,6884.12,6367.65,35,2025-03-18,"[""autopilot"", ""AIS""]",
comp_02c6e79f1f8a,marketplace,listing,Jeanneau,Leader 10.5,2005,36.66,inboard,371,Atlantic Coast,fair,59067.29,,139,2026-03-10,"[""radar"", ""solar"", ""joystick""]",
comp_896c48409ddb,brokerage,listing,Bayliner,Element M17,2007,20.6,outboard,1540,Maritimes,fair,9664.16,,50,2023-08-03,"[""solar"", ""autopilot"", ""radar""]",
comp_9db3100d480b,marketplace,sold,Chaparral,21 SSI,2005,26.0,sterndrive,1652,Maritimes,excellent,19834.05,17139.48,113,2026-05-17,"[""autopilot"", ""trailer"", ""joystick""]",
comp_df6dc02b166e,marketplace,sold,Chaparral,280 OSX,2009,20.94,outboard,697,Gulf Coast,very_good,16414.94,14564.91,10,2024-05-10,"[""AIS"", ""joystick""]",
comp_a4534c9683d3,marketplace,listing,SafeBoat,25 Defender,1999,37.94,inboard,2398,Atlantic Coast,very_good,63080.97,,22,2024-01-15,"[""joystick""]",
comp_4233f2d82391,internal_sales,sold,Regal,26 XO,2022,20.13,sterndrive,58,Pacific Coast,good,25253.49,21615.95,53,2023-03-28,[],
comp_9596dafcb274,marketplace,sold,Sea Ray,SDX 250,1988,19.49,outboard,6916,Pacific Coast,good,7126.45,6515.93,14,2025-03-06,[],
comp_7655a3408032,brokerage,sold,Chaparral,21 SSI,1976,14.47,sterndrive,2713,Gulf Coast,good,3620.31,3126.99,214,2024-04-13,"[""solar"", ""AIS""]",
comp_59b6fa6de422,marketplace,sold,Bayliner,Ciera 8,1988,22.53,sterndrive,1635,Gulf Coast,good,9093.77,8684.76,32,2023-07-19,"[""joystick""]",
comp_cad197eef829,brokerage,sold,Bennington,20 SVL,2008,26.0,outboard,271,Atlantic Coast,good,14673.77,12655.54,30,2024-05-11,"[""autopilot"", ""trailer"", ""radar""]",
comp_fa2ea19ecfd1,marketplace,sold,Carver,C40 Command Bridge,2011,31.31,inboard,1162,Gulf Coast,poor,45000.47,39777.86,31,2025-06-20,[],
comp_9bc425c93932,brokerage,sold,Tiara,38 LS,2007,45.55,sterndrive,1161,Maritimes,very_good,124929.6,111972.4,16,2025-08-12,"[""radar"", ""generator""]",
comp_d675ef3e19dc,internal_sales,listing,Sea Ray,Sundancer 320,2018,23.53,outboard,1090,Maritimes,poor,14094.27,,22,2026-10-28,[],
comp_c2961da2e78e,brokerage,sold,Tiara,38 LS,2010,14.58,sterndrive,1664,Pacific Coast,very_good,34296.44,29997.72,110,2026-12-16,"[""AIS"", ""radar""]",
comp_bb92a7d26092,marketplace,sold,Bayliner,Ciera 8,2016,23.89,outboard,953,Maritimes,very_good,26193.49,24368.83,59,2024-11-09,[],
comp_2da212da1ead,marketplace,listing,Carver,C40 Command Bridge,2025,34.59,inboard,344,Atlantic Coast,fair,135546.05,,11,2025-04-06,"[""joystick"", ""radar"", ""autopilot""]",
comp_7a62ae6d4772,brokerage,sold,Sea Ray,SPX 190,2011,20.13,sterndrive,812,Gulf Coast,very_good,39700.66,36588.8,223,2026-05-15,"[""trailer"", ""AIS""]",
comp_e36ffa6ea1eb,internal_sales,sold,Chaparral,280 OSX,2026,20.0,sterndrive,44,Gulf Coast,poor,27196.89,23984.17,98,2023-03-24,[],
comp_97d387164301,brokerage,sold,Grady-White,191 CE,2017,26.0,inboard,428,Gulf Coast,very_good,30246.38,25750.0,66,2023-07-24,"[""joystick"", ""generator""]",
comp_9f74d399ff53,brokerage,listing,Bayliner,VR5,2000,21.78,sterndrive,626,Great Lakes,fair,9204.78,,38,2025-07-03,"[""autopilot"", ""radar""]",
comp_3348d3350b3e,brokerage,sold,Lund,1650 Angler,1968,13.76,inboard,8155,Great Lakes,fair,2094.3,1773.71,67,2025-06-23,[],
comp_40aceab9af3b,brokerage,sold,Jeanneau,Leader 10.5,2004,34.09,sail_aux,1464,Inland Lakes,fair,58768.58,49517.49,32,2024-03-09,"[""AIS"", ""generator"", ""radar""]",
comp_6bf3542e695e,marketplace,sold,Formula,350 CBR,1994,42.44,sterndrive,1391,Gulf Coast,very_good,89267.86,84063.64,70,2026-05-14,[],
comp_8cad6aabed3d,internal_sales,sold,Formula,350 CBR,2003,32.55,sterndrive,1538,Maritimes,good,61510.35,56122.73,56,2026-01-05,"[""trailer""]",
comp_2a5fc320b26a,marketplace,listing,Lund,1975 Impact,2016,24.12,inboard,2576,Pacific Coast,fair,17138.79,,57,2026-09-28,"[""autopilot"", ""joystick"", ""solar""]",
comp_6162efb1611c,marketplace,sold,Carver,C34 Coupe,2019,39.17,inboard,431,Inland Lakes,good,123917.29,114400.6,43,2025-08-28,"[""autopilot"", ""AIS""]",
comp_37276c03076a,marketplace,sold,Sea Ray,SPX 190,2013,16.36,sterndrive,1260,Pacific Coast,fair,26740.73,24072.68,20,2026-11-17,"[""AIS"", ""radar"", ""generator""]",
comp_bd1fc8293af0,marketplace,sold,Carver,C40 Command Bridge,2012,29.84,inboard,724,Atlantic Coast,fair,56082.69,50367.12,87,2025-11-18,"[""solar""]",
comp_67a7739d2b8c,marketplace,sold,Harris,Cruiser 210,2006,18.02,outboard,770,Atlantic Coast,good,8396.53,7771.43,82,2026-01-09,[],
comp_9d11dc9e8323,marketplace,sold,Formula,290 BR,2014,30.81,inboard,727,Maritimes,good,75495.02,73584.34,190,2026-11-02,"[""AIS"", ""joystick"", ""autopilot""]",
comp_32f7687b2887,brokerage,sold,Tiara,44 Coupe,2000,25.99,sterndrive,1796,Inland Lakes,poor,29811.79,27419.35,28,2025-09-11,"[""radar""]",
comp_32186af0bb04,marketplace,sold,Sun Tracker,Party Barge 22 DLX,1998,26.0,outboard,1885,Great Lakes,good,9676.77,9207.63,96,2025-04-21,[],
comp_cadb452face8,internal_sales,sold,Chaparral,21 SSI,2020,15.63,sterndrive,139,Gulf Coast,fair,14147.9,12212.17,31,2025-02-15,[],
comp_9455436c801a,brokerage,sold,Grady-White,336 Canyon,1972,19.85,outboard,2565,Atlantic Coast,fair,3649.59,3228.49,54,2026-11-07,"[""autopilot"", ""radar""]",
comp_22aa41f814c8,brokerage,sold,Chaparral,21 SSI,1993,20.21,sterndrive,2020,Pacific Coast,good,9613.7,8516.97,47,2023-12-18,"[""joystick"", ""autopilot""]",
comp_de6da5d353fa,brokerage,sold,Chaparral,21 SSI,2023,19.23,outboard,135,Gulf Coast,fair,25094.01,23565.6,32,2024-05-03,"[""joystick"", ""solar""]",
comp_c33d3f7e5322,brokerage,sold,Regal,28 Express,2009,25.67,outboard,706,Inland Lakes,poor,13437.37,12736.25,87,2023-01-04,"[""trailer""]",
comp_8b0a81a452c1,marketplace,listing,HarborCat,36 Pilot,2021,16.02,inboard,1791,Maritimes,good,37696.16,,78,2023-05-06,"[""AIS"", ""autopilot"", ""radar""]",
comp_b2aadc586fe5,marketplace,sold,Regal,28 Express,2006,18.56,sterndrive,1563,Maritimes,fair,9970.53,9221.0,17,2026-08-16,"[""autopilot""]",
comp_ceab17a8b5e1,marketplace,sold,Carver,C40 Command Bridge,1993,35.94,sterndrive,1198,Maritimes,poor,30558.72,26413.43,130,2025-06-04,"[""AIS"", ""autopilot""]",
comp_29ccc653fdf8,internal_sales,sold,Sea Ray,SPX 190,2018,42.86,sterndrive,862,Great Lakes,poor,80493.1,73629.1,26,2024-01-27,"[""trailer"", ""AIS""]",
comp_fd1bba619efa,brokerage,sold,Lund,1975 Impact,2010,26.36,inboard,378,Inland Lakes,very_good,27352.03,25952.99,59,2024-01-25,[],
comp_1c226238450c,brokerage,sold,Bayliner,Ciera 8,2014,20.95,outboard,895,Pacific Coast,good,18463.69,16188.95,45,2023-12-22,"[""joystick"", ""autopilot"", ""solar""]",
comp_5275790e04de,marketplace,listing,Bayliner,Element M17,1997,24.56,outboard,1342,Great Lakes,good,12360.45,,31,2024-06-27,"[""generator"", ""solar""]",
comp_fdc0b3eb347e,marketplace,sold,Harris,Cruiser 210,2005,20.16,outboard,386,Pacific Coast,very_good,10480.55,9377.22,10,2025-07-23,"[""solar"", ""radar""]",
comp_c82b2da0ca64,brokerage,sold,Tiara,38 LS,1982,27.59,sterndrive,2927,Maritimes,excellent,39584.42,34760.68,20,2023-11-20,"[""autopilot"", ""trailer"", ""radar""]",
comp_aeed516ce109,marketplace,sold,Formula,350 CBR,1997,35.86,sterndrive,2880,Great Lakes,excellent,94556.55,90047.41,116,2023-01-01,[],
comp_63ee1ed8e777,marketplace,listing,Lund,1975 Impact,1988,26.0,inboard,5047,Great Lakes,good,11209.4,,26,2026-12-01,"[""autopilot"", ""radar""]",
comp_706670eeaae5,marketplace,sold,Lund,1975 Impact,2013,23.6,outboard,2118,Gulf Coast,good,21336.01,18950.4,25,2024-08-11,"[""trailer"", ""autopilot""]",
comp_440c5fbacbf6,brokerage,sold,Sea-Doo,GTI 130,2005,11.06,jet,1939,Gulf Coast,good,2986.28,2781.18,9,2025-05-26,"[""joystick"", ""solar""]",
comp_a2fcd24d44df,marketplace,sold,Carver,C34 Coupe,1991,28.08,sterndrive,3247,Gulf Coast,excellent,47553.63,42252.18,23,2024-04-20,"[""radar"", ""joystick""]",
comp_126288a80d5c,marketplace,listing,Chaparral,21 SSI,2007,14.85,outboard,948,Maritimes,good,10418.69,,87,2024-12-14,"[""joystick"", ""autopilot"", ""generator""]",
comp_f7d15b2f40b1,brokerage,sold,Catalina,355,2012,26.25,sail_aux,422,Inland Lakes,very_good,61082.19,58319.84,6,2024-07-27,"[""trailer"", ""radar""]",
comp_2f6935336b6b,marketplace,sold,Carver,C40 Command Bridge,1996,35.94,sterndrive,1155,Maritimes,fair,43678.71,42610.72,38,2025-12-01,[],
comp_21b96e6644fd,brokerage,sold,Lund,1650 Angler,1998,25.59,outboard,1164,Pacific Coast,good,13879.46,12987.3,20,2025-05-21,"[""AIS""]",
comp_3b0c434554cd,brokerage,sold,Bennington,20 SVL,1977,17.99,outboard,1762,Maritimes,good,3370.95,3113.44,96,2023-04-24,"[""trailer"", ""generator"", ""joystick""]",
comp_dc33a84b03b0,marketplace,sold,Bennington,22 SSB,2014,26.0,outboard,931,Pacific Coast,good,18974.49,16244.12,20,2025-10-26,"[""solar""]",
comp_c9ddcbb2291e,internal_sales,sold,Parker,2320 Sport Cabin,1977,35.4,inboard,1903,Atlantic Coast,fair,17803.68,17179.91,26,2023-09-19,"[""trailer""]",
comp_a612b71e8b79,brokerage,sold,Bayliner,Element M17,2021,22.45,sterndrive,184,Great Lakes,good,26711.64,25966.15,32,2023-12-09,"[""joystick"", ""autopilot"", ""trailer""]",
comp_70fc4c63479a,brokerage,sold,Grady-White,336 Canyon,2002,20.37,outboard,1725,Gulf Coast,fair,10387.08,9051.19,29,2023-07-09,"[""solar"", ""radar"", ""autopilot""]",
comp_58dba800e8a1,marketplace,listing,Formula,350 CBR,2003,32.31,inboard,1744,Maritimes,poor,43143.54,,32,2023-11-02,"[""solar""]",
comp_3aef160b7b20,brokerage,sold,Bayliner,DX2000,2000,20.83,sterndrive,1208,Atlantic Coast,fair,9598.35,8220.37,52,2024-10-09,"[""radar"", ""solar""]",
comp_1e9003ff01c0,marketplace,listing,Lund,1875 Pro-V,1989,21.45,inboard,7065,Great Lakes,excellent,12188.58,,49,2024-08-20,"[""radar"", ""trailer""]",
comp_93a289847909,internal_sales,sold,Bennington,22 SSB,2000,18.23,outboard,2329,Pacific Coast,good,5228.07,4896.75,36,2024-10-19,[],
comp_2340e493c92f,brokerage,sold,HarborCat,36 Pilot,2011,50.51,jet,4944,Gulf Coast,excellent,140421.46,129291.02,22,2024-02-17,[],
comp_4b292f9267f9,brokerage,sold,HarborCat,26 WB,1988,32.97,jet,5329,Gulf Coast,good,29959.72,28370.65,16,2024-04-01,[],
comp_5fb1d8a3467d,internal_sales,listing,Jeanneau,Sun Odyssey 349,2014,22.49,sail_aux,1169,Maritimes,good,47081.74,,84,2024-09-01,[],
comp_7502af4d2430,internal_sales,sold,Chaparral,280 OSX,2001,26.0,sterndrive,1315,Maritimes,good,14575.77,13829.58,48,2023-08-09,"[""AIS"", ""autopilot""]",
comp_a349c6ed6036,internal_sales,listing,Carver,C34 Coupe,2009,31.94,sterndrive,782,Inland Lakes,good,75135.81,,78,2026-12-06,"[""AIS""]",
comp_b5a9c40bdec5,brokerage,sold,Chaparral,280 OSX,2011,21.65,outboard,1323,Gulf Coast,good,17296.22,14568.5,75,2025-12-12,"[""generator""]",
comp_b1b911b714af,internal_sales,listing,Bayliner,Ciera 8,2022,17.82,sterndrive,296,Inland Lakes,good,21014.52,,21,2023-02-11,"[""trailer""]",
comp_2f526690ae8e,marketplace,sold,Sea Ray,SDX 250,1975,17.14,sterndrive,4479,Inland Lakes,good,4638.16,4533.17,55,2025-09-07,"[""solar"", ""autopilot"", ""AIS""]",
comp_8c0d1466c22b,marketplace,listing,Chaparral,21 SSI,1983,19.15,outboard,169,Atlantic Coast,fair,5416.79,,58,2025-03-28,"[""trailer"", ""generator""]",
comp_5f6dec5b9486,marketplace,sold,Carver,C40 Command Bridge,2019,24.52,inboard,1270,Maritimes,good,71530.92,62937.13,19,2026-01-12,"[""joystick""]",
comp_89960e3a73ce,brokerage,sold,Lund,1875 Pro-V,2016,22.58,inboard,1558,Maritimes,poor,12126.57,10634.07,74,2023-05-19,"[""radar""]",
comp_63373ae1ff14,marketplace,listing,Harris,Solstice 230,2016,28.65,outboard,320,Maritimes,good,22976.13,,13,2023-12-28,"[""AIS"", ""trailer"", ""radar""]",
comp_e9cb5dedf8cc,marketplace,sold,HarborCat,36 Pilot,2004,29.13,inboard,10604,Atlantic Coast,excellent,57257.4,51258.1,82,2024-11-21,"[""generator"", ""trailer""]",
comp_c21d4facefa1,marketplace,sold,Chaparral,23 SSi,2015,25.08,outboard,1887,Pacific Coast,very_good,26291.79,22486.01,48,2023-12-19,"[""AIS"", ""autopilot""]",
comp_77e5a8134040,marketplace,sold,Bayliner,DX2000,2013,26.0,outboard,113,Great Lakes,poor,11944.64,11218.84,114,2026-10-01,"[""generator"", ""AIS"", ""autopilot""]",
comp_4b219eb7efaf,marketplace,listing,Bennington,20 SVL,1994,21.55,outboard,2332,Atlantic Coast,very_good,8949.27,,89,2024-01-11,[],
comp_837fe3125e35,brokerage,sold,Harris,Cruiser 210,2008,16.67,outboard,596,Gulf Coast,fair,6162.4,5412.27,52,2023-11-18,"[""generator"", ""radar""]",
comp_c48d93c061b5,marketplace,listing,Bayliner,DX2000,2020,15.35,sterndrive,621,Maritimes,fair,12608.39,,19,2023-12-05,[],
comp_dbff515ca65e,marketplace,listing,Tracker,Pro Team 175,2002,25.57,outboard,4296,Gulf Coast,very_good,18024.21,,61,2025-03-02,[],
comp_abc9fc1e69d7,marketplace,listing,Harris,Cruiser 210,1982,19.62,outboard,549,Great Lakes,good,4473.93,,35,2024-09-18,"[""joystick"", ""radar"", ""solar""]",
comp_9b763ea859f9,brokerage,listing,Regal,26 XO,1989,22.57,sterndrive,1480,Inland Lakes,good,10482.77,,87,2024-03-16,"[""joystick"", ""autopilot""]",
comp_9f2da7ba8834,brokerage,listing,Regal,26 XO,2021,15.27,outboard,157,Maritimes,good,16350.44,,97,2026-07-16,"[""solar"", ""joystick""]",
comp_32f9d96152c6,brokerage,listing,Carver,C34 Coupe,1990,27.91,inboard,2104,Great Lakes,good,42036.57,,105,2023-10-07,"[""radar""]",
comp_0bb61f2ef16e,brokerage,listing,Formula,290 BR,2022,41.01,sterndrive,71,Pacific Coast,very_good,198524.77,,57,2024-03-18,[],
comp_35b70e3c4395,marketplace,sold,Grady-White,191 CE,2026,24.69,inboard,0,Great Lakes,poor,39503.85,35642.69,82,2025-09-16,[],
comp_2c62d7d79f69,marketplace,sold,Carver,C34 Coupe,2017,16.34,inboard,1332,Atlantic Coast,good,32132.43,28287.56,47,2025-03-10,"[""generator""]",
comp_ea0cd49c352a,brokerage,listing,Beneteau,First 27,2008,47.04,sail_aux,0,Atlantic Coast,good,124855.53,,20,2024-11-08,"[""autopilot"", ""trailer"", ""joystick""]",
comp_3b34fba52327,marketplace,sold,Formula,350 CBR,1986,29.12,inboard,2191,Atlantic Coast,poor,20780.91,17925.88,130,2024-09-18,"[""trailer"", ""solar""]",
comp_dfedc9e5a403,internal_sales,listing,Chaparral,23 SSi,1990,17.21,sterndrive,1413,Atlantic Coast,good,7490.21,,22,2025-03-09,"[""generator"", ""radar""]",
comp_f3aca6005290,marketplace,listing,Regal,28 Express,2009,21.69,sterndrive,73,Maritimes,fair,13133.13,,594,2023-05-28,"[""radar"", ""AIS"", ""trailer""]",
comp_b50b2bd4ab42,marketplace,sold,Tracker,Pro Team 175,1986,23.64,outboard,1911,Great Lakes,very_good,8913.69,8277.46,93,2023-12-23,[],
comp_5b9388e459b2,brokerage,sold,Lund,1875 Pro-V,1991,24.96,outboard,1665,Inland Lakes,poor,7372.66,6726.0,148,2025-12-14,[],
comp_e76eae4fb2a0,marketplace,sold,Sun Tracker,Party Barge 22 DLX,1984,23.95,outboard,933,Maritimes,very_good,5968.65,5284.04,112,2024-09-01,"[""generator"", ""joystick"", ""radar""]",
comp_bc511f5c0672,brokerage,sold,Tiara,44 Coupe,2021,43.3,inboard,173,Pacific Coast,good,200272.27,179009.75,18,2025-12-24,"[""autopilot"", ""AIS""]",
comp_1447c2313263,brokerage,sold,Beneteau,First 27,2008,40.54,sail_aux,57,Inland Lakes,excellent,117301.5,99281.32,15,2026-04-21,[],
comp_ae3f5bb9da21,marketplace,sold,Grady-White,336 Canyon,2016,23.65,outboard,245,Maritimes,very_good,23276.09,21372.61,33,2024-06-12,"[""radar"", ""solar"", ""joystick""]",
comp_f4a6e053b34a,brokerage,sold,Carver,C40 Command Bridge,2004,24.64,inboard,931,Atlantic Coast,good,47354.37,43148.34,23,2024-10-24,"[""trailer"", ""solar"", ""AIS""]",
comp_b68e2460f637,brokerage,sold,Harris,Solstice 230,2018,20.43,outboard,183,Great Lakes,good,14139.25,13760.93,33,2024-12-28,"[""trailer"", ""solar"", ""AIS""]",
comp_e4fbc956f23b,marketplace,sold,Beneteau,Oceanis 41.1,1987,34.17,inboard,726,Gulf Coast,good,48738.47,42550.25,10,2023-01-24,"[""solar"", ""radar""]",
comp_4fe29a62cfb7,brokerage,sold,Hunter,36,2021,32.3,sail_aux,132,Atlantic Coast,good,84005.96,80422.42,18,2023-12-10,"[""trailer"", ""solar""]",
comp_019510ba1038,marketplace,sold,Tracker,Pro Team 175,1980,24.36,inboard,4191,Great Lakes,fair,5654.13,5039.57,14,2024-01-23,[],
comp_44beb81cd2c2,marketplace,sold,Grady-White,257 Fisherman,2006,23.29,outboard,590,Great Lakes,excellent,20818.65,20303.32,71,2025-08-22,"[""radar"", ""trailer""]",
comp_cf479c70a21c,marketplace,sold,Bennington,20 SVL,2007,20.16,outboard,592,Pacific Coast,excellent,12958.54,11206.74,16,2026-02-14,[],
comp_a9bfbcf04417,marketplace,sold,Tracker,Grizzly 1860,2026,19.82,inboard,412,Maritimes,fair,39338.89,35678.99,19,2026-04-03,[],
comp_a178101da1db,marketplace,sold,Grady-White,191 CE,1995,12.08,inboard,3109,Atlantic Coast,good,5368.64,5198.77,39,2023-07-02,[],
comp_03fc0376f9c5,marketplace,listing,Boston Whaler,230 Outrage,2021,24.56,outboard,240,Inland Lakes,very_good,45955.57,,17,2024-03-16,[],
comp_c02ec2ebe844,brokerage,listing,Bayliner,Ciera 8,1982,24.7,outboard,1727,Maritimes,excellent,8711.12,,15,2025-04-22,"[""generator""]",
comp_33e2ef1bdb9a,marketplace,sold,Chaparral,23 SSi,1974,16.73,sterndrive,2280,Maritimes,fair,3606.54,3121.09,296,2024-10-03,"[""AIS""]",
comp_aaf75ecd6613,brokerage,sold,Bayliner,Element M17,1968,26.0,outboard,5256,Pacific Coast,very_good,6779.46,6112.47,63,2024-03-25,"[""AIS""]",
comp_fc40c1e15bf8,brokerage,sold,Chaparral,21 SSI,2020,20.36,sterndrive,225,Atlantic Coast,good,25322.75,22557.08,15,2024-01-28,[],
comp_498283b6df08,marketplace,listing,Sun Tracker,Bass Buggy 18 DLX,2026,24.66,outboard,32,Great Lakes,good,43536.25,,59,2025-12-01,[],
comp_fc77136ed0f2,brokerage,listing,Catalina,445,1984,43.11,inboard,1533,Maritimes,good,63006.33,,59,2024-12-15,"[""radar"", ""autopilot"", ""joystick""]",
comp_5364a4364047,marketplace,sold,Sea Ray,SDX 250,2010,20.34,sterndrive,2855,Great Lakes,very_good,41776.51,40756.93,77,2025-09-28,[],
comp_33ce6e45bcf5,brokerage,sold,Carver,C40 Command Bridge,2019,29.74,sterndrive,292,Atlantic Coast,poor,53024.72,47572.07,30,2023-10-03,[],
comp_0cc0da6ba11f,internal_sales,listing,Chaparral,23 SSi,2004,22.49,sterndrive,1269,Inland Lakes,poor,9661.15,,29,2025-11-24,"[""solar""]",
comp_d4cae8555a9c,internal_sales,sold,Sun Tracker,Bass Buggy 18 DLX,1983,26.0,outboard,1792,Atlantic Coast,fair,5543.77,5137.9,72,2026-04-22,[],
comp_a91d89e56750,marketplace,sold,Hunter,36,2022,32.3,sail_aux,268,Atlantic Coast,very_good,106140.05,92044.43,87,2023-05-11,"[""joystick"", ""AIS"", ""trailer""]",
comp_7791f94bb1a2,internal_sales,listing,Harris,Cruiser 210,2004,16.84,outboard,2378,Inland Lakes,very_good,7946.18,,520,2025-03-02,"[""autopilot"", ""trailer"", ""generator""]",
comp_e4dd1171721d,brokerage,sold,Catalina,445,2009,46.27,inboard,791,Gulf Coast,fair,79464.24,70998.55,56,2025-09-04,"[""generator"", ""solar""]",
comp_bcfe733464c9,marketplace,listing,Tiara,44 Coupe,2020,40.08,inboard,149,Great Lakes,good,166524.63,,54,2025-04-07,"[""solar"", ""radar"", ""AIS""]",
comp_fe3ec5710f5c,marketplace,sold,Regal,LS4,2020,18.13,sterndrive,294,Pacific Coast,fair,18471.98,17095.66,31,2023-11-14,[],
comp_7e3385c4f49c,marketplace,listing,Tiara,38 LS,2010,25.86,sterndrive,564,Gulf Coast,very_good,60846.19,,16,2024-10-05,"[""autopilot"", ""AIS"", ""joystick""]",
comp_58cdb0d89fb4,brokerage,listing,Bayliner,DX2000,2000,24.4,sterndrive,242,Pacific Coast,very_good,13766.97,,37,2023-07-27,"[""AIS""]",
comp_e5a77bf35dd4,marketplace,listing,Lund,1875 Pro-V,2014,25.48,inboard,567,Atlantic Coast,poor,14731.42,,205,2024-09-18,"[""joystick""]",
comp_5d537b2870af,marketplace,listing,Parker,2820 XLD,2002,35.4,inboard,7272,Great Lakes,poor,28078.67,,135,2025-08-23,"[""solar"", ""trailer""]",
comp_ad22d43a2c2e,brokerage,sold,Catalina,275 Sport,2012,31.9,inboard,148,Inland Lakes,good,65313.7,58721.94,75,2025-06-23,"[""trailer""]",
comp_90d0d71d9aaf,brokerage,sold,Boston Whaler,280 Vantage,2003,23.36,inboard,2001,Maritimes,good,18763.25,16774.01,86,2025-11-06,[],
comp_7c954aa6a6eb,brokerage,sold,Jeanneau,Leader 10.5,1983,32.16,inboard,1690,Great Lakes,very_good,55464.86,49249.23,91,2026-05-12,[],
comp_958e02f52bfa,marketplace,sold,Tiara,38 LS,2019,35.35,sterndrive,605,Gulf Coast,excellent,162952.2,139777.83,112,2023-10-12,"[""solar"", ""generator""]",
comp_5ea7b3d93389,marketplace,listing,Chaparral,21 SSI,1981,19.15,outboard,203,Atlantic Coast,very_good,7354.52,,16,2023-07-26,"[""generator"", ""autopilot""]",
comp_d1b64d4b093b,marketplace,sold,Harris,Cruiser 210,2021,26.0,outboard,306,Maritimes,good,28630.25,26679.61,33,2024-02-15,"[""radar"", ""solar"", ""trailer""]",
comp_45d7371a9598,marketplace,sold,Regal,26 XO,2006,17.91,outboard,819,Gulf Coast,good,11504.19,11025.0,33,2024-09-21,[],
comp_a689b1731fff,brokerage,listing,Harris,Solstice 230,2009,22.21,outboard,410,Great Lakes,fair,10745.16,,68,2023-11-02,"[""autopilot"", ""joystick""]",
comp_d55f511e82b8,marketplace,sold,Harris,Cruiser 210,2018,22.41,outboard,183,Great Lakes,poor,9922.74,9450.4,25,2023-05-07,"[""generator"", ""joystick""]",
comp_a1d6c8b30a93,brokerage,sold,Chaparral,23 SSi,2025,17.06,sterndrive,65,Gulf Coast,good,34274.19,32946.58,32,2024-11-06,"[""radar"", ""joystick""]",
comp_b7c0e222f6bf,marketplace,sold,Bennington,22 SSB,2007,19.68,outboard,1937,Maritimes,poor,5868.75,5435.38,24,2025-02-07,"[""generator""]",
comp_43d143285932,brokerage,sold,Carver,C40 Command Bridge,2006,26.22,inboard,383,Great Lakes,very_good,65221.86,55532.49,49,2026-06-16,"[""radar"", ""solar""]",
comp_73eb1ad553d2,internal_sales,sold,Regal,28 Express,1981,21.93,sterndrive,5032,Maritimes,good,7456.37,6791.3,35,2023-09-04,"[""solar"", ""autopilot""]",
comp_4cfea9dc7740,marketplace,sold,Bayliner,Ciera 8,2018,16.78,outboard,534,Inland Lakes,poor,8699.27,8382.64,35,2026-11-02,"[""generator"", ""solar""]",
comp_4e60983fa6dd,marketplace,listing,Tracker,Grizzly 1860,2020,20.32,inboard,379,Gulf Coast,poor,14700.31,,68,2024-12-04,[],
comp_2e1899080cd3,marketplace,sold,Sea Ray,SPX 190,2015,21.24,sterndrive,977,Inland Lakes,fair,14330.09,13757.05,65,2023-06-01,"[""AIS"", ""joystick"", ""radar""]",
comp_0840382983e3,brokerage,listing,Hunter,36,1987,27.0,sail_aux,2864,Maritimes,fair,24973.33,,34,2025-02-01,"[""trailer""]",
comp_1a7974b233e8,marketplace,sold,Tiara,38 LS,1980,33.56,sterndrive,6660,Pacific Coast,very_good,46421.7,42387.1,34,2026-11-07,"[""solar""]",
comp_22bce77b2800,marketplace,listing,Bayliner,DX2000,2021,15.35,sterndrive,383,Maritimes,poor,9849.69,,41,2026-04-20,[],
comp_c19c4bcb33c7,marketplace,sold,Sun Tracker,Bass Buggy 18 DLX,2023,24.66,outboard,36,Great Lakes,excellent,34610.48,30203.95,39,2023-12-28,"[""radar"", ""joystick""]",
comp_6b288674f260,brokerage,sold,Catalina,355,2026,27.13,inboard,21,Inland Lakes,good,130017.78,115244.95,29,2025-09-18,"[""autopilot"", ""joystick""]",
comp_254cac2e805c,brokerage,sold,Tiara,44 Coupe,2009,29.78,sterndrive,681,Pacific Coast,fair,60305.43,52525.76,40,2025-12-05,[],
comp_adafba291714,marketplace,sold,Formula,350 CBR,2006,48.44,sterndrive,2169,Pacific Coast,good,139864.62,133651.11,58,2025-09-05,"[""autopilot""]",
comp_b08f00300987,marketplace,sold,Boston Whaler,280 Vantage,2025,21.87,outboard,118,Great Lakes,fair,45558.33,39324.53,50,2026-04-11,[],
comp_5b5e201993fd,internal_sales,listing,Parker,2320 Sport Cabin,1990,33.48,outboard,5460,Maritimes,very_good,39496.41,,145,2023-03-26,"[""generator""]",
comp_42b385fb4349,marketplace,sold,Regal,28 Express,2019,24.87,sterndrive,317,Gulf Coast,good,30730.91,27782.22,32,2023-06-20,"[""autopilot""]",
comp_159e7bf06e79,brokerage,listing,Formula,350 CBR,2022,37.16,inboard,499,Great Lakes,excellent,201729.86,,115,2024-06-24,"[""joystick"", ""solar""]",
comp_ff1c1aac0ff8,internal_sales,sold,Chaparral,21 SSI,1975,14.47,sterndrive,2322,Gulf Coast,fair,2861.34,2433.63,55,2023-12-18,"[""joystick""]",
comp_18c4682258a0,brokerage,sold,Carver,C34 Coupe,1974,39.46,inboard,6224,Great Lakes,good,40383.7,34138.76,53,2024-02-06,[],
comp_4b04a52e4c4d,brokerage,sold,Regal,LS4,2015,33.97,outboard,2382,Gulf Coast,poor,19373.81,17439.47,40,2026-05-26,"[""solar"", ""generator""]",
comp_5402c058cc75,brokerage,sold,Bayliner,DX2000,2001,20.83,sterndrive,1378,Atlantic Coast,good,12120.06,10630.51,50,2024-07-13,"[""generator"", ""radar""]",
comp_d88731f4ddcf,marketplace,listing,Grady-White,191 CE,2006,24.72,outboard,477,Maritimes,fair,13300.18,,25,2026-09-23,[],
comp_42832ed15d89,marketplace,listing,Regal,28 Express,2011,24.28,outboard,504,Gulf Coast,good,19259.88,,13,2023-10-21,[],
comp_ae93cf47b56e,marketplace,sold,Carver,C40 Command Bridge,1973,37.34,inboard,2031,Pacific Coast,good,35276.19,30013.62,94,2025-02-07,[],
comp_32a887fdf234,marketplace,sold,Harris,Solstice 230,2007,22.18,outboard,734,Pacific Coast,fair,9039.23,8256.37,71,2023-05-10,"[""AIS"", ""generator"", ""trailer""]",
comp_d3f8e428a79c,marketplace,sold,Formula,290 BR,2020,35.25,inboard,602,Pacific Coast,good,131434.38,113739.58,32,2026-10-25,"[""radar"", ""AIS"", ""generator""]",
comp_25f2e8338cc4,brokerage,listing,Regal,26 XO,2020,19.0,sterndrive,1385,Great Lakes,good,22560.35,,40,2023-09-13,"[""solar"", ""autopilot""]",
comp_12b097d8213a,marketplace,listing,Lund,1650 Angler,2014,23.64,inboard,645,Inland Lakes,very_good,24116.58,,75,2026-01-15,"[""generator""]",
comp_00ff5f049b7b,marketplace,sold,Hunter,36,2021,14.09,sail_aux,632,Atlantic Coast,good,31827.0,30828.0,102,2024-12-13,"[""autopilot""]",
comp_cea0842f7dea,marketplace,sold,Bennington,22 SSB,1986,13.54,outboard,1921,Maritimes,excellent,3953.13,3498.53,50,2023-11-17,[],
comp_6443296ff167,marketplace,listing,Jeanneau,Leader 10.5,2004,35.86,sail_aux,891,Gulf Coast,very_good,61583.0,,10,2023-01-27,"[""radar"", ""AIS""]",
comp_5fef4f3eb6e5,internal_sales,sold,Jeanneau,Leader 10.5,1972,39.84,inboard,948,Gulf Coast,good,50066.83,47461.21,185,2024-06-22,"[""autopilot"", ""solar""]",
comp_4410d8e79984,marketplace,sold,Formula,350 CBR,1985,21.17,sterndrive,2647,Pacific Coast,very_good,27423.15,25275.16,27,2026-03-19,"[""generator""]",
comp_14b0178977b3,marketplace,sold,Sea Ray,SDX 250,1986,19.49,outboard,6061,Pacific Coast,very_good,8692.47,8232.11,36,2026-11-09,[],
comp_5fa6b44a2f49,marketplace,sold,Grady-White,191 CE,1990,26.0,inboard,4444,Inland Lakes,very_good,14858.11,13514.25,29,2024-08-06,"[""solar"", ""AIS""]",
comp_5513326fe98b,marketplace,sold,Sea Ray,SPX 190,1990,26.0,outboard,2762,Gulf Coast,poor,7088.07,6412.26,47,2024-06-27,"[""generator"", ""joystick""]",
comp_ab5d591dc5b8,marketplace,sold,Beneteau,Oceanis 41.1,2004,19.12,inboard,0,Gulf Coast,good,36468.1,33099.44,74,2023-04-11,"[""generator""]",
comp_eed7c651ee16,marketplace,listing,Chaparral,23 SSi,2007,24.79,outboard,778,Pacific Coast,very_good,19573.69,,71,2026-01-11,[],
comp_ff5331cbfca2,internal_sales,listing,Boston Whaler,280 Vantage,2005,19.12,outboard,876,Pacific Coast,fair,10178.0,,5,2026-10-19,"[""trailer"", ""AIS"", ""radar""]",
comp_beaa9226147c,internal_sales,sold,Regal,26 XO,2006,17.91,outboard,746,Gulf Coast,good,11934.68,11153.16,92,2026-08-21,"[""generator"", ""solar"", ""joystick""]",
comp_7253c8408a02,brokerage,listing,Grady-White,257 Fisherman,2015,18.54,inboard,1541,Maritimes,good,16103.63,,49,2025-07-22,"[""AIS""]",
comp_07a81265d3ec,marketplace,listing,Lund,1975 Impact,1973,22.85,outboard,4362,Gulf Coast,excellent,6499.67,,19,2026-08-13,"[""autopilot"", ""radar""]",
comp_038970abf212,marketplace,sold,Harris,Solstice 230,1990,24.68,outboard,241,Gulf Coast,fair,5776.67,4922.23,65,2023-06-09,"[""generator""]",
comp_eafb37ae8db7,marketplace,listing,Beneteau,First 27,2012,47.04,sail_aux,0,Atlantic Coast,very_good,136408.2,,11,2025-01-18,[],
comp_b932658646a8,brokerage,listing,Harris,Solstice 230,2020,21.31,outboard,182,Maritimes,good,20668.79,,206,2025-12-21,[],
comp_5835258b6ea0,marketplace,sold,Sea Ray,Sundancer 320,2021,21.15,outboard,191,Pacific Coast,very_good,30270.57,29371.03,46,2025-06-08,"[""radar"", ""generator"", ""autopilot""]",
comp_1684e759f01c,brokerage,sold,Bayliner,Ciera 8,2011,19.47,sterndrive,209,Great Lakes,very_good,15941.24,14448.85,95,2024-09-12,"[""AIS""]",
comp_75e7b16a637b,brokerage,sold,Bennington,24 LXSB,1988,21.27,outboard,781,Inland Lakes,poor,3490.11,3215.93,76,2025-03-19,"[""joystick"", ""autopilot"", ""trailer""]",
comp_ec2508cf1da7,brokerage,sold,Chaparral,280 OSX,2022,15.22,outboard,169,Maritimes,good,20952.6,18641.66,24,2025-09-27,"[""solar"", ""generator"", ""radar""]",
comp_dfa4b1dc7653,brokerage,sold,SafeBoat,33 Full Cabin,2017,24.58,inboard,1892,Pacific Coast,very_good,52521.43,50764.44,126,2025-05-18,"[""generator""]",
comp_714ed4fc449a,brokerage,sold,HarborCat,26 WB,1986,32.97,jet,5110,Gulf Coast,poor,15144.22,14207.96,105,2024-08-28,"[""trailer"", ""AIS""]",
comp_36a72cf3e472,marketplace,sold,Harris,Solstice 230,2018,20.43,outboard,178,Great Lakes,good,17631.48,15945.43,75,2026-07-12,"[""generator""]",
comp_b9b978dd46d3,marketplace,sold,Carver,C40 Command Bridge,1974,28.54,sterndrive,3901,Atlantic Coast,fair,19279.54,17655.26,215,2024-11-20,"[""autopilot"", ""radar""]",
comp_a33e83d52201,brokerage,sold,Sea Ray,SDX 250,1993,33.56,sterndrive,3584,Maritimes,good,46943.26,44892.95,23,2025-11-18,[],
comp_c22a67386580,marketplace,sold,Bennington,20 SVL,2010,26.0,outboard,2373,Inland Lakes,very_good,17940.65,15163.51,139,2025-07-10,"[""autopilot""]",
comp_225c5c142ca0,marketplace,listing,Sea-Doo,RXT-X 300,2022,11.25,jet,202,Pacific Coast,fair,6398.88,,55,2026-01-14,[],
comp_7c3dcbce8c8a,marketplace,listing,Tiara,38 LS,2006,40.06,sterndrive,1594,Inland Lakes,very_good,122067.11,,20,2025-10-02,"[""joystick"", ""trailer"", ""solar""]",
comp_c2c73d9d0480,brokerage,sold,Bayliner,Element M17,2012,18.75,sterndrive,1674,Atlantic Coast,very_good,13681.44,12124.02,31,2024-04-11,"[""AIS"", ""autopilot"", ""generator""]",
comp_8fba266d1961,marketplace,sold,Boston Whaler,170 Montauk,2017,21.68,outboard,217,Gulf Coast,poor,12607.4,12035.55,32,2023-09-09,"[""joystick"", ""solar""]",
comp_3a2fe8c7a154,internal_sales,sold,Sun Tracker,Bass Buggy 18 DLX,2017,26.0,outboard,1083,Great Lakes,good,18282.93,17273.02,13,2023-12-24,[],
comp_611955a79233,marketplace,sold,Regal,28 Express,2003,24.04,outboard,229,Great Lakes,excellent,20927.63,19031.44,45,2024-08-06,[],
comp_769013e9a530,brokerage,listing,Sun Tracker,Bass Buggy 18 DLX,1982,22.94,outboard,2477,Gulf Coast,very_good,5387.04,,37,2023-06-16,"[""AIS"", ""solar"", ""generator""]",
comp_cb9bd7c42c6e,marketplace,sold,Lund,1650 Angler,2003,21.4,outboard,151,Gulf Coast,very_good,16837.54,15179.63,36,2025-04-07,"[""solar""]",
comp_406a30d205d4,marketplace,sold,Grady-White,336 Canyon,1983,23.71,inboard,3877,Inland Lakes,fair,6470.69,5491.35,101,2025-09-27,"[""trailer"", ""AIS"", ""radar""]",
comp_5370e3b5a1f7,brokerage,sold,Sea Ray,SLX 260,1973,15.6,outboard,2092,Maritimes,very_good,4273.15,4152.62,29,2025-05-05,[],
comp_e1b8ebd68616,brokerage,sold,Beneteau,First 27,1981,25.8,sail_aux,1196,Inland Lakes,very_good,39584.64,34014.59,23,2023-03-14,"[""trailer"", ""joystick""]",
comp_72e3f4870b33,marketplace,sold,Kawasaki Jet Ski,Ultra 310LX,2025,11.23,jet,0,Maritimes,fair,10639.05,9994.07,30,2025-03-22,"[""radar"", ""AIS"", ""trailer""]",
comp_9f2c008e7815,marketplace,listing,Bayliner,Ciera 8,1997,22.16,sterndrive,465,Atlantic Coast,good,10613.76,,215,2026-02-10,[],
comp_87e2ad329e3a,internal_sales,sold,Boston Whaler,280 Vantage,1972,22.1,inboard,12638,Atlantic Coast,excellent,8576.21,7942.77,91,2024-07-28,"[""AIS"", ""autopilot"", ""joystick""]",
comp_719fb6c9d66c,marketplace,sold,Catalina,445,2007,45.39,inboard,1068,Great Lakes,very_good,114863.96,106040.91,59,2025-10-08,[],
comp_6bcdb985f24b,marketplace,listing,Lund,1650 Angler,2005,25.22,inboard,713,Atlantic Coast,poor,9963.76,,62,2023-07-27,"[""trailer""]",
comp_e307aa0a4f4e,marketplace,sold,Grady-White,336 Canyon,2012,24.19,inboard,2106,Inland Lakes,very_good,21626.08,20379.3,34,2025-06-04,"[""AIS""]",
comp_4b19befbf9fa,brokerage,sold,Chaparral,21 SSI,2007,26.0,sterndrive,1564,Maritimes,very_good,21816.66,18624.36,23,2025-02-22,[],
comp_600b56c9ecdd,marketplace,listing,Lund,1975 Impact,2019,25.99,outboard,214,Maritimes,very_good,39458.27,,99,2025-12-14,"[""autopilot"", ""solar""]",
comp_6905f80dcc22,marketplace,sold,Harris,Cruiser 210,1967,22.8,outboard,719,Pacific Coast,fair,2572.62,2270.53,80,2025-05-21,"[""generator"", ""AIS""]",
comp_1cfb70fe4784,brokerage,sold,Lund,1650 Angler,2016,17.01,outboard,594,Great Lakes,good,15019.71,12805.1,85,2023-04-20,"[""radar""]",
comp_ed7375e33555,marketplace,sold,Catalina,355,1990,32.2,inboard,0,Maritimes,fair,34277.84,32600.18,27,2023-10-08,"[""AIS""]",
comp_66c36b06a6d7,marketplace,sold,Hunter,31,2013,40.41,inboard,1177,Gulf Coast,fair,72649.61,70719.64,94,2025-01-24,"[""trailer"", ""autopilot""]",
comp_543175a52e8d,marketplace,sold,Grady-White,191 CE,2008,18.77,outboard,3365,Pacific Coast,very_good,13300.39,11840.15,18,2025-02-15,"[""joystick"", ""AIS""]",
comp_0ff2e6426a70,marketplace,listing,Tiara,38 LS,2009,32.34,inboard,1599,Great Lakes,very_good,92848.77,,364,2025-04-27,"[""joystick""]",
comp_fea7a790bb8b,brokerage,sold,Carver,C34 Coupe,1978,39.57,inboard,3125,Gulf Coast,very_good,50293.9,44231.93,13,2023-03-26,[],
comp_aa940e947627,brokerage,sold,Regal,LS4,2016,18.13,sterndrive,414,Pacific Coast,fair,13333.21,12464.73,133,2023-03-03,[],
comp_05b44d95835d,marketplace,sold,Chaparral,21 SSI,1973,22.28,outboard,1721,Atlantic Coast,good,6104.7,5233.18,87,2025-03-01,"[""autopilot"", ""radar"", ""trailer""]",
comp_37a8c1282b3b,brokerage,sold,Sea Ray,Sundancer 320,2000,23.6,sterndrive,1851,Pacific Coast,very_good,45134.37,38033.39,20,2023-02-21,"[""trailer""]",
comp_15155bc7b2e5,brokerage,sold,Regal,LS4,2021,20.67,outboard,457,Maritimes,good,25751.67,22636.4,104,2026-01-11,"[""trailer"", ""radar""]",
comp_d620102ff0ca,marketplace,sold,Sea Ray,SDX 250,1971,32.34,sterndrive,6561,Atlantic Coast,good,27574.98,23655.73,27,2025-05-23,"[""autopilot"", ""radar""]",
comp_034514ab5794,marketplace,sold,Lund,1650 Angler,1986,26.0,outboard,3162,Great Lakes,good,9886.19,9563.13,20,2023-11-08,"[""radar"", ""AIS"", ""generator""]",
comp_c8ccd96ca40f,brokerage,sold,Chaparral,280 OSX,2003,13.84,sterndrive,1419,Pacific Coast,fair,5680.02,5452.16,44,2026-11-08,"[""AIS""]",
comp_059b6e33c876,marketplace,listing,Tracker,Grizzly 1860,1979,22.48,inboard,5334,Gulf Coast,good,6633.82,,17,2025-10-25,[],
comp_fd4d17e98402,brokerage,listing,Tiara,44 Coupe,2010,29.78,sterndrive,860,Pacific Coast,very_good,81929.5,,61,2026-03-21,"[""joystick"", ""radar"", ""AIS""]",
comp_fe545560302a,marketplace,sold,HarborCat,36 Pilot,1987,31.01,inboard,4583,Maritimes,poor,13559.65,12793.73,109,2024-10-28,[],
comp_8b40ec524e9a,brokerage,sold,Regal,28 Express,1978,19.08,outboard,2444,Maritimes,fair,3899.63,3722.51,69,2024-04-08,"[""joystick"", ""AIS""]",
comp_827fddb0a726,marketplace,sold,Lund,1875 Pro-V,2007,25.85,outboard,2597,Inland Lakes,fair,15670.7,13393.76,29,2023-05-26,[],
comp_a0d6f3c48f1c,brokerage,sold,Carver,C34 Coupe,1997,34.37,sterndrive,3206,Maritimes,very_good,56904.15,55425.51,27,2025-03-09,"[""generator"", ""joystick""]",
comp_67d5e807bc40,brokerage,sold,Grady-White,191 CE,2026,16.27,outboard,150,Gulf Coast,excellent,49658.44,43176.32,22,2024-09-15,"[""joystick""]",
comp_039ccf62b23d,marketplace,sold,Tracker,Targa V-18,2007,24.15,inboard,573,Pacific Coast,excellent,18533.26,16374.61,21,2025-11-03,"[""joystick"", ""radar""]",
comp_48c05909c1c9,brokerage,listing,Grady-White,336 Canyon,1979,26.0,inboard,2148,Pacific Coast,poor,4280.68,,23,2025-06-04,"[""AIS"", ""joystick"", ""autopilot""]",
comp_c6a365ee0ccc,brokerage,sold,Alumacraft Pro,Trophy 195,1986,18.02,jet,1933,Gulf Coast,fair,10137.0,9018.99,55,2023-08-22,"[""joystick""]",
comp_7b781d20b5a9,marketplace,listing,Sea Ray,SPX 190,1982,14.02,sterndrive,5178,Great Lakes,very_good,15354.32,,8,2026-01-15,"[""AIS"", ""autopilot""]",
comp_8b0d83f78adf,marketplace,sold,Chaparral,21 SSI,1978,19.15,outboard,159,Atlantic Coast,good,5122.35,4493.17,60,2026-11-17,"[""trailer"", ""generator"", ""AIS""]",
comp_61787f3fc1b8,marketplace,sold,Beneteau,Oceanis 41.1,1985,55.54,inboard,883,Great Lakes,very_good,113005.32,102153.41,34,2026-09-09,"[""autopilot"", ""generator"", ""solar""]",
comp_7e87fd798a0d,marketplace,sold,Tracker,Pro Team 175,1981,14.78,inboard,3391,Inland Lakes,fair,3297.04,3059.36,25,2024-04-03,[],
comp_e24fe6c70b8b,marketplace,sold,Bayliner,DX2000,2018,15.35,sterndrive,412,Maritimes,fair,10338.85,9394.74,13,2024-04-22,"[""AIS"", ""autopilot""]",
comp_0c014fa2c91e,marketplace,sold,Chaparral,21 SSI,2024,15.63,sterndrive,198,Gulf Coast,poor,15050.57,12865.33,118,2026-11-28,"[""generator"", ""radar""]",
comp_d272d024e9a2,brokerage,listing,Bayliner,DX2000,1964,21.61,outboard,11723,Pacific Coast,poor,2244.7,,65,2024-07-18,"[""solar"", ""radar""]",
comp_891ea063ba9f,marketplace,listing,Sea Ray,Sundancer 320,2011,33.69,inboard,410,Atlantic Coast,very_good,96243.64,,68,2023-07-20,"[""AIS""]",
comp_37fd9aa115b1,marketplace,sold,Carver,C40 Command Bridge,2021,34.59,inboard,311,Atlantic Coast,very_good,147595.93,134232.08,149,2023-09-22,"[""autopilot"", ""joystick""]",
comp_1f9a02070b1b,internal_sales,sold,Sea Ray,SPX 190,1978,18.54,outboard,1948,Inland Lakes,very_good,6287.93,5735.62,13,2026-03-26,"[""generator"", ""radar"", ""autopilot""]",
comp_d9d905f328ea,internal_sales,listing,Regal,28 Express,2004,18.03,sterndrive,663,Inland Lakes,excellent,13960.52,,29,2026-05-05,"[""autopilot""]",
comp_3aa3275a83ba,marketplace,sold,Grady-White,257 Fisherman,2012,19.03,inboard,1815,Pacific Coast,fair,13559.27,11609.53,39,2024-02-16,[],
comp_975cffb255f7,marketplace,listing,Catalina,275 Sport,2018,30.9,inboard,0,Pacific Coast,fair,57700.01,,18,2023-08-20,"[""radar"", ""joystick"", ""trailer""]",
comp_190fd6adfe5c,internal_sales,sold,Lund,1650 Angler,2024,26.0,inboard,162,Atlantic Coast,very_good,62523.51,57377.89,22,2023-07-26,"[""generator""]",
comp_9376cc45ae7d,marketplace,listing,Carver,C40 Command Bridge,2007,44.3,sterndrive,1973,Great Lakes,fair,93204.87,,78,2025-08-08,[],
comp_dce820d0cc6f,brokerage,sold,Bennington,24 LXSB,2006,26.0,outboard,1801,Maritimes,very_good,16129.51,15202.3,27,2025-03-15,"[""AIS"", ""radar"", ""generator""]",
comp_dbf452005a1d,marketplace,sold,Bayliner,DX2000,2003,16.16,outboard,3585,Inland Lakes,very_good,9917.41,9451.78,59,2026-09-03,"[""AIS"", ""radar""]",
comp_6773789adebe,brokerage,listing,Sea Ray,Sundancer 320,2002,18.25,sterndrive,1926,Maritimes,very_good,10476.71,,9,2026-06-01,"[""trailer""]",
comp_0eae76486ba7,brokerage,listing,Lund,1650 Angler,1999,21.19,inboard,1621,Maritimes,very_good,14896.78,,38,2023-11-19,[],
comp_14b01c5b9a8d,marketplace,listing,Bennington,24 LXSB,1981,18.04,outboard,1084,Gulf Coast,good,4408.98,,24,2024-03-05,[],
comp_b68799f567e1,internal_sales,sold,Bayliner,DX2000,1980,23.02,sterndrive,892,Pacific Coast,fair,4941.39,4341.5,41,2024-12-06,[],
comp_3d90dcb0817b,brokerage,sold,Bennington,22 SSB,2010,23.45,outboard,197,Pacific Coast,very_good,16473.45,15646.48,115,2026-03-18,"[""solar""]",
comp_b15eebdcfdd2,marketplace,sold,Catalina,355,2023,27.13,inboard,34,Inland Lakes,good,79326.71,71723.64,164,2026-05-16,[],
comp_ec28d17f2b34,internal_sales,listing,Hunter,31,2008,28.0,sail_aux,326,Maritimes,fair,38989.62,,201,2023-04-03,"[""generator"", ""radar""]",
comp_2e493b7cc125,marketplace,sold,Parker,2320 Sport Cabin,2005,32.39,jet,5585,Gulf Coast,fair,44031.38,40481.51,185,2023-11-01,"[""joystick""]",
comp_5ae08132a122,marketplace,listing,Tiara,38 LS,1993,11.21,sterndrive,4932,Atlantic Coast,fair,10228.75,,63,2025-08-06,[],
comp_8d44e6a9384c,brokerage,sold,Sea Ray,SDX 250,2013,14.47,outboard,328,Atlantic Coast,excellent,12398.27,10842.2,30,2026-01-16,"[""radar""]",
comp_69e53ec7d154,marketplace,listing,Lund,1975 Impact,2019,21.27,outboard,280,Atlantic Coast,excellent,34260.88,,17,2024-01-03,"[""AIS"", ""solar""]",
comp_758f96bb03c1,brokerage,sold,Regal,28 Express,2002,24.04,outboard,344,Great Lakes,very_good,18476.98,17604.83,156,2023-06-09,[],
comp_14ecce667709,brokerage,sold,Formula,350 CBR,1996,43.04,inboard,459,Great Lakes,fair,70595.11,68865.45,28,2023-05-15,[],
comp_f5acc471d52e,internal_sales,listing,Grady-White,191 CE,1995,26.0,outboard,3449,Atlantic Coast,good,13907.04,,16,2023-06-07,"[""autopilot"", ""generator"", ""joystick""]",
comp_341d2c518e39,marketplace,sold,Sun Tracker,Party Barge 22 DLX,2001,22.52,outboard,664,Pacific Coast,fair,6138.28,5478.42,30,2024-12-13,"[""trailer""]",
comp_1cd30cb35f32,brokerage,sold,Bennington,22 SSB,2012,24.81,outboard,2269,Inland Lakes,excellent,21746.28,19518.64,33,2023-08-27,"[""AIS""]",
comp_eba37336ecae,brokerage,listing,Yamaha WaveRunner,FX HO,2011,11.3,jet,686,Gulf Coast,good,3626.36,,18,2025-03-23,[],
comp_d62e3fa6d898,marketplace,sold,Sea Ray,Sundancer 320,2021,21.8,outboard,268,Maritimes,poor,10637.7,9039.19,16,2023-09-28,"[""autopilot""]",
comp_23bd924ce016,marketplace,sold,Sea Ray,SLX 260,2012,26.0,outboard,471,Pacific Coast,excellent,25730.65,24071.64,104,2026-10-12,"[""autopilot"", ""solar""]",
comp_481c48233a40,marketplace,sold,Sea Ray,SDX 250,1996,39.36,sterndrive,3211,Gulf Coast,good,59406.29,53971.53,41,2025-02-26,"[""AIS""]",
comp_ce0f1355f479,internal_sales,sold,Grady-White,257 Fisherman,2005,26.0,inboard,893,Great Lakes,fair,16353.52,15014.85,298,2026-03-27,"[""joystick"", ""trailer"", ""autopilot""]",
comp_124ce837de01,marketplace,sold,Boston Whaler,170 Montauk,1999,19.56,outboard,2156,Great Lakes,good,13671.99,12227.35,16,2024-08-24,"[""radar""]",
comp_167e83d17a66,marketplace,listing,Jeanneau,Sun Odyssey 349,2013,22.49,sail_aux,584,Maritimes,fair,40923.28,,27,2023-02-16,"[""generator""]",
comp_1c1a828b5c4e,brokerage,listing,Bayliner,DX2000,1992,25.81,sterndrive,2364,Atlantic Coast,good,12951.13,,39,2023-12-14,[],
comp_ad3070dc89bd,marketplace,sold,Bennington,22 SSB,1984,21.63,outboard,4461,Inland Lakes,good,6149.96,5253.49,19,2026-11-26,"[""solar""]",
comp_bf56fef05405,brokerage,sold,Grady-White,336 Canyon,2022,13.67,inboard,66,Great Lakes,fair,13432.55,12754.42,93,2026-03-20,"[""radar"", ""autopilot"", ""joystick""]",
comp_f833aa66056f,brokerage,listing,Sea-Doo,GTI 130,2021,12.02,jet,50,Inland Lakes,good,7336.18,,130,2023-02-23,"[""solar""]",
comp_1e540af7bd14,marketplace,sold,Grady-White,336 Canyon,2011,24.23,inboard,458,Maritimes,very_good,21129.87,20005.06,98,2025-05-21,"[""solar"", ""autopilot""]",
comp_671afb63d34e,internal_sales,sold,Regal,28 Express,2011,18.56,sterndrive,2394,Maritimes,very_good,15314.9,13806.39,66,2025-11-24,"[""generator"", ""radar""]",
comp_206bd99ac5ed,marketplace,sold,Bayliner,Element M17,2007,16.64,outboard,2624,Atlantic Coast,good,9538.44,8104.84,20,2025-06-21,[],
comp_62639165e433,brokerage,sold,HarborCat,26 WB,2011,11.55,outboard,1904,Atlantic Coast,fair,10867.85,10517.5,32,2026-01-02,"[""solar"", ""generator"", ""autopilot""]",
comp_25280874729a,marketplace,listing,Lund,1875 Pro-V,2023,15.54,inboard,127,Pacific Coast,very_good,27994.12,,10,2024-09-01,"[""AIS"", ""generator""]",
comp_0424e07982c4,brokerage,sold,Sea-Doo,RXT-X 300,2022,11.69,jet,286,Gulf Coast,excellent,10167.81,9580.05,45,2024-02-07,[],
comp_6b96da173f48,marketplace,sold,Regal,26 XO,2010,25.36,outboard,362,Inland Lakes,very_good,27291.4,25100.58,16,2026-03-12,[],
comp_56ec018d7f92,marketplace,listing,Lund,1875 Pro-V,2008,25.85,outboard,2500,Inland Lakes,very_good,26366.2,,54,2023-10-23,[],
comp_aa9274734d8c,marketplace,listing,Regal,26 XO,1994,23.87,sterndrive,804,Inland Lakes,good,12524.91,,13,2025-03-10,"[""autopilot"", ""solar"", ""AIS""]",
comp_8f26ec4b2be3,marketplace,sold,HarborCat,36 Pilot,1996,18.24,inboard,2962,Gulf Coast,poor,10533.01,10204.65,32,2024-09-27,"[""trailer""]",
comp_8792906d99d6,brokerage,sold,Chaparral,21 SSI,2018,21.28,outboard,357,Inland Lakes,fair,19077.51,16407.05,25,2025-05-06,[],
comp_a1b0c497a4ee,marketplace,sold,Sea Ray,SDX 250,1972,24.31,sterndrive,866,Gulf Coast,fair,5221.15,4696.85,18,2023-12-04,"[""autopilot"", ""solar"", ""joystick""]",
comp_2e172495397b,marketplace,listing,Sun Tracker,Party Barge 22 DLX,1977,18.78,outboard,3368,Inland Lakes,good,3312.21,,90,2024-07-03,"[""trailer"", ""joystick""]",
comp_ab23eb45d608,marketplace,sold,Sun Tracker,Party Barge 22 DLX,2011,25.57,outboard,981,Great Lakes,fair,12884.55,10847.37,8,2023-09-19,"[""solar"", ""generator""]",
comp_78cb21586f62,marketplace,sold,Tiara,44 Coupe,2020,25.19,inboard,131,Inland Lakes,good,87892.34,81057.63,18,2023-08-03,"[""joystick"", ""solar""]",
comp_ce9c778c27d5,marketplace,sold,Formula,350 CBR,1983,41.1,sterndrive,1516,Pacific Coast,excellent,74944.03,65615.74,25,2026-02-07,"[""trailer""]",
comp_860a106aecaa,marketplace,sold,Boston Whaler,280 Vantage,2015,26.0,outboard,1389,Maritimes,fair,25037.89,22899.18,37,2025-11-04,"[""generator"", ""trailer""]",
comp_48e5ca1353d4,marketplace,sold,Boston Whaler,230 Outrage,2018,24.56,outboard,443,Inland Lakes,good,30756.87,26951.6,15,2024-05-25,"[""AIS"", ""generator""]",
comp_ffcc5b423dfa,brokerage,listing,Boston Whaler,230 Outrage,1992,14.2,inboard,4485,Inland Lakes,poor,3981.64,,31,2026-02-23,[],
comp_4bc82eb467ed,marketplace,sold,Sea-Doo,GTI 130,2007,11.06,jet,1892,Gulf Coast,poor,1776.92,1641.38,59,2025-05-20,"[""joystick"", ""radar"", ""generator""]",
comp_a2aa06f965a4,marketplace,sold,Lund,1650 Angler,2022,26.0,inboard,163,Pacific Coast,poor,24223.09,21614.04,20,2024-01-25,"[""solar""]",
comp_a05cbfc29251,brokerage,listing,Sea Ray,SPX 190,2016,20.54,sterndrive,144,Pacific Coast,good,18138.07,,54,2026-03-18,"[""radar"", ""generator"", ""AIS""]",
comp_9f24ce7e1d1c,marketplace,sold,Regal,28 Express,2000,24.04,outboard,206,Great Lakes,good,13471.97,11595.16,59,2023-01-26,[],
comp_d740aee4d522,brokerage,sold,Regal,26 XO,2020,14.5,outboard,277,Great Lakes,good,15485.0,14869.01,79,2026-09-03,[],
comp_14fab0144c86,marketplace,listing,Bayliner,Element M17,1969,22.69,sterndrive,4599,Pacific Coast,good,4935.9,,71,2023-10-22,"[""generator""]",
comp_f01d0dadc186,internal_sales,sold,Sun Tracker,Bass Buggy 18 DLX,2009,26.0,outboard,649,Inland Lakes,poor,8365.54,8039.14,30,2025-07-18,"[""joystick"", ""generator""]",
comp_8474f870c65a,marketplace,sold,Chaparral,280 OSX,2025,21.43,sterndrive,14,Atlantic Coast,very_good,54967.24,53145.79,40,2026-02-21,"[""generator""]",
comp_421fe49ffe64,internal_sales,sold,Carver,C40 Command Bridge,1967,37.34,inboard,1558,Pacific Coast,very_good,29991.26,26933.07,97,2023-01-20,"[""trailer""]",
comp_9d518a5659d5,marketplace,sold,Parker,2820 XLD,2011,11.87,jet,5351,Pacific Coast,fair,12841.39,12319.83,45,2026-04-09,"[""solar""]",
comp_864a9a6aee32,marketplace,sold,Bayliner,Ciera 8,2025,20.28,outboard,542,Pacific Coast,good,40285.56,36468.52,36,2025-12-11,"[""generator"", ""AIS"", ""autopilot""]",
comp_164dbdb17104,marketplace,sold,Grady-White,257 Fisherman,2005,26.0,inboard,1357,Great Lakes,fair,16225.56,14786.13,13,2026-07-25,[],
comp_f72409140dc8,marketplace,sold,Alumacraft Pro,205 Bay,2013,26.51,outboard,6097,Maritimes,fair,41371.95,37992.17,20,2025-04-26,"[""joystick"", ""solar"", ""generator""]",
comp_5fa0ab914c2c,marketplace,sold,Regal,28 Express,1991,22.11,outboard,3082,Gulf Coast,very_good,12273.76,11844.09,23,2025-07-01,"[""joystick"", ""trailer"", ""autopilot""]",
comp_ffad8640c36f,brokerage,listing,Sea-Doo,GTI 130,1975,12.24,jet,2732,Maritimes,fair,1000.0,,50,2025-12-16,"[""AIS""]",
comp_95f73062771c,marketplace,listing,Parker,2820 XLD,2006,9.99,outboard,2010,Pacific Coast,good,9403.28,,15,2025-07-02,[],
comp_78f32d3f2c71,marketplace,listing,Harris,Solstice 230,1971,25.09,outboard,851,Pacific Coast,poor,2606.33,,75,2025-05-12,"[""radar"", ""autopilot"", ""trailer""]",
comp_9c9a53a840eb,brokerage,sold,Sea Ray,SLX 260,1967,20.11,outboard,5964,Pacific Coast,poor,2063.38,1754.91,109,2026-07-17,"[""joystick""]",
comp_8f236d3da4b1,brokerage,sold,Regal,28 Express,2010,23.79,sterndrive,541,Maritimes,good,20448.61,18724.45,38,2023-04-20,"[""AIS""]",
comp_4af3c0c824c4,internal_sales,sold,Sea Ray,SPX 190,2002,23.33,sterndrive,3775,Maritimes,very_good,45251.93,39540.29,46,2025-08-03,[],
comp_1167bc0bd6d6,marketplace,sold,Bayliner,DX2000,2021,15.35,sterndrive,343,Maritimes,excellent,21655.17,18830.27,50,2024-05-27,"[""trailer""]",
comp_4c1e7867d5f7,internal_sales,sold,Bennington,22 SSB,2015,21.16,outboard,397,Great Lakes,excellent,19046.23,17145.55,78,2023-10-17,"[""trailer"", ""autopilot""]",
comp_e559f6a966b1,brokerage,sold,Bayliner,Ciera 8,1986,22.53,sterndrive,1906,Gulf Coast,fair,6636.4,5738.81,102,2024-05-08,"[""AIS"", ""solar""]",
comp_c05e4be9c47a,marketplace,sold,Bayliner,DX2000,2017,19.14,outboard,283,Maritimes,good,18172.96,15876.09,14,2026-04-09,"[""generator""]",
comp_fe9f59f5e22b,brokerage,listing,Tracker,Targa V-18,2026,21.35,outboard,41,Atlantic Coast,good,47505.24,,26,2026-06-10,"[""solar""]",
comp_6b7dff194879,marketplace,sold,Chaparral,23 SSi,2026,23.5,sterndrive,0,Inland Lakes,fair,51248.18,48443.12,8,2025-03-25,[],
comp_cc343069cf27,marketplace,sold,Beneteau,Oceanis 41.1,1996,39.44,inboard,0,Pacific Coast,good,79334.46,68868.2,28,2026-11-27,[],
comp_5db40326c068,brokerage,listing,Sun Tracker,Party Barge 22 DLX,1986,23.95,outboard,1191,Maritimes,fair,5140.67,,23,2025-04-13,"[""trailer"", ""solar""]",
comp_5076110b3683,marketplace,sold,Grady-White,257 Fisherman,2026,20.55,inboard,215,Atlantic Coast,poor,26550.38,25429.63,89,2025-07-08,"[""autopilot""]",
comp_ac98eddbf288,internal_sales,sold,Harris,Cruiser 210,2006,23.21,outboard,818,Pacific Coast,excellent,14770.78,12486.05,32,2023-02-09,"[""trailer""]",
comp_a9ee281fcf6f,marketplace,sold,Sea Ray,Sundancer 320,1990,28.68,sterndrive,820,Great Lakes,very_good,40823.53,39592.15,52,2025-01-28,[],
comp_7912883cde2a,internal_sales,sold,HarborCat,36 Pilot,1986,31.01,inboard,4643,Maritimes,very_good,32587.1,30487.87,69,2023-07-07,"[""AIS"", ""joystick"", ""radar""]",
comp_c1707f3063e1,marketplace,sold,Bennington,24 LXSB,2003,21.26,outboard,1545,Great Lakes,very_good,13507.85,12624.03,34,2026-03-07,"[""trailer"", ""AIS"", ""radar""]",
comp_725224659bb4,marketplace,sold,Regal,26 XO,2022,14.5,outboard,458,Great Lakes,poor,10403.62,8794.15,22,2024-07-03,"[""generator""]",
comp_be2c0b3aab87,marketplace,listing,Bennington,20 SVL,1981,24.98,outboard,2379,Maritimes,very_good,7333.97,,35,2025-04-08,"[""AIS"", ""radar"", ""autopilot""]",
comp_62db28e2a5a8,marketplace,listing,Harris,Cruiser 210,2009,26.59,outboard,309,Pacific Coast,good,15476.38,,26,2025-04-08,"[""joystick"", ""radar"", ""autopilot""]",
comp_8d3a54378611,marketplace,sold,Formula,290 BR,2007,42.85,sterndrive,3997,Pacific Coast,fair,91917.84,87819.07,69,2026-02-16,"[""joystick""]",
comp_8441ef520111,marketplace,listing,HarborCat,36 Pilot,2006,36.8,outboard,3413,Maritimes,fair,54463.87,,143,2026-10-06,[],
comp_ec708593ddc5,brokerage,listing,Chaparral,21 SSI,2017,22.32,sterndrive,236,Pacific Coast,good,21568.69,,33,2024-01-03,"[""radar"", ""AIS"", ""trailer""]",
comp_4049d8d65223,marketplace,sold,Chaparral,21 SSI,2005,22.77,sterndrive,900,Inland Lakes,very_good,18876.81,15928.51,15,2025-05-15,[],
comp_51e7a72660b3,marketplace,sold,Harris,Cruiser 210,1981,22.77,outboard,1696,Great Lakes,good,5064.3,4577.8,68,2024-06-24,[],
comp_2f4bb2e2b3ef,marketplace,sold,Formula,350 CBR,1997,42.44,sterndrive,1197,Gulf Coast,good,90298.86,88353.36,203,2026-07-15,[],
comp_cde9e97d908f,marketplace,sold,Bayliner,Element M17,1969,24.31,outboard,1370,Pacific Coast,very_good,5616.49,5198.67,38,2026-03-15,"[""radar"", ""solar""]",
comp_b8490594cadc,brokerage,listing,Grady-White,336 Canyon,1970,15.18,outboard,7674,Great Lakes,fair,2701.44,,24,2023-12-23,[],
comp_40cf04779291,marketplace,sold,Bayliner,Ciera 8,2015,23.89,outboard,756,Maritimes,fair,15979.9,14330.76,20,2024-08-07,[],
comp_cdacad2af1f9,marketplace,listing,Carver,C40 Command Bridge,2010,23.73,sterndrive,1477,Maritimes,good,49526.5,,23,2024-01-05,"[""AIS"", ""joystick""]",
comp_428715dff2c0,marketplace,sold,Jeanneau,Leader 10.5,2003,40.71,sail_aux,987,Great Lakes,good,94333.0,84778.45,12,2023-04-12,"[""AIS"", ""radar""]",
comp_34706f19b19e,marketplace,sold,Sun Tracker,Bass Buggy 18 DLX,2013,19.5,outboard,1517,Atlantic Coast,fair,7425.67,6431.75,66,2026-03-24,[],
comp_22459d2d9e82,marketplace,sold,Boston Whaler,230 Outrage,2012,13.93,outboard,807,Maritimes,poor,6732.53,6204.1,55,2023-10-28,"[""trailer"", ""autopilot""]",
comp_cb59e565ab0a,marketplace,listing,Grady-White,336 Canyon,1979,26.0,inboard,3025,Pacific Coast,good,8741.67,,54,2025-10-08,"[""radar"", ""autopilot""]",
comp_6dda8b2c343c,internal_sales,sold,Lund,1975 Impact,1995,26.0,outboard,1050,Maritimes,poor,8006.8,6978.41,66,2026-02-09,"[""autopilot"", ""generator"", ""joystick""]",
comp_ffd9632f36c9,marketplace,sold,Chaparral,21 SSI,1966,20.31,outboard,5174,Maritimes,excellent,5175.03,4714.84,134,2025-08-13,"[""solar"", ""AIS""]",
comp_33ee2e0c0192,marketplace,listing,Carver,C40 Command Bridge,2010,42.48,sterndrive,2955,Atlantic Coast,fair,81444.57,,20,2023-06-05,"[""autopilot"", ""radar"", ""generator""]",
comp_77d9a723ef9e,internal_sales,sold,Beneteau,Oceanis 31,2004,40.18,sail_aux,870,Gulf Coast,fair,71701.22,65436.76,38,2026-03-14,"[""AIS"", ""trailer""]",
comp_269006ac9b37,marketplace,sold,Chaparral,280 OSX,2000,12.6,outboard,1001,Inland Lakes,good,5814.88,4972.69,74,2024-11-21,"[""AIS"", ""joystick""]",
comp_d3a4aff6afaa,brokerage,sold,Tracker,Pro Team 175,1981,24.36,inboard,2904,Great Lakes,very_good,8379.69,8058.0,35,2024-01-23,"[""solar"", ""autopilot""]",
comp_baa56ea549ea,brokerage,listing,Sea Ray,SLX 260,2009,23.0,outboard,217,Gulf Coast,excellent,23447.83,,43,2023-12-03,"[""generator"", ""joystick"", ""AIS""]",
comp_543a5fecdd76,marketplace,sold,HarborCat,36 Pilot,1971,41.89,outboard,20832,Great Lakes,good,27027.38,26411.34,14,2025-10-16,"[""autopilot""]",
comp_b2a242e1cf10,marketplace,sold,Kawasaki Jet Ski,STX 160,1992,12.15,jet,568,Maritimes,good,1824.27,1755.48,69,2026-10-25,"[""generator""]",
comp_c344d7b2517f,brokerage,sold,HarborCat,36 Pilot,1996,18.58,jet,4266,Atlantic Coast,very_good,19030.95,17701.15,49,2025-07-09,"[""generator"", ""radar"", ""autopilot""]",
comp_df349636321e,marketplace,sold,Bennington,22 SSB,1983,21.63,outboard,3580,Inland Lakes,good,5598.09,4870.34,71,2026-04-24,"[""autopilot"", ""generator"", ""radar""]",
comp_fdcd342321d7,marketplace,sold,Kawasaki Jet Ski,STX 160,2000,11.84,jet,150,Atlantic Coast,fair,1720.15,1578.01,66,2025-03-11,[],
comp_a525d4bca113,brokerage,sold,Lund,1875 Pro-V,2005,26.0,outboard,3012,Atlantic Coast,very_good,18649.33,17514.95,25,2024-10-24,"[""generator"", ""autopilot""]",
comp_587521a9aa9b,marketplace,listing,Lund,1875 Pro-V,2016,25.48,inboard,387,Atlantic Coast,excellent,28457.36,,43,2025-09-12,"[""generator"", ""autopilot""]",
comp_27e738599494,brokerage,listing,Carver,C40 Command Bridge,2019,29.74,sterndrive,263,Atlantic Coast,excellent,109546.04,,344,2025-10-07,"[""AIS"", ""autopilot""]",
comp_483e9f1a59b4,marketplace,sold,Alumacraft Pro,205 Bay,1986,8.0,inboard,3746,Atlantic Coast,very_good,4501.06,4168.86,81,2025-06-11,"[""autopilot"", ""generator"", ""trailer""]",
comp_a14accff69a5,marketplace,sold,Sea Ray,SPX 190,2017,20.54,sterndrive,184,Pacific Coast,good,20837.76,18736.5,23,2025-10-19,[],
comp_075314ec505e,marketplace,sold,Boston Whaler,170 Montauk,2010,23.84,outboard,1288,Inland Lakes,good,23151.33,21348.15,166,2026-12-26,[],
comp_3417b69c8ed6,brokerage,listing,Boston Whaler,170 Montauk,2004,16.32,outboard,4882,Great Lakes,good,12703.32,,60,2025-09-09,"[""generator"", ""solar"", ""AIS""]",
comp_193f5419a9f4,marketplace,sold,Tracker,Pro Team 175,2013,14.16,inboard,475,Atlantic Coast,very_good,10068.6,9413.82,21,2024-11-06,"[""trailer"", ""AIS"", ""radar""]",
comp_2107e31b6342,brokerage,sold,Bennington,24 LXSB,1972,22.15,outboard,134,Great Lakes,very_good,4793.19,4434.38,35,2024-05-27,"[""autopilot"", ""solar"", ""radar""]",
comp_7e9952b724bb,internal_sales,listing,Chaparral,21 SSI,1967,20.31,outboard,6449,Maritimes,good,4001.37,,151,2025-12-19,"[""generator"", ""radar""]",
comp_e866b5d05b1a,marketplace,listing,Grady-White,191 CE,2001,12.08,inboard,3171,Atlantic Coast,very_good,6216.27,,30,2024-11-21,"[""trailer"", ""joystick""]",
comp_c3e0b11ae05c,brokerage,listing,Sea Ray,SDX 250,2016,26.0,sterndrive,706,Great Lakes,poor,15438.88,,35,2025-12-11,"[""joystick"", ""radar"", ""trailer""]",
comp_0a9b4534720b,marketplace,sold,Kawasaki Jet Ski,Ultra 310LX,2006,10.64,jet,1089,Pacific Coast,good,2188.25,1975.14,17,2025-10-25,"[""radar"", ""joystick"", ""autopilot""]",
comp_bc2b13899c66,marketplace,sold,Grady-White,191 CE,2011,21.09,outboard,1885,Maritimes,fair,15252.99,13503.59,38,2023-07-18,"[""trailer"", ""AIS"", ""radar""]",
comp_a50cbf095a4e,brokerage,sold,Jeanneau,Sun Odyssey 349,2005,36.77,sail_aux,240,Gulf Coast,poor,46485.63,41699.68,53,2025-12-18,"[""autopilot"", ""radar""]",
comp_51a972f4d5f7,marketplace,listing,Boston Whaler,280 Vantage,2023,17.55,inboard,131,Gulf Coast,fair,26697.62,,51,2026-06-25,"[""autopilot"", ""trailer"", ""radar""]",
comp_d6abe66307fa,marketplace,sold,Chaparral,280 OSX,2023,20.0,sterndrive,59,Gulf Coast,excellent,36133.55,30819.63,56,2023-08-18,"[""solar"", ""joystick""]",
comp_56ddfec8db04,marketplace,sold,Formula,350 CBR,2025,24.84,inboard,132,Gulf Coast,excellent,147087.38,135380.61,37,2025-01-11,"[""radar""]",
comp_020f5c68fde3,brokerage,sold,Tiara,38 LS,2007,48.95,inboard,369,Pacific Coast,good,122006.08,104179.22,43,2026-07-11,"[""generator""]",
comp_516b6b08e3f7,marketplace,listing,Carver,C40 Command Bridge,2022,32.28,sterndrive,453,Maritimes,very_good,134564.49,,107,2023-02-24,"[""trailer""]",
comp_96f059bd2d45,brokerage,sold,Tiara,44 Coupe,2019,37.81,inboard,693,Great Lakes,excellent,172969.66,149606.62,27,2023-08-13,"[""generator""]",
comp_448adea7bc41,brokerage,sold,Bennington,20 SVL,2026,23.68,outboard,258,Inland Lakes,good,51431.07,49976.49,28,2024-12-15,"[""joystick"", ""solar"", ""AIS""]",
comp_6d2ef708bc5c,marketplace,sold,Sea Ray,Sundancer 320,2007,18.25,sterndrive,2167,Maritimes,fair,10008.95,9493.52,32,2026-05-25,"[""autopilot""]",
comp_c1d748802122,brokerage,listing,Jeanneau,Leader 10.5,1968,24.6,inboard,1125,Pacific Coast,good,23727.16,,22,2026-11-18,[],
comp_7db1f354e95a,marketplace,listing,Boston Whaler,280 Vantage,1973,19.24,outboard,4100,Gulf Coast,good,5700.64,,29,2025-05-11,"[""trailer"", ""generator"", ""AIS""]",
comp_4d3926808f54,brokerage,sold,Sea Ray,SLX 260,2018,16.44,sterndrive,523,Gulf Coast,good,16136.31,14426.57,35,2023-11-08,"[""solar"", ""joystick"", ""AIS""]",
comp_76e2ae878cfb,marketplace,sold,Jeanneau,Sun Odyssey 349,2009,41.18,sail_aux,1334,Atlantic Coast,good,92031.73,88023.31,216,2025-10-26,"[""autopilot"", ""generator"", ""radar""]",
comp_c41b0b79a8b2,marketplace,sold,Carver,C34 Coupe,1996,34.37,sterndrive,2647,Maritimes,good,62601.83,57697.06,49,2023-02-18,"[""trailer"", ""solar""]",
comp_b997fb33f1c8,marketplace,sold,Sea Ray,SDX 250,1973,24.31,sterndrive,803,Gulf Coast,good,6231.48,5412.6,69,2023-01-21,[],
comp_c826e3f80280,brokerage,sold,Hunter,36,1991,27.97,sail_aux,820,Maritimes,poor,19444.77,17463.2,17,2026-12-22,[],
comp_2bc414492b77,brokerage,listing,Tiara,38 LS,1980,26.56,sterndrive,5463,Gulf Coast,very_good,30155.68,,57,2026-07-01,[],
comp_43246d259fc5,brokerage,sold,Regal,28 Express,1982,19.4,outboard,7743,Gulf Coast,fair,5356.6,5101.89,11,2023-04-02,"[""radar""]",
comp_df6b952c2401,marketplace,listing,Regal,28 Express,1982,20.46,sterndrive,2887,Great Lakes,excellent,7500.81,,14,2024-11-28,"[""AIS"", ""generator""]",
comp_dadd988fcea8,internal_sales,sold,Lund,1975 Impact,2012,22.68,inboard,718,Maritimes,fair,13881.45,13601.78,15,2026-04-27,"[""radar"", ""solar"", ""AIS""]",
comp_ee3ffe275558,marketplace,listing,Sun Tracker,Bass Buggy 18 DLX,2020,25.56,outboard,1150,Great Lakes,poor,12202.19,,67,2024-06-26,"[""solar""]",
comp_f9dd85189bb6,marketplace,listing,Sea Ray,SLX 260,2018,50.2,sterndrive,1562,Atlantic Coast,fair,126955.94,,23,2025-06-12,"[""joystick"", ""trailer"", ""autopilot""]",
comp_fbd87d6e5ba5,marketplace,listing,Boston Whaler,280 Vantage,1988,25.77,outboard,1765,Great Lakes,fair,10666.72,,55,2025-04-21,"[""solar"", ""generator""]",
comp_16175c1c6229,marketplace,sold,Sun Tracker,Party Barge 22 DLX,1999,22.9,outboard,458,Maritimes,poor,5130.6,4824.26,11,2023-10-27,"[""radar"", ""autopilot""]",
comp_4f62656010b6,marketplace,sold,Carver,C40 Command Bridge,2001,30.53,inboard,3675,Great Lakes,very_good,57618.19,49567.51,100,2023-07-21,"[""solar""]",
comp_08640be4fc2a,marketplace,sold,Boston Whaler,230 Outrage,1989,19.34,inboard,8472,Atlantic Coast,very_good,9603.8,8280.8,68,2024-01-27,[],
comp_358699729a49,marketplace,sold,Sun Tracker,Bass Buggy 18 DLX,2026,18.72,outboard,99,Inland Lakes,fair,23256.19,22233.23,63,2023-09-08,"[""trailer"", ""radar"", ""AIS""]",
comp_44438b46b3c9,brokerage,sold,Lund,1975 Impact,1980,24.69,outboard,1629,Great Lakes,excellent,9425.29,8583.73,84,2025-06-22,"[""generator"", ""radar"", ""joystick""]",
comp_ec94a04141a6,brokerage,sold,Harris,Cruiser 210,2026,24.53,outboard,0,Pacific Coast,good,43005.17,37416.87,30,2023-09-27,[],
comp_69037885d69d,brokerage,sold,Bayliner,DX2000,2007,24.86,sterndrive,1156,Gulf Coast,good,15921.05,14696.93,33,2023-04-14,[],
comp_aba242d810b4,marketplace,sold,Sea Ray,SLX 260,1987,26.0,outboard,1377,Gulf Coast,good,10011.59,9380.33,53,2026-01-16,"[""autopilot"", ""trailer""]",
comp_24b7f502fb54,internal_sales,sold,Regal,26 XO,1998,19.65,outboard,572,Pacific Coast,fair,7686.95,7362.44,45,2023-02-06,"[""solar""]",
comp_b4de742f9f94,brokerage,sold,Jeanneau,Sun Odyssey 349,1982,36.27,inboard,1661,Great Lakes,good,47758.43,41714.96,31,2025-06-22,"[""AIS"", ""joystick"", ""radar""]",
comp_a6feca0bd74f,marketplace,sold,Lund,1975 Impact,1982,24.69,outboard,3225,Great Lakes,very_good,9503.21,9114.23,197,2024-07-25,"[""radar"", ""autopilot"", ""solar""]",
comp_193ce0a4f6b4,brokerage,listing,Jeanneau,Leader 10.5,2007,35.86,sail_aux,429,Gulf Coast,good,57957.07,,97,2025-07-10,"[""AIS"", ""solar""]",
comp_cae6f0351f55,brokerage,sold,Beneteau,First 27,2006,15.66,inboard,1636,Pacific Coast,poor,15704.38,13426.17,20,2024-12-07,[],
comp_0330f55b638c,marketplace,sold,Bayliner,DX2000,1998,12.29,sterndrive,672,Great Lakes,good,5224.1,4601.74,29,2025-09-17,"[""joystick""]",
comp_047ee3028c43,internal_sales,sold,Tiara,38 LS,2007,54.85,sterndrive,2371,Inland Lakes,good,147143.1,132715.27,89,2025-05-20,"[""generator"", ""joystick"", ""trailer""]",
comp_d4f9e5aa56f4,marketplace,sold,Catalina,445,2012,26.34,sail_aux,441,Atlantic Coast,good,55476.44,50533.54,45,2023-07-22,[],
comp_f35df00650ed,brokerage,sold,Boston Whaler,230 Outrage,1989,23.14,inboard,23326,Gulf Coast,good,11899.73,10267.01,47,2025-08-12,"[""joystick"", ""solar""]",
comp_3882ba3ff2c2,marketplace,listing,Tracker,Pro Team 175,2009,24.21,outboard,673,Pacific Coast,good,19706.68,,83,2025-10-02,"[""joystick"", ""trailer"", ""radar""]",
comp_67d353de4b42,brokerage,sold,Tracker,Targa V-18,2012,20.7,outboard,754,Gulf Coast,fair,14267.43,13027.61,57,2024-04-23,[],
comp_e2e51715ae2d,marketplace,sold,Bennington,20 SVL,1990,19.63,outboard,1953,Gulf Coast,good,6647.86,5942.48,11,2025-02-21,[],
comp_5ccc8b2746f9,brokerage,sold,Tiara,44 Coupe,2025,32.54,inboard,143,Gulf Coast,good,207035.52,178795.69,32,2024-09-13,"[""AIS"", ""solar"", ""generator""]",
comp_32ef74e09394,marketplace,sold,Grady-White,336 Canyon,2003,20.37,outboard,2281,Gulf Coast,good,12719.78,11889.34,32,2025-11-06,"[""autopilot"", ""AIS"", ""solar""]",
comp_7c7ac9393acf,marketplace,sold,Yamaha WaveRunner,VX Cruiser,2017,11.11,jet,483,Gulf Coast,poor,2877.02,2562.32,104,2023-09-22,"[""radar""]",
comp_27c7761789e6,marketplace,listing,Lund,1650 Angler,2001,14.79,inboard,1581,Pacific Coast,excellent,8491.18,,46,2026-08-22,[],
comp_528c63e08097,marketplace,sold,Bayliner,DX2000,2011,26.0,outboard,173,Great Lakes,poor,12824.2,11276.52,75,2024-05-11,"[""solar"", ""joystick"", ""autopilot""]",
comp_81a104849fd8,marketplace,sold,Lund,1650 Angler,2007,14.79,inboard,2139,Pacific Coast,very_good,10910.28,9688.54,63,2024-12-20,[],
comp_3b854ff98d87,marketplace,sold,Sun Tracker,Bass Buggy 18 DLX,2014,22.83,outboard,680,Gulf Coast,good,14764.96,12551.9,19,2023-01-04,"[""radar"", ""autopilot""]",
comp_e3b3cac9abb4,internal_sales,listing,Regal,26 XO,1996,19.21,sterndrive,2650,Great Lakes,good,10001.86,,26,2023-02-17,"[""autopilot"", ""generator"", ""joystick""]",
comp_0ab5b30c0c48,marketplace,sold,Boston Whaler,230 Outrage,1980,16.98,inboard,2402,Pacific Coast,fair,3066.28,2837.81,50,2026-05-04,[],
comp_fb9efb17f073,marketplace,sold,Bayliner,Ciera 8,2022,17.82,sterndrive,367,Inland Lakes,excellent,29791.67,26351.78,67,2024-07-23,"[""trailer"", ""autopilot""]",
comp_a4384840d080,internal_sales,sold,Tracker,Targa V-18,1976,24.59,inboard,2169,Atlantic Coast,poor,3518.83,3361.22,23,2024-07-23,"[""trailer"", ""solar""]",
comp_7fe4b260900e,brokerage,sold,Boston Whaler,230 Outrage,2015,26.0,outboard,629,Maritimes,fair,24545.67,21576.96,23,2025-08-18,"[""radar"", ""joystick""]",
comp_fdaa5c959165,brokerage,sold,Parker,2820 XLD,2013,17.51,outboard,1353,Great Lakes,fair,25879.83,22761.48,25,2023-01-25,[],
comp_398afc1d4e94,brokerage,sold,Harris,Solstice 230,1966,22.0,outboard,2770,Atlantic Coast,excellent,4074.56,3764.22,98,2023-04-04,"[""solar"", ""AIS""]",
comp_b2b579f878ec,marketplace,listing,Chaparral,23 SSi,2005,25.09,sterndrive,1324,Atlantic Coast,very_good,17460.41,,53,2024-05-08,[],
comp_9bfa38879b36,internal_sales,sold,Sun Tracker,Bass Buggy 18 DLX,2006,22.51,outboard,255,Gulf Coast,good,11239.32,11007.46,15,2023-09-23,[],
comp_d6f28e3302d7,marketplace,listing,Bayliner,Ciera 8,2008,24.41,outboard,730,Inland Lakes,good,16904.33,,14,2023-01-24,[],
comp_ad148c26882e,brokerage,sold,Bayliner,DX2000,2019,24.64,outboard,803,Maritimes,good,24169.36,23000.13,43,2025-02-07,[],
comp_58f1207842a6,marketplace,listing,Formula,290 BR,1985,23.42,sterndrive,11688,Maritimes,very_good,32386.89,,85,2025-10-20,[],
comp_9c855a7e102a,brokerage,sold,Hunter,36,1995,27.97,sail_aux,1426,Maritimes,good,37979.39,34838.84,160,2024-04-21,"[""joystick"", ""AIS"", ""autopilot""]",
comp_bf7aeef49e05,marketplace,sold,Bayliner,DX2000,2023,18.85,outboard,49,Inland Lakes,good,26726.11,26091.39,131,2023-04-05,"[""solar""]",
comp_fb9fea4d967b,marketplace,sold,Sea Ray,SPX 190,2018,23.13,outboard,438,Pacific Coast,very_good,25208.44,22857.61,17,2026-10-13,"[""joystick"", ""autopilot"", ""trailer""]",
comp_a9da1ce23c29,marketplace,sold,Lund,1650 Angler,2014,23.64,inboard,657,Inland Lakes,fair,16583.55,14520.79,15,2026-07-14,[],
comp_250337d2c713,brokerage,listing,Formula,350 CBR,2019,43.56,inboard,533,Inland Lakes,good,187006.25,,69,2023-02-04,"[""solar""]",
comp_e0a7f0866d2f,marketplace,sold,Sea Ray,SDX 250,1985,19.49,outboard,5961,Pacific Coast,good,6273.69,5612.96,33,2024-11-28,"[""trailer""]",
comp_c6e00f26f78e,brokerage,sold,SafeBoat,25 Defender,2001,37.94,inboard,3530,Atlantic Coast,good,61819.3,58867.84,77,2025-05-23,"[""AIS""]",
comp_5224261e104a,internal_sales,sold,Sun Tracker,Party Barge 22 DLX,1994,26.0,outboard,6874,Pacific Coast,good,8032.52,6975.25,14,2025-08-17,"[""radar"", ""AIS"", ""autopilot""]",
comp_fb1c916aca65,internal_sales,sold,Regal,26 XO,2008,20.61,sterndrive,1637,Inland Lakes,poor,9487.98,8526.23,13,2025-12-14,"[""generator"", ""autopilot"", ""AIS""]",
comp_4200323eb3e6,brokerage,listing,Tracker,Pro Team 175,2024,21.0,inboard,334,Maritimes,good,33258.65,,28,2023-07-01,"[""generator"", ""solar""]",
comp_381d3a0526a3,marketplace,listing,Bennington,20 SVL,2007,26.0,outboard,1895,Inland Lakes,good,16617.8,,73,2025-12-05,"[""radar"", ""autopilot""]",
comp_24446fc300a8,marketplace,sold,Bayliner,DX2000,1992,20.95,sterndrive,1644,Inland Lakes,good,9477.2,8285.72,20,2023-05-19,"[""radar""]",
comp_5a56227f9a45,brokerage,listing,Alumacraft Pro,205 Bay,2020,40.52,outboard,1051,Gulf Coast,very_good,158572.72,,57,2023-02-10,"[""radar"", ""generator""]",
comp_f12abbb47d1f,marketplace,listing,Tiara,44 Coupe,1984,48.14,sterndrive,642,Pacific Coast,good,82524.63,,38,2025-09-11,"[""trailer"", ""autopilot"", ""joystick""]",
comp_0db8d737b70d,marketplace,sold,Boston Whaler,170 Montauk,2014,25.45,inboard,621,Pacific Coast,very_good,31634.23,29626.06,15,2025-10-18,"[""joystick"", ""AIS"", ""radar""]",
comp_58b81fc0fd89,brokerage,listing,Tracker,Pro Team 175,2021,26.0,inboard,204,Gulf Coast,good,34451.04,,56,2023-09-22,"[""generator""]",
comp_2b2aadd398d8,marketplace,listing,Tracker,Targa V-18,2017,19.38,inboard,597,Great Lakes,good,16684.33,,90,2025-02-20,"[""joystick"", ""trailer""]",
comp_f1ce1bab0491,marketplace,sold,Sun Tracker,Bass Buggy 18 DLX,1988,23.43,outboard,1211,Pacific Coast,very_good,6614.01,6030.23,24,2024-12-15,"[""trailer"", ""solar""]",
comp_a7e4903edc5b,marketplace,listing,Lund,1975 Impact,2017,26.0,outboard,1230,Pacific Coast,fair,25757.61,,46,2024-10-24,"[""generator"", ""trailer"", ""solar""]",
comp_e65240daf51d,marketplace,sold,Sea Ray,SLX 260,2026,40.82,inboard,0,Great Lakes,good,288905.09,282575.08,68,2025-01-21,"[""joystick"", ""radar"", ""solar""]",
comp_2558fa752975,internal_sales,sold,Hunter,31,1970,25.42,sail_aux,1614,Maritimes,fair,14428.97,13522.59,48,2025-09-01,"[""joystick""]",
comp_2762c2ad15bb,internal_sales,sold,Formula,290 BR,1967,35.35,sterndrive,2551,Gulf Coast,fair,24598.49,20740.3,70,2023-01-05,"[""joystick""]",
comp_b864b2dfd1bc,brokerage,sold,Yamaha WaveRunner,VX Cruiser,2009,11.8,jet,272,Gulf Coast,good,3338.32,3107.66,44,2026-07-16,"[""joystick"", ""AIS"", ""generator""]",
comp_0a16cbaaaea0,internal_sales,listing,Alumacraft Pro,Trophy 195,2005,38.84,inboard,2746,Maritimes,good,63099.84,,58,2023-02-27,"[""solar"", ""radar""]",
comp_d3b3c9c1e23f,brokerage,sold,Sun Tracker,Party Barge 22 DLX,2026,26.0,outboard,0,Pacific Coast,very_good,50624.34,42890.59,13,2024-03-14,[],
comp_d39f012374a0,marketplace,sold,Sun Tracker,Bass Buggy 18 DLX,2005,22.22,outboard,577,Maritimes,very_good,11487.61,9837.12,62,2025-10-17,[],
comp_f79ab904df99,marketplace,sold,Bayliner,VR5,2012,19.61,sterndrive,369,Inland Lakes,fair,12357.61,10826.28,14,2026-09-05,"[""joystick"", ""solar""]",
comp_cec2963a1edf,brokerage,sold,Lund,1650 Angler,2026,26.0,inboard,141,Pacific Coast,very_good,90343.56,87608.43,74,2026-12-02,[],
comp_4c79d8103ae2,marketplace,listing,Sea Ray,SLX 260,1991,38.28,sterndrive,2807,Great Lakes,very_good,73471.95,,65,2024-01-18,"[""radar"", ""joystick"", ""autopilot""]",
comp_6286d70f53b5,marketplace,sold,Beneteau,Oceanis 41.1,2011,23.66,sail_aux,2052,Inland Lakes,fair,39724.62,34893.22,65,2026-12-20,[],
comp_b31e26c173cd,brokerage,listing,Regal,LS4,2007,21.56,outboard,537,Great Lakes,fair,14418.62,,44,2026-06-05,"[""AIS"", ""autopilot"", ""joystick""]",
comp_4a329072db7c,brokerage,sold,Regal,28 Express,1991,20.32,outboard,496,Pacific Coast,very_good,10747.87,9317.51,66,2026-02-01,"[""autopilot"", ""joystick""]",
comp_10609b0a36a2,internal_sales,sold,Chaparral,21 SSI,1986,19.37,sterndrive,3114,Pacific Coast,fair,5397.67,5011.53,34,2025-10-17,[],
comp_27f19eb47108,brokerage,sold,Chaparral,23 SSi,2003,18.29,sterndrive,773,Gulf Coast,fair,9799.99,8893.5,20,2023-08-21,"[""autopilot""]",
comp_cc88cca6adf8,marketplace,listing,Lund,1650 Angler,1979,17.27,outboard,1397,Pacific Coast,excellent,5460.35,,68,2025-09-07,"[""AIS"", ""radar"", ""solar""]",
comp_bc127211165e,brokerage,sold,Tiara,38 LS,1986,11.29,inboard,3704,Atlantic Coast,good,10404.78,10038.83,42,2023-02-19,"[""autopilot"", ""joystick"", ""radar""]",
comp_342ba3e51318,marketplace,sold,Grady-White,191 CE,1986,16.52,outboard,2904,Atlantic Coast,excellent,7376.87,7046.0,123,2023-12-22,"[""radar""]",
comp_fe699feb881b,brokerage,sold,Harris,Solstice 230,1968,23.13,outboard,3878,Great Lakes,good,3527.35,3317.39,13,2026-01-12,[],
comp_3538d5a83cab,internal_sales,sold,Formula,290 BR,2005,41.36,inboard,464,Inland Lakes,very_good,120951.85,116600.22,77,2025-07-20,"[""autopilot""]",
comp_a29d552acf7d,internal_sales,sold,SafeBoat,25 Defender,2016,19.75,inboard,4976,Inland Lakes,very_good,37038.22,36046.57,35,2025-01-08,"[""generator"", ""joystick""]",
comp_f6a8fb098139,internal_sales,sold,Lund,1975 Impact,1992,21.26,outboard,4489,Atlantic Coast,good,8708.85,8459.4,16,2026-08-15,[],
comp_0f134758f42d,internal_sales,listing,Sea Ray,SPX 190,2021,41.09,sterndrive,109,Atlantic Coast,good,170708.61,,23,2025-02-04,[],
comp_b1a0c57543b4,marketplace,sold,Sea Ray,Sundancer 320,2026,27.6,inboard,156,Pacific Coast,good,154242.41,149412.32,47,2025-07-22,"[""generator"", ""autopilot""]",
comp_43361a2f59d0,marketplace,sold,Sea Ray,SPX 190,2016,40.71,inboard,538,Gulf Coast,excellent,132413.34,116326.98,26,2024-02-09,"[""solar"", ""generator"", ""AIS""]",
comp_380fba05879a,marketplace,sold,Chaparral,280 OSX,2015,22.31,sterndrive,490,Atlantic Coast,excellent,21833.51,20749.91,31,2025-06-08,"[""autopilot"", ""trailer"", ""radar""]",
comp_7b660538c16e,marketplace,sold,Bayliner,Element M17,1975,16.04,outboard,925,Atlantic Coast,fair,2601.12,2434.73,19,2025-11-07,"[""trailer"", ""AIS"", ""solar""]",
comp_dcc379df2dda,brokerage,sold,Bennington,24 LXSB,1980,18.04,outboard,1367,Gulf Coast,good,4352.23,3889.37,55,2024-01-13,"[""joystick""]",
comp_d82aeb379ab4,marketplace,listing,Sun Tracker,Bass Buggy 18 DLX,1985,25.67,outboard,1096,Great Lakes,poor,3676.49,,52,2026-04-02,[],
comp_c5881bee5123,internal_sales,sold,Regal,26 XO,2020,14.5,outboard,422,Great Lakes,good,16197.65,14542.98,19,2026-05-21,"[""radar"", ""joystick""]",
comp_638e7d2cb4e3,brokerage,sold,Chaparral,23 SSi,2005,25.11,sterndrive,637,Great Lakes,very_good,21308.33,19954.1,25,2026-11-25,[],
comp_d98a726cec88,internal_sales,sold,Beneteau,Oceanis 31,2003,40.18,sail_aux,540,Gulf Coast,good,94921.96,85320.22,83,2024-05-12,"[""trailer"", ""joystick""]",
comp_ab7bc6a90a45,marketplace,listing,Alumacraft Pro,Trophy 195,2016,18.84,inboard,2112,Maritimes,good,30967.15,,178,2023-07-11,[],
comp_b2f689152139,marketplace,listing,Harris,Solstice 230,2011,28.65,outboard,306,Maritimes,good,17689.56,,20,2025-06-23,"[""generator""]",
comp_2dac8213ece6,marketplace,sold,Sun Tracker,Party Barge 22 DLX,2012,23.92,outboard,1013,Inland Lakes,fair,9633.41,8261.43,238,2024-12-23,"[""solar"", ""AIS""]",
comp_91cbf3b4edd2,brokerage,sold,Sun Tracker,Party Barge 22 DLX,2010,23.94,outboard,303,Atlantic Coast,excellent,13895.05,11967.22,42,2024-03-18,"[""solar""]",
comp_65c4ffad14c0,brokerage,sold,Bayliner,Element M17,2022,16.8,sterndrive,503,Maritimes,very_good,21208.17,19953.22,27,2026-09-26,"[""AIS""]",
comp_2e990bbf9dfa,marketplace,listing,Bennington,24 LXSB,2026,25.3,outboard,69,Inland Lakes,fair,43047.58,,74,2023-07-25,"[""joystick"", ""radar""]",
comp_41c1e86604a8,marketplace,sold,Hunter,31,2013,24.67,inboard,267,Gulf Coast,good,45467.14,43503.52,56,2026-07-05,"[""autopilot"", ""generator""]",
comp_8ee274808feb,brokerage,sold,Beneteau,Oceanis 41.1,1994,33.33,inboard,402,Atlantic Coast,good,58341.67,54189.41,77,2024-05-08,[],
comp_e680858ac18e,marketplace,sold,Bayliner,VR5,2015,25.73,sterndrive,1501,Pacific Coast,fair,19003.29,16563.2,43,2025-03-25,"[""AIS""]",
comp_11e11ae88f52,marketplace,listing,Bayliner,Element M17,2004,15.6,outboard,1008,Gulf Coast,good,7864.86,,17,2024-12-24,"[""joystick"", ""trailer"", ""radar""]",
comp_682efddd563a,brokerage,sold,Jeanneau,Sun Odyssey 349,2012,44.45,sail_aux,743,Atlantic Coast,poor,72763.75,67238.51,86,2023-04-11,"[""autopilot"", ""joystick""]",
comp_0af61237b5bf,marketplace,listing,Tracker,Targa V-18,2026,20.26,inboard,95,Pacific Coast,good,52659.0,,33,2023-06-18,[],
comp_55b8367b9565,marketplace,sold,Lund,1975 Impact,2003,26.0,outboard,945,Great Lakes,good,16701.61,16107.9,27,2026-06-13,"[""AIS""]",
comp_4513a250035f,marketplace,sold,Regal,LS4,2022,26.0,sterndrive,241,Pacific Coast,good,41385.53,36887.19,161,2026-11-04,"[""trailer"", ""radar""]",
comp_80b3fcfdcf9c,brokerage,sold,Regal,26 XO,2006,22.89,sterndrive,930,Maritimes,good,17918.65,15544.79,48,2024-01-23,"[""radar""]",
comp_cbd8e75baff1,brokerage,sold,Sea Ray,SDX 250,1974,17.14,sterndrive,2975,Inland Lakes,good,4374.15,4167.25,58,2024-01-27,"[""generator"", ""AIS"", ""joystick""]",
comp_cf00ec6426a5,brokerage,sold,Bennington,24 LXSB,1997,18.08,outboard,926,Gulf Coast,good,7771.46,6656.05,13,2024-12-26,"[""solar"", ""autopilot""]",
comp_3dcf0bb87b85,marketplace,sold,Lund,1875 Pro-V,2006,19.89,outboard,2027,Great Lakes,very_good,17711.16,15947.7,57,2025-09-16,"[""trailer"", ""AIS"", ""joystick""]",
comp_92bbcef70eb8,marketplace,sold,Boston Whaler,280 Vantage,2023,10.03,outboard,285,Gulf Coast,good,13297.05,11915.83,22,2025-10-13,[],
comp_9e9f85fd906a,marketplace,sold,Beneteau,Oceanis 41.1,2003,36.23,inboard,0,Atlantic Coast,very_good,80564.14,77775.75,31,2023-08-19,"[""joystick"", ""solar"", ""trailer""]",
comp_0012490cdc81,brokerage,sold,Lund,1650 Angler,1987,26.0,outboard,2122,Inland Lakes,fair,9539.2,9242.81,15,2026-09-28,"[""radar"", ""generator""]",
comp_d414607328e7,brokerage,sold,Carver,C34 Coupe,1995,31.31,inboard,6785,Gulf Coast,very_good,52817.05,47829.7,84,2025-04-26,"[""autopilot""]",
comp_96b46e02e2bd,brokerage,sold,Bayliner,VR5,2023,16.5,sterndrive,175,Great Lakes,very_good,27271.31,26608.01,17,2023-06-22,"[""trailer""]",
comp_d1ded0536dfa,internal_sales,sold,Bennington,20 SVL,2007,26.0,outboard,1394,Great Lakes,very_good,19363.91,18670.63,76,2025-09-16,"[""AIS"", ""joystick"", ""radar""]",
comp_50d29b9ece6f,internal_sales,listing,Chaparral,280 OSX,2025,21.43,sterndrive,28,Atlantic Coast,very_good,48855.28,,164,2025-04-24,"[""generator"", ""joystick""]",
comp_21943e9584d7,marketplace,listing,Harris,Solstice 230,2002,24.68,outboard,643,Great Lakes,fair,10293.92,,106,2024-10-25,[],
comp_e9e62c6ece65,marketplace,listing,Grady-White,336 Canyon,1984,23.71,inboard,3758,Inland Lakes,fair,7060.51,,87,2026-04-04,[],
comp_f733091537bc,brokerage,sold,Beneteau,First 27,2013,19.87,inboard,469,Atlantic Coast,fair,34731.3,32326.54,75,2026-09-08,"[""autopilot"", ""generator"", ""radar""]",
comp_a4732961341d,internal_sales,sold,HarborCat,36 Pilot,2023,41.76,jet,269,Great Lakes,very_good,176291.42,151106.45,25,2023-12-26,"[""solar"", ""joystick"", ""generator""]",
comp_da9d04b50fc6,brokerage,sold,Harris,Solstice 230,2020,26.0,outboard,99,Gulf Coast,good,26283.99,24927.33,92,2025-02-17,[],
comp_182cbd62d2f7,brokerage,sold,Tracker,Targa V-18,1972,26.0,inboard,1976,Pacific Coast,fair,5695.95,5395.26,23,2026-05-24,"[""AIS""]",
comp_5e368a3320ae,brokerage,sold,Sun Tracker,Party Barge 22 DLX,2009,25.63,outboard,966,Atlantic Coast,very_good,16191.85,15483.16,12,2026-11-09,"[""solar""]",
comp_12db5508add6,brokerage,listing,Chaparral,21 SSI,2026,24.28,sterndrive,53,Atlantic Coast,fair,53096.8,,67,2026-12-08,"[""AIS"", ""solar"", ""generator""]",
comp_a9eb26d90705,marketplace,listing,Bayliner,VR5,2014,25.73,sterndrive,1492,Pacific Coast,good,23100.61,,529,2024-12-14,"[""generator"", ""trailer"", ""solar""]",
comp_60ef20b1ffe9,brokerage,listing,Sun Tracker,Bass Buggy 18 DLX,1964,19.21,outboard,4844,Great Lakes,poor,1269.57,,117,2024-02-20,"[""radar"", ""joystick""]",
comp_2827b006ee71,marketplace,sold,Harris,Solstice 230,1993,19.1,outboard,538,Great Lakes,good,5659.8,4935.76,33,2024-11-10,"[""joystick"", ""generator"", ""radar""]",
comp_fd663f6a8599,brokerage,sold,Sea Ray,SPX 190,1999,18.14,outboard,2045,Maritimes,good,9834.88,8941.46,28,2026-04-28,"[""AIS""]",
comp_148a69b85975,brokerage,listing,Grady-White,191 CE,1970,25.1,outboard,3415,Inland Lakes,good,7289.37,,32,2026-10-10,[],
comp_3ce2a8b252ed,brokerage,listing,Chaparral,21 SSI,2010,23.46,outboard,401,Great Lakes,very_good,21762.9,,45,2025-05-24,"[""radar""]",
comp_0a201884643b,marketplace,sold,Sea Ray,SLX 260,1988,26.66,inboard,4832,Atlantic Coast,fair,25859.58,23697.99,45,2024-07-06,"[""solar""]",
comp_408aa630bdbe,marketplace,sold,Bayliner,Ciera 8,1973,25.33,sterndrive,991,Maritimes,good,6691.23,6326.28,91,2026-04-27,"[""radar"", ""AIS"", ""joystick""]",
comp_0b7bd5461c47,internal_sales,sold,Tracker,Grizzly 1860,2013,25.98,inboard,750,Maritimes,very_good,26381.95,22996.93,64,2023-03-16,[],
comp_b19ee2439fdc,marketplace,sold,Sea-Doo,GTI 130,1989,10.93,jet,682,Maritimes,fair,1203.84,1055.65,48,2024-03-08,"[""solar"", ""generator"", ""AIS""]",
comp_14164f1e8f47,marketplace,sold,Jeanneau,Sun Odyssey 349,2016,20.25,inboard,185,Great Lakes,good,43878.12,36986.76,124,2024-04-25,[],
comp_a7c34385f0ac,marketplace,listing,Bennington,24 LXSB,1979,18.04,outboard,859,Gulf Coast,good,4253.95,,55,2024-12-19,[],
comp_8c3955eb2ec3,brokerage,sold,Formula,290 BR,2004,28.95,inboard,1341,Atlantic Coast,fair,52610.94,46761.05,52,2025-10-20,"[""solar"", ""autopilot""]",
comp_01ea317ff650,internal_sales,sold,Catalina,275 Sport,2000,29.5,sail_aux,0,Gulf Coast,good,42378.8,40400.58,75,2023-01-02,[],
comp_80440b68ae94,marketplace,listing,Carver,C34 Coupe,2024,34.55,sterndrive,132,Gulf Coast,good,148210.21,,32,2025-04-20,"[""trailer"", ""joystick"", ""AIS""]",
comp_113b187997a3,brokerage,sold,Sea Ray,Sundancer 320,2020,30.82,sterndrive,192,Atlantic Coast,very_good,109026.65,101093.32,43,2023-10-10,"[""radar"", ""generator""]",
comp_14410d81c522,marketplace,sold,Grady-White,191 CE,1994,25.76,outboard,5905,Maritimes,good,15160.01,13930.04,71,2026-11-24,"[""generator""]",
comp_32e0df7e8b74,brokerage,sold,Bayliner,VR5,2023,19.21,outboard,740,Inland Lakes,poor,13247.32,11507.85,5,2026-02-06,"[""trailer"", ""radar"", ""joystick""]",
comp_da1f973cfecd,internal_sales,sold,Harris,Cruiser 210,2014,17.66,outboard,410,Maritimes,very_good,9960.51,8412.26,55,2024-10-14,"[""joystick""]",
comp_b9ea4dd6993b,marketplace,listing,Bayliner,Element M17,2010,19.98,sterndrive,141,Inland Lakes,very_good,16800.75,,103,2026-09-18,"[""trailer"", ""joystick"", ""AIS""]",
comp_37b4d31e5ed1,marketplace,sold,Sea Ray,SPX 190,1996,19.67,outboard,1347,Gulf Coast,very_good,11538.89,10677.36,25,2023-03-11,"[""trailer"", ""generator"", ""joystick""]",
comp_6ee04fcb392e,brokerage,sold,Beneteau,First 27,2026,24.34,sail_aux,0,Maritimes,good,101416.4,95294.92,19,2025-08-07,[],
comp_af89aa02869c,brokerage,listing,Sun Tracker,Bass Buggy 18 DLX,1988,23.43,outboard,1438,Pacific Coast,good,6335.08,,48,2024-10-18,"[""autopilot"", ""radar"", ""trailer""]",
comp_c8044eaa4874,internal_sales,sold,Sun Tracker,Party Barge 22 DLX,2000,15.68,outboard,126,Pacific Coast,excellent,6557.96,6336.63,23,2023-11-20,[],
comp_31ddccab468d,brokerage,sold,Bayliner,DX2000,2001,22.17,sterndrive,1498,Great Lakes,very_good,15755.12,14805.38,171,2025-02-01,"[""trailer"", ""radar"", ""joystick""]",
comp_e52cc393e648,marketplace,listing,Sun Tracker,Party Barge 22 DLX,1979,27.11,outboard,1646,Great Lakes,good,6000.94,,30,2025-02-21,"[""autopilot"", ""generator""]",
comp_8c3f120090e6,marketplace,listing,Chaparral,280 OSX,2009,22.31,sterndrive,1021,Atlantic Coast,very_good,17963.37,,58,2026-07-25,"[""radar""]",
comp_4ece84dba5b3,marketplace,sold,Regal,26 XO,2010,22.89,sterndrive,1015,Maritimes,good,19041.74,17191.96,63,2025-01-27,"[""trailer""]",
comp_8c6e89e31c8f,internal_sales,sold,Tracker,Pro Team 175,2017,14.16,inboard,502,Atlantic Coast,good,11485.11,9757.86,16,2023-12-09,[],
comp_bb88e77c819f,brokerage,sold,Sea Ray,SLX 260,1973,47.6,sterndrive,4641,Inland Lakes,good,48949.58,43404.71,49,2024-04-03,"[""generator"", ""AIS"", ""solar""]",
comp_05c8f459c85f,marketplace,sold,Chaparral,280 OSX,2000,17.97,sterndrive,1701,Maritimes,excellent,10903.34,10179.26,158,2026-09-02,"[""generator"", ""solar"", ""radar""]",
comp_b89d59f16ee6,internal_sales,sold,Yamaha WaveRunner,FX HO,1979,11.23,jet,1553,Inland Lakes,good,1035.79,961.14,21,2025-09-06,"[""trailer""]",
comp_0511a32a9856,brokerage,sold,Tracker,Targa V-18,2018,15.48,outboard,522,Atlantic Coast,good,15419.35,13852.51,109,2024-09-13,[],
comp_e3b973a0b923,internal_sales,listing,Sun Tracker,Bass Buggy 18 DLX,2013,15.6,outboard,293,Inland Lakes,very_good,9411.35,,49,2026-10-13,"[""generator"", ""radar""]",
comp_b09063ee71be,brokerage,listing,Harris,Solstice 230,2023,20.91,outboard,59,Inland Lakes,poor,12984.59,,113,2023-10-26,"[""radar"", ""trailer"", ""generator""]",
comp_ee82c2f2b9f6,marketplace,sold,Parker,2320 Sport Cabin,1998,40.28,inboard,8167,Pacific Coast,excellent,63099.43,56705.81,110,2024-10-21,"[""solar"", ""joystick""]",
comp_98fc22cd0996,brokerage,sold,Beneteau,First 27,1978,25.8,sail_aux,1703,Inland Lakes,good,28409.93,27213.48,66,2025-03-11,"[""trailer"", ""generator"", ""radar""]",
comp_f6be39c84d86,brokerage,sold,Grady-White,191 CE,1989,25.76,outboard,9253,Maritimes,good,12792.83,12376.77,55,2023-10-11,"[""generator"", ""autopilot""]",
comp_934988fd483b,brokerage,sold,Harris,Cruiser 210,2010,28.77,outboard,1455,Atlantic Coast,good,17523.16,16750.17,43,2024-06-17,"[""radar"", ""autopilot"", ""generator""]",
comp_811b7a5640f4,brokerage,sold,Boston Whaler,280 Vantage,2023,24.27,outboard,367,Gulf Coast,good,52207.91,45115.5,29,2023-11-08,"[""radar"", ""AIS"", ""autopilot""]",
comp_4a88bc27d3d7,marketplace,sold,Catalina,355,2025,27.13,inboard,30,Inland Lakes,poor,63502.24,58977.61,36,2023-06-12,"[""trailer"", ""AIS""]",
comp_252465fdd951,brokerage,sold,Yamaha WaveRunner,VX Cruiser,2005,11.8,jet,255,Gulf Coast,good,3204.65,3087.0,13,2025-09-07,[],
comp_9dbe451dcf76,brokerage,sold,Grady-White,336 Canyon,1977,24.69,outboard,3134,Pacific Coast,very_good,7499.96,7006.94,20,2025-11-17,[],
comp_59c601d27ab6,marketplace,listing,Chaparral,280 OSX,1970,21.72,sterndrive,3051,Atlantic Coast,fair,4410.18,,38,2025-02-21,[],
comp_6de0ece5cbe7,marketplace,sold,Yamaha WaveRunner,VX Cruiser,2016,10.96,jet,160,Gulf Coast,fair,3458.47,3176.39,18,2024-10-24,"[""trailer"", ""autopilot"", ""radar""]",
comp_35475efb01b5,marketplace,sold,Sea Ray,Sundancer 320,2024,26.0,outboard,284,Pacific Coast,good,46489.96,41145.2,58,2023-03-28,[],
comp_50104514d7e9,marketplace,sold,Bayliner,Ciera 8,1998,22.16,sterndrive,515,Atlantic Coast,fair,9709.3,9357.35,48,2025-09-18,"[""solar"", ""generator""]",
comp_e56e8c8890ab,brokerage,sold,Sea Ray,SDX 250,1978,24.31,sterndrive,545,Gulf Coast,very_good,9441.09,8081.87,102,2025-06-13,"[""trailer"", ""radar""]",
comp_1dd57a6f2a70,brokerage,listing,Regal,LS4,2017,22.16,outboard,132,Inland Lakes,very_good,24369.08,,164,2024-06-23,"[""autopilot"", ""radar"", ""trailer""]",
comp_70e27e4488a1,internal_sales,listing,Beneteau,Oceanis 41.1,1981,28.89,inboard,0,Pacific Coast,good,34505.88,,45,2026-09-04,"[""joystick""]",
comp_1ac2075a4ef0,internal_sales,sold,Chaparral,23 SSi,1975,26.69,sterndrive,5573,Maritimes,fair,6084.02,5179.5,40,2023-02-25,[],
comp_504e54b835ae,marketplace,listing,Tiara,38 LS,1981,26.56,sterndrive,7406,Gulf Coast,fair,24623.75,,55,2025-04-15,"[""radar"", ""autopilot"", ""solar""]",
comp_e417da8cd962,brokerage,listing,Lund,1975 Impact,2000,26.0,inboard,1623,Atlantic Coast,poor,10004.6,,103,2023-08-24,"[""radar"", ""joystick"", ""AIS""]",
comp_aabc991a17cf,marketplace,listing,Tracker,Targa V-18,2004,15.1,outboard,1387,Gulf Coast,good,8552.37,,62,2026-05-14,"[""trailer"", ""radar"", ""solar""]",
comp_58d4a1e9f698,brokerage,sold,Alumacraft Pro,Trophy 195,2016,37.22,outboard,1196,Gulf Coast,good,89175.9,75615.82,12,2023-03-18,[],
comp_93aeb8847cb4,marketplace,sold,Tiara,38 LS,2023,25.94,inboard,676,Atlantic Coast,very_good,121148.76,116918.83,59,2024-08-19,"[""joystick"", ""solar"", ""trailer""]",
comp_c71a31fcce5c,marketplace,listing,Parker,2320 Sport Cabin,1977,31.41,jet,21831,Maritimes,good,22447.46,,36,2023-07-18,"[""trailer"", ""solar""]",
comp_900d27522c18,brokerage,sold,Lund,1650 Angler,2014,24.02,outboard,1341,Maritimes,good,24503.51,21763.82,59,2025-10-28,"[""trailer"", ""autopilot"", ""radar""]",
comp_bc2272f0d9c1,marketplace,sold,Tiara,44 Coupe,2022,15.13,inboard,281,Pacific Coast,very_good,48969.68,41754.16,34,2023-10-13,"[""trailer""]",
comp_9bc34fdfe19e,marketplace,sold,Jeanneau,Sun Odyssey 349,2012,37.83,inboard,590,Maritimes,good,102344.97,89386.01,30,2025-02-14,"[""solar""]",
comp_87c6d55e6558,marketplace,sold,Sea Ray,SLX 260,2014,50.2,sterndrive,1070,Atlantic Coast,fair,112273.41,106672.26,45,2026-01-07,"[""solar"", ""joystick"", ""generator""]",
comp_cd358721a35d,marketplace,listing,Tiara,38 LS,1989,11.21,sterndrive,2658,Atlantic Coast,fair,9227.39,,37,2025-11-21,"[""AIS"", ""joystick"", ""solar""]",
comp_df000cb63b14,marketplace,sold,Alumacraft Pro,Trophy 195,2013,27.09,inboard,2340,Pacific Coast,very_good,61180.26,54785.95,38,2026-02-05,"[""joystick"", ""radar""]",
comp_04ea83c41f6f,marketplace,listing,Bennington,20 SVL,2000,11.02,outboard,547,Inland Lakes,very_good,4289.31,,112,2026-05-26,"[""joystick""]",
comp_1dff0b02bb26,brokerage,listing,SafeBoat,25 Defender,1996,23.99,jet,8903,Inland Lakes,very_good,30908.68,,46,2024-06-01,"[""joystick""]",
comp_070fedb7e58c,brokerage,listing,Bennington,24 LXSB,2008,23.42,outboard,548,Atlantic Coast,fair,11684.82,,35,2024-03-28,"[""trailer"", ""autopilot"", ""joystick""]",
comp_b737070fc7e7,marketplace,sold,Tracker,Grizzly 1860,1996,21.96,inboard,1912,Great Lakes,good,9731.34,9037.75,32,2025-11-14,[],
comp_3493a8280e42,marketplace,sold,Grady-White,257 Fisherman,1968,26.0,inboard,5677,Gulf Coast,fair,4409.58,4055.29,21,2024-04-17,"[""solar"", ""trailer"", ""radar""]",
comp_9cd3ecacf8be,marketplace,sold,Sea Ray,SPX 190,1980,46.75,inboard,6060,Pacific Coast,fair,49853.29,46708.87,69,2023-03-12,"[""trailer""]",
comp_2ad5fd0af272,marketplace,listing,Chaparral,280 OSX,2009,13.84,sterndrive,1244,Pacific Coast,fair,7143.5,,20,2025-03-10,[],
comp_2e21922b784c,brokerage,sold,Tracker,Pro Team 175,1986,31.6,outboard,3273,Gulf Coast,very_good,13993.58,13074.81,36,2024-08-26,"[""AIS"", ""solar""]",
comp_dbf8f6fa5c2b,internal_sales,sold,Harris,Solstice 230,2026,22.96,outboard,58,Atlantic Coast,good,46080.04,43628.4,38,2026-07-16,"[""solar"", ""trailer""]",
comp_5d15aae756cc,internal_sales,sold,Bennington,20 SVL,1994,21.55,outboard,1601,Atlantic Coast,good,8545.09,7442.26,38,2024-09-15,"[""AIS"", ""trailer"", ""radar""]",
comp_3935c13df821,marketplace,listing,Sea Ray,SPX 190,2008,31.91,inboard,868,Maritimes,poor,36211.19,,65,2024-01-12,"[""solar"", ""joystick"", ""generator""]",
comp_d840a5e286f9,marketplace,sold,Tracker,Pro Team 175,1990,31.6,outboard,6476,Gulf Coast,very_good,15820.35,13766.67,55,2023-04-05,"[""solar""]",
comp_7e9d6d34f8b0,brokerage,sold,Formula,350 CBR,2019,35.32,inboard,2335,Inland Lakes,very_good,137614.28,126532.38,140,2023-09-08,[],
comp_ff87d7b41d17,marketplace,sold,Boston Whaler,280 Vantage,2011,20.36,inboard,1234,Inland Lakes,good,19706.12,18502.34,15,2025-04-12,"[""generator"", ""joystick""]",
comp_483912cd6790,internal_sales,listing,Harris,Cruiser 210,1986,19.62,outboard,932,Great Lakes,poor,2634.09,,17,2024-10-17,[],
comp_fad35786a98e,brokerage,sold,Lund,1975 Impact,2017,22.68,inboard,795,Maritimes,very_good,29101.66,26401.24,124,2025-05-11,"[""joystick"", ""radar""]",
comp_c9559276921f,brokerage,sold,Lund,1975 Impact,2001,19.88,inboard,1714,Inland Lakes,good,12886.7,11434.66,132,2026-05-20,"[""generator"", ""trailer"", ""autopilot""]",
comp_723724a24e33,marketplace,sold,Regal,26 XO,1998,19.65,outboard,553,Pacific Coast,good,9410.88,8577.23,62,2026-03-23,"[""solar"", ""autopilot"", ""trailer""]",
comp_d807a671efa9,marketplace,sold,Lund,1650 Angler,2019,26.0,inboard,419,Atlantic Coast,fair,29441.97,26305.58,168,2024-03-01,"[""trailer""]",
comp_ce56be7efc3d,marketplace,listing,Harris,Cruiser 210,2020,26.0,outboard,251,Maritimes,good,23805.85,,5,2026-10-08,"[""AIS"", ""trailer""]",
comp_8e1ae435926c,marketplace,sold,Tiara,38 LS,2007,36.01,sterndrive,2956,Inland Lakes,good,95579.8,92118.92,46,2024-09-19,"[""trailer"", ""autopilot""]",
comp_a294f7b4df63,marketplace,sold,Lund,1975 Impact,1990,26.0,inboard,6752,Great Lakes,good,11412.6,11151.25,25,2026-07-26,"[""radar"", ""trailer"", ""solar""]",
comp_e643abc20857,internal_sales,sold,Boston Whaler,170 Montauk,2016,29.81,inboard,362,Inland Lakes,good,32838.65,29931.75,93,2024-12-13,"[""autopilot""]",
comp_98854e2c0b58,marketplace,listing,Harris,Cruiser 210,2016,22.32,outboard,618,Maritimes,very_good,11229.84,,53,2023-06-06,[],
comp_fb6c4005e1d2,marketplace,listing,Lund,1650 Angler,2000,25.59,outboard,1507,Pacific Coast,very_good,15738.18,,109,2026-08-16,"[""solar"", ""generator"", ""trailer""]",
comp_895ab54fa88b,marketplace,sold,Tiara,38 LS,2012,36.01,sterndrive,2629,Inland Lakes,good,114525.74,98918.18,43,2025-08-01,"[""AIS""]",
comp_87054bacc079,marketplace,listing,Grady-White,191 CE,1970,17.54,inboard,9238,Pacific Coast,very_good,4481.1,,31,2023-02-25,"[""trailer"", ""radar"", ""generator""]",
comp_df1ef1625214,marketplace,sold,Tiara,44 Coupe,1989,29.89,sterndrive,3338,Inland Lakes,poor,25217.08,22592.82,16,2026-06-25,"[""generator""]",
comp_11ca972a4bbb,marketplace,sold,Bennington,24 LXSB,1993,21.27,outboard,732,Inland Lakes,good,8772.45,7923.07,42,2026-02-16,[],
comp_d6f2ff1387a3,marketplace,listing,Hunter,31,2026,40.05,sail_aux,82,Atlantic Coast,poor,95872.37,,78,2023-11-14,"[""radar""]",
comp_d9bec06cc3c6,marketplace,sold,Grady-White,191 CE,2012,26.0,outboard,231,Atlantic Coast,very_good,16990.94,14846.49,105,2025-10-24,"[""joystick"", ""trailer"", ""radar""]",
comp_36e9347a3c61,marketplace,listing,Catalina,275 Sport,1999,30.94,inboard,1119,Maritimes,good,47480.22,,105,2024-07-10,"[""solar""]",
comp_4c9bb8ea4715,brokerage,listing,Beneteau,Oceanis 31,1966,36.45,inboard,1828,Great Lakes,poor,21799.87,,62,2026-03-04,"[""solar"", ""trailer"", ""autopilot""]",
comp_0eb54d8dcddf,brokerage,sold,Grady-White,191 CE,2001,24.72,outboard,747,Maritimes,excellent,20479.0,20057.34,72,2025-03-27,"[""AIS""]",
comp_7cea2deda20d,marketplace,sold,Sea-Doo,RXT-X 300,1980,10.6,jet,1578,Atlantic Coast,excellent,1124.5,1016.52,24,2023-11-04,[],
comp_79cdbc1699d3,marketplace,sold,Beneteau,Oceanis 41.1,1984,28.89,inboard,0,Pacific Coast,good,38014.72,34698.83,109,2025-09-23,"[""trailer"", ""autopilot"", ""generator""]",
comp_128081d912ff,marketplace,sold,Boston Whaler,170 Montauk,2005,23.65,inboard,2819,Gulf Coast,fair,14970.15,12930.55,41,2024-12-18,"[""joystick"", ""autopilot"", ""generator""]",
comp_24c62a11fb13,brokerage,sold,Regal,26 XO,1991,23.87,sterndrive,427,Inland Lakes,very_good,13863.7,11790.56,24,2025-11-25,"[""trailer"", ""autopilot""]",
comp_52c90bae8ad0,marketplace,sold,Tracker,Grizzly 1860,2016,20.43,outboard,943,Pacific Coast,poor,10646.74,8994.28,25,2023-03-28,"[""autopilot"", ""generator"", ""trailer""]",
comp_4ff9f5cdc5d3,marketplace,sold,Harris,Cruiser 210,2010,26.0,outboard,1111,Maritimes,very_good,14823.36,13345.91,38,2026-03-28,"[""trailer"", ""autopilot""]",
comp_6c09a74424ce,marketplace,sold,Tracker,Pro Team 175,2006,25.92,inboard,384,Pacific Coast,good,19956.62,18117.93,13,2023-01-16,"[""solar"", ""generator"", ""AIS""]",
comp_f19af5d641f4,brokerage,sold,Sea Ray,SPX 190,2010,16.36,sterndrive,1368,Pacific Coast,poor,15871.31,15508.63,14,2023-01-14,"[""trailer"", ""autopilot""]",
comp_8ab1428cdb5b,brokerage,listing,Sea Ray,SLX 260,2011,50.91,inboard,826,Gulf Coast,good,146283.53,,17,2026-08-16,[],
comp_b962a4236dff,marketplace,sold,Yamaha WaveRunner,FX HO,1995,10.59,jet,1261,Inland Lakes,poor,1000.0,845.44,18,2026-08-26,"[""radar"", ""trailer""]",
comp_ab2cf80f6cab,marketplace,sold,Grady-White,336 Canyon,2004,12.66,outboard,1923,Atlantic Coast,fair,5801.48,5479.11,60,2025-01-24,"[""radar""]",
comp_4857d9e5da69,internal_sales,sold,Boston Whaler,170 Montauk,2011,22.3,outboard,576,Gulf Coast,excellent,23697.73,22381.06,29,2025-09-14,"[""generator"", ""AIS"", ""trailer""]",
comp_e38fbdfafaef,marketplace,listing,Sea Ray,SPX 190,2002,31.91,inboard,943,Maritimes,good,53153.86,,34,2024-06-19,[],
comp_bbef363e1c8e,brokerage,sold,HarborCat,36 Pilot,2016,50.51,jet,3609,Gulf Coast,good,130160.89,110208.25,19,2025-06-16,[],
comp_1f43c37e30e5,brokerage,sold,Bennington,24 LXSB,2019,18.17,outboard,482,Inland Lakes,good,14958.27,13262.3,9,2026-11-20,"[""radar"", ""trailer""]",
comp_b194484caf84,brokerage,listing,Sea Ray,SDX 250,2017,46.17,inboard,671,Maritimes,good,138298.49,,106,2026-02-02,[],
comp_07c6262365b7,internal_sales,sold,Jeanneau,Leader 10.5,2005,40.71,sail_aux,514,Great Lakes,very_good,98297.17,85678.04,23,2024-08-25,[],
comp_321176bc3890,marketplace,sold,Lund,1975 Impact,2012,26.0,inboard,482,Pacific Coast,fair,20396.69,18909.27,80,2024-07-06,[],
comp_a102d74aa1ff,marketplace,listing,Tracker,Targa V-18,2017,16.73,inboard,2156,Atlantic Coast,poor,7830.45,,54,2025-04-28,"[""AIS""]",
comp_59356cb3dd40,internal_sales,sold,Bayliner,VR5,2001,21.78,sterndrive,921,Great Lakes,good,12186.05,11461.7,59,2024-12-06,"[""AIS""]",
comp_ae2b9d51e053,marketplace,sold,Bennington,24 LXSB,2015,18.17,outboard,357,Inland Lakes,fair,9000.0,8281.41,26,2024-08-10,"[""trailer""]",
comp_d33cb89023f2,brokerage,sold,Boston Whaler,170 Montauk,2000,20.72,outboard,1976,Atlantic Coast,good,12906.93,11486.28,59,2024-11-05,"[""generator""]",
comp_b4ec9009f10c,internal_sales,sold,Boston Whaler,170 Montauk,2024,19.66,outboard,29,Gulf Coast,good,46248.24,44523.38,100,2024-08-04,[],
comp_0178d15ef927,brokerage,sold,Sea Ray,SLX 260,2019,24.7,sterndrive,194,Gulf Coast,fair,26006.62,25372.84,171,2024-02-13,"[""generator"", ""trailer""]",
comp_e2a26288cf66,brokerage,sold,HarborCat,36 Pilot,1983,33.46,inboard,5858,Gulf Coast,good,29681.29,25648.56,31,2023-07-07,[],
comp_bd44c53f3f78,brokerage,listing,Regal,LS4,1974,26.0,outboard,3934,Maritimes,fair,5732.73,,75,2024-12-28,[],
comp_c192f69f61cf,marketplace,sold,Regal,28 Express,1971,19.34,outboard,2656,Atlantic Coast,very_good,5562.42,5208.97,136,2023-11-08,"[""generator"", ""solar""]",
comp_b5fd5c8a699e,marketplace,sold,SafeBoat,33 Full Cabin,1999,21.32,inboard,3311,Great Lakes,poor,13036.73,11057.94,21,2024-10-19,"[""AIS""]",
comp_3b2c66787729,brokerage,listing,Sea Ray,SLX 260,2025,19.94,outboard,102,Great Lakes,fair,31368.28,,70,2023-11-14,"[""AIS"", ""joystick"", ""autopilot""]",
comp_843bcdc0c9b9,brokerage,sold,Regal,28 Express,2000,20.87,sterndrive,1030,Gulf Coast,fair,9648.29,9357.68,175,2023-07-19,[],
comp_34f83729a92b,marketplace,sold,Carver,C40 Command Bridge,2026,37.45,sterndrive,127,Inland Lakes,excellent,302469.07,278786.2,24,2025-07-09,[],
comp_8811fba86b55,marketplace,sold,Parker,2320 Sport Cabin,1999,40.28,inboard,14859,Pacific Coast,fair,42373.6,41045.55,202,2026-04-16,"[""solar"", ""radar""]",
comp_7c037a9fb505,brokerage,sold,Bennington,24 LXSB,2026,25.3,outboard,59,Inland Lakes,poor,28107.59,25339.2,55,2025-12-02,"[""generator""]",
comp_ece661c7069d,internal_sales,sold,Chaparral,280 OSX,2012,22.31,sterndrive,740,Atlantic Coast,excellent,21804.07,20496.68,19,2026-04-21,"[""generator""]",
comp_5c7ef1fdd930,marketplace,sold,Yamaha WaveRunner,VX Cruiser,2005,10.88,jet,304,Gulf Coast,good,2794.48,2488.12,122,2025-03-16,[],
comp_d7ac6eb0850a,marketplace,sold,Regal,LS4,1977,20.0,sterndrive,4328,Pacific Coast,excellent,7516.45,6878.56,15,2026-06-20,"[""trailer""]",
comp_a3e29d342a55,marketplace,sold,Carver,C40 Command Bridge,1973,37.34,inboard,1505,Pacific Coast,very_good,41492.49,37494.4,73,2023-12-20,"[""AIS""]",
comp_477eb0f535a0,marketplace,sold,Formula,290 BR,2002,28.95,inboard,1110,Atlantic Coast,very_good,67885.25,60587.78,14,2026-06-03,"[""generator"", ""joystick"", ""autopilot""]",
comp_73449b5b1d54,marketplace,listing,Bayliner,Element M17,2020,16.8,sterndrive,690,Maritimes,good,16436.44,,28,2025-12-07,"[""AIS"", ""trailer""]",
comp_f4350d62e2d6,marketplace,sold,Tracker,Pro Team 175,2016,18.64,inboard,845,Maritimes,good,13930.21,13444.47,48,2026-05-22,[],
comp_c6f69a119dc0,brokerage,sold,Hunter,36,2017,20.5,sail_aux,886,Inland Lakes,very_good,40476.97,38002.57,30,2025-01-14,"[""AIS""]",
comp_eb899e21484d,brokerage,sold,Boston Whaler,280 Vantage,2023,17.55,inboard,193,Gulf Coast,poor,14984.39,13040.45,41,2026-07-07,"[""trailer"", ""radar""]",
comp_5b6648bc2b6b,internal_sales,listing,Regal,LS4,2023,26.0,outboard,310,Pacific Coast,fair,31262.37,,139,2026-04-21,"[""radar"", ""trailer""]",
comp_0e49de190d89,internal_sales,sold,Tracker,Pro Team 175,2024,23.75,outboard,181,Atlantic Coast,very_good,47330.32,45453.16,44,2023-10-03,[],
comp_1783cfe8e4d0,marketplace,sold,Harris,Cruiser 210,2002,18.02,outboard,1002,Atlantic Coast,good,7313.73,6584.35,31,2023-05-12,"[""trailer""]",
comp_f1fc425f9529,brokerage,sold,Regal,26 XO,2013,20.86,sterndrive,305,Maritimes,poor,10769.58,9721.83,111,2026-04-12,[],
comp_cbf8d1e24140,marketplace,listing,Lund,1975 Impact,2005,26.0,outboard,606,Great Lakes,good,18232.05,,117,2024-07-08,[],
comp_4c5b67bc03ed,brokerage,sold,Bayliner,VR5,1967,26.0,sterndrive,5653,Inland Lakes,very_good,6730.79,6172.42,25,2025-12-16,"[""trailer"", ""joystick""]",
comp_da443ca63491,brokerage,sold,Tracker,Grizzly 1860,2007,24.27,outboard,2857,Atlantic Coast,poor,9224.19,8335.36,174,2023-12-16,"[""solar""]",
comp_3c9673099e31,brokerage,sold,Lund,1650 Angler,2020,18.97,outboard,167,Gulf Coast,good,22347.03,19988.6,47,2025-06-21,"[""radar""]",
comp_c33465bdef9d,brokerage,sold,Regal,26 XO,2003,17.91,outboard,790,Gulf Coast,very_good,11733.97,11140.88,55,2026-03-20,"[""autopilot"", ""AIS"", ""generator""]",
comp_e4816eebd442,marketplace,sold,Regal,28 Express,1989,21.82,sterndrive,540,Pacific Coast,fair,7691.77,6604.54,44,2023-06-24,"[""joystick"", ""solar""]",
comp_eba2f7791dd3,brokerage,sold,Bayliner,VR5,1987,15.26,outboard,732,Gulf Coast,good,5438.14,4590.59,32,2025-05-13,"[""AIS"", ""radar""]",
comp_0ee4973f986c,brokerage,sold,Boston Whaler,230 Outrage,2006,23.68,outboard,886,Maritimes,fair,14995.96,14427.73,241,2026-11-06,"[""joystick"", ""AIS""]",
comp_cc5d55145ca0,marketplace,listing,Carver,C40 Command Bridge,2004,30.53,inboard,4390,Great Lakes,fair,43619.94,,146,2026-02-14,"[""autopilot"", ""trailer""]",
comp_c7cdad6ce354,brokerage,sold,Bayliner,Element M17,2021,19.15,sterndrive,198,Gulf Coast,fair,19731.73,16978.11,29,2025-02-23,"[""joystick"", ""radar""]",
comp_9f4e88669c06,brokerage,listing,Catalina,445,2021,40.53,inboard,56,Pacific Coast,fair,117545.18,,70,2026-09-13,[],
comp_8e19bdb7d6b3,brokerage,listing,Regal,26 XO,2017,15.2,sterndrive,297,Atlantic Coast,fair,12064.07,,48,2023-08-13,"[""solar"", ""trailer"", ""joystick""]",
comp_e6a813376683,marketplace,sold,Regal,LS4,1974,22.3,outboard,925,Gulf Coast,good,5277.18,5159.67,55,2024-08-17,"[""solar"", ""radar""]",
comp_22d5c6cd6cda,brokerage,sold,Bayliner,DX2000,2007,19.94,outboard,362,Maritimes,poor,7325.66,6894.95,43,2024-08-15,[],
comp_1c6e56e87748,internal_sales,sold,Chaparral,280 OSX,2020,22.64,outboard,446,Great Lakes,excellent,34481.78,31320.03,578,2024-07-07,"[""AIS"", ""autopilot""]",
comp_77b1490f649e,marketplace,sold,Tiara,44 Coupe,1974,25.94,sterndrive,937,Atlantic Coast,fair,19340.27,18269.1,58,2025-07-20,"[""radar"", ""solar""]",
comp_52594ee28bfd,marketplace,sold,Formula,350 CBR,2023,32.13,inboard,297,Pacific Coast,good,150344.62,132360.51,42,2023-06-08,"[""AIS"", ""trailer""]",
comp_69c358f4b459,brokerage,sold,Chaparral,23 SSi,2021,13.56,sterndrive,239,Atlantic Coast,poor,9461.47,8936.0,115,2024-10-28,[],
comp_9df097886e81,marketplace,sold,Boston Whaler,170 Montauk,2002,22.35,outboard,1125,Pacific Coast,very_good,16677.31,14461.02,103,2025-04-16,"[""AIS"", ""radar""]",
comp_12c1fa503f3a,internal_sales,sold,Regal,26 XO,2010,14.73,outboard,651,Pacific Coast,excellent,11729.25,10015.13,17,2026-12-23,[],
comp_b2b87ebc2cad,marketplace,sold,Bayliner,Element M17,1998,24.56,outboard,2149,Great Lakes,very_good,14489.56,13132.25,22,2026-02-28,"[""AIS"", ""autopilot""]",
comp_edae5738b5a2,internal_sales,listing,Lund,1975 Impact,1973,26.0,outboard,2780,Pacific Coast,good,8184.3,,35,2026-09-28,"[""solar"", ""joystick"", ""radar""]",
comp_b65595a4da5d,brokerage,sold,Sea Ray,SLX 260,2011,18.89,sterndrive,693,Great Lakes,good,14673.99,13336.73,38,2026-11-18,"[""autopilot"", ""AIS""]",
comp_fb141a426913,brokerage,listing,Formula,350 CBR,2005,28.32,inboard,2711,Great Lakes,good,61175.55,,22,2024-08-05,[],
comp_fa899ee569b4,marketplace,listing,Carver,C40 Command Bridge,1988,45.03,inboard,1316,Gulf Coast,good,68109.07,,34,2026-12-04,[],
comp_860a5c68a745,marketplace,sold,Sea-Doo,GTI 130,2026,11.6,jet,0,Maritimes,very_good,17986.36,17613.96,67,2026-10-08,"[""trailer"", ""generator"", ""radar""]",
comp_2f951cb6fa4b,marketplace,sold,Lund,1975 Impact,2017,20.12,outboard,722,Pacific Coast,fair,15923.0,13395.62,58,2024-03-02,[],
comp_6b5f2d367f04,marketplace,sold,Tiara,44 Coupe,1963,37.02,inboard,11306,Gulf Coast,fair,23640.95,20183.1,64,2024-10-12,[],
comp_72dcbad4db86,brokerage,listing,Boston Whaler,230 Outrage,2011,29.5,inboard,830,Atlantic Coast,poor,17906.43,,17,2023-10-24,"[""solar"", ""joystick"", ""radar""]",
comp_669e912cf582,marketplace,sold,Alumacraft Pro,205 Bay,2013,25.21,jet,3937,Maritimes,fair,32368.38,29356.09,9,2024-01-19,"[""autopilot"", ""joystick""]",
comp_d99ff2b8b53f,internal_sales,sold,Sea Ray,SLX 260,2017,16.44,sterndrive,523,Gulf Coast,good,14569.91,12438.98,61,2023-04-17,"[""autopilot"", ""joystick"", ""generator""]",
comp_72c9a9af9404,internal_sales,sold,Boston Whaler,170 Montauk,2008,23.16,outboard,2712,Atlantic Coast,poor,10333.26,9161.61,73,2026-08-27,"[""autopilot"", ""solar""]",
comp_c470003527bf,brokerage,listing,Tiara,44 Coupe,2009,29.78,sterndrive,465,Pacific Coast,fair,64332.03,,70,2026-05-04,[],
comp_c26ebee58adf,marketplace,listing,Tracker,Targa V-18,2009,14.78,outboard,911,Inland Lakes,very_good,10183.37,,43,2025-05-23,"[""joystick"", ""trailer""]",
comp_e621fcdb7999,internal_sales,sold,Boston Whaler,230 Outrage,2016,26.0,inboard,1495,Great Lakes,good,30579.58,29625.51,44,2023-09-23,"[""solar"", ""AIS""]",
comp_e475b870e3b4,marketplace,sold,Catalina,355,1988,36.23,inboard,2985,Inland Lakes,good,49651.68,44606.63,25,2023-04-04,"[""trailer""]",
comp_c19ae86cb373,marketplace,sold,Chaparral,21 SSI,2015,32.16,outboard,228,Gulf Coast,good,35273.28,32689.31,239,2025-07-08,"[""AIS"", ""joystick""]",
comp_182b2c80f1b4,marketplace,sold,Grady-White,336 Canyon,2025,13.67,inboard,79,Great Lakes,fair,23860.17,21043.65,34,2025-02-01,"[""autopilot"", ""solar"", ""AIS""]",
comp_9a9995a18980,marketplace,sold,Chaparral,21 SSI,2000,15.97,outboard,2188,Gulf Coast,fair,6828.15,5791.35,26,2025-05-21,"[""radar"", ""generator""]",
comp_718630955454,marketplace,sold,HarborCat,36 Pilot,2021,41.76,jet,164,Great Lakes,poor,78112.32,68781.97,92,2023-05-28,"[""radar"", ""AIS""]",
comp_0488c649a1fb,marketplace,listing,Formula,290 BR,2016,36.95,inboard,1896,Inland Lakes,good,107003.25,,60,2024-10-11,"[""radar"", ""autopilot"", ""generator""]",
comp_bf778329b34f,marketplace,sold,Harris,Cruiser 210,2013,22.41,outboard,158,Great Lakes,very_good,17294.93,16754.32,19,2026-12-11,"[""radar""]",
comp_a9a7bd526cb8,internal_sales,sold,Regal,26 XO,2013,22.68,outboard,1679,Inland Lakes,good,18572.87,17924.52,14,2025-04-20,"[""solar"", ""trailer""]",
comp_2df1863fe78a,internal_sales,listing,Lund,1975 Impact,2012,23.6,outboard,2259,Gulf Coast,good,21663.46,,28,2024-06-13,"[""radar"", ""autopilot""]",
comp_eeea93f37faa,marketplace,listing,Lund,1875 Pro-V,2015,22.58,inboard,2127,Maritimes,fair,16844.78,,51,2023-05-01,"[""autopilot"", ""generator"", ""radar""]",
comp_b7f4da25e414,marketplace,sold,Carver,C40 Command Bridge,2025,32.28,sterndrive,244,Maritimes,very_good,191590.05,173382.22,35,2025-05-17,[],
comp_2097714b0a95,marketplace,listing,Bayliner,Ciera 8,2010,18.4,outboard,235,Gulf Coast,good,12041.57,,60,2024-02-10,[],
comp_362f1e394f43,brokerage,sold,Lund,1650 Angler,1987,26.0,inboard,1153,Great Lakes,very_good,14387.6,13724.83,32,2025-02-22,"[""autopilot""]",
comp_350a3265006e,marketplace,sold,Sea Ray,SDX 250,2008,20.68,outboard,146,Gulf Coast,good,16601.67,15778.45,42,2024-02-20,"[""trailer"", ""radar"", ""autopilot""]",
comp_556fa7d3ba5d,brokerage,listing,Sun Tracker,Bass Buggy 18 DLX,1967,17.32,outboard,1409,Gulf Coast,good,1969.25,,30,2025-05-11,"[""autopilot"", ""generator""]",
comp_829bedb677fb,marketplace,sold,Bennington,20 SVL,1985,26.0,outboard,6466,Atlantic Coast,good,7960.83,7144.58,25,2025-02-03,"[""generator"", ""trailer"", ""joystick""]",
comp_58a92a16c495,marketplace,sold,Jeanneau,Leader 10.5,1986,43.21,inboard,3682,Great Lakes,good,63468.09,56748.36,35,2024-06-26,"[""trailer"", ""autopilot"", ""radar""]",
comp_4fcdf9e03fca,marketplace,sold,Boston Whaler,170 Montauk,1991,10.59,outboard,4488,Gulf Coast,good,4041.09,3672.8,146,2023-03-09,"[""generator"", ""radar""]",
comp_bd13e08e1dde,brokerage,listing,Formula,350 CBR,2012,35.4,inboard,217,Great Lakes,very_good,111245.77,,28,2024-11-17,"[""radar""]",
comp_f59b6695d0cd,marketplace,sold,Sea Ray,SLX 260,1990,26.0,outboard,1338,Gulf Coast,good,11845.77,10300.1,13,2024-05-05,"[""solar"", ""joystick"", ""trailer""]",
comp_6a2a0f3ed6b2,internal_sales,sold,Tiara,38 LS,1980,39.32,sterndrive,1224,Maritimes,good,52747.72,47215.46,23,2024-10-23,"[""autopilot"", ""solar"", ""radar""]",
comp_3eefa42f40f6,brokerage,sold,Grady-White,336 Canyon,2012,24.23,inboard,410,Maritimes,excellent,28685.33,27649.87,38,2024-11-02,"[""autopilot"", ""radar""]",
comp_c2892ac4bd45,marketplace,listing,Sun Tracker,Party Barge 22 DLX,2005,26.0,outboard,339,Maritimes,good,13189.01,,57,2023-01-01,"[""trailer""]",
comp_8768c88ad4db,internal_sales,sold,Lund,1875 Pro-V,2010,12.55,outboard,1126,Great Lakes,good,8941.08,8065.14,60,2025-02-23,[],
comp_37ea27122f7d,brokerage,sold,Lund,1875 Pro-V,2022,15.54,inboard,128,Pacific Coast,fair,16815.63,15557.69,18,2023-07-01,[],
comp_f0d83c44e6cd,marketplace,listing,Catalina,355,2012,26.25,sail_aux,288,Inland Lakes,good,51682.43,,10,2026-04-01,[],
comp_4c40be4acbfa,brokerage,listing,Formula,290 BR,1997,44.59,sterndrive,2669,Pacific Coast,fair,65900.76,,37,2023-09-04,"[""joystick"", ""autopilot"", ""solar""]",
comp_56703e26df06,brokerage,sold,Boston Whaler,170 Montauk,2015,26.0,outboard,2164,Gulf Coast,very_good,35675.74,34249.3,129,2025-11-08,"[""radar"", ""generator"", ""autopilot""]",
comp_dde2a46d267e,internal_sales,sold,Formula,350 CBR,2021,33.84,inboard,401,Gulf Coast,good,152190.42,147313.26,25,2023-02-14,"[""autopilot""]",
comp_e5cc9972a9a1,marketplace,sold,Chaparral,23 SSi,2005,16.53,sterndrive,455,Gulf Coast,very_good,12261.94,10813.04,34,2026-10-18,"[""radar"", ""solar"", ""joystick""]",
comp_8665365330a3,brokerage,sold,Bayliner,Ciera 8,2020,20.28,outboard,508,Pacific Coast,fair,16574.01,15223.77,30,2024-11-05,"[""solar"", ""joystick"", ""trailer""]",
comp_9ae6ad0049a1,brokerage,sold,Regal,28 Express,1986,26.0,outboard,6183,Gulf Coast,good,10667.73,9932.9,64,2026-07-02,"[""solar""]",
comp_0009906d0e13,marketplace,sold,Chaparral,21 SSI,2010,21.81,outboard,801,Maritimes,fair,14745.12,12617.25,63,2024-04-04,"[""AIS"", ""generator"", ""trailer""]",
comp_fdeabcc8bb0d,internal_sales,sold,Bennington,24 LXSB,1977,18.04,outboard,1000,Gulf Coast,good,3634.58,3363.12,40,2023-10-16,"[""trailer"", ""joystick"", ""solar""]",
comp_13ba4bc33a8d,marketplace,sold,Sea Ray,Sundancer 320,2024,21.15,outboard,197,Pacific Coast,excellent,48702.63,45539.97,88,2025-09-16,"[""trailer"", ""autopilot""]",
comp_059a71515f58,marketplace,sold,Bennington,22 SSB,2020,18.64,outboard,956,Great Lakes,poor,9137.13,8385.09,39,2023-06-01,"[""AIS""]",
comp_c7b7bb35a364,marketplace,sold,Regal,LS4,1998,16.97,outboard,983,Pacific Coast,good,9453.09,8523.35,142,2023-10-12,"[""autopilot""]",
comp_0b30489dee9e,marketplace,sold,Tracker,Pro Team 175,2000,22.65,inboard,2051,Inland Lakes,very_good,13236.53,12251.09,229,2024-04-12,[],
comp_a42c70641edb,brokerage,sold,Hunter,36,1993,31.28,inboard,1451,Inland Lakes,poor,24769.63,22762.79,25,2025-04-16,[],
comp_a171c737da26,marketplace,sold,Bayliner,Ciera 8,2000,21.4,sterndrive,1818,Pacific Coast,good,11650.38,11388.49,173,2023-12-01,"[""solar"", ""AIS"", ""autopilot""]",
comp_a1f8f1115b98,marketplace,listing,Yamaha WaveRunner,VX Cruiser,1986,10.64,jet,850,Atlantic Coast,very_good,1281.84,,12,2025-12-18,[],
comp_cd3eacd4324d,brokerage,sold,Jeanneau,Leader 10.5,1974,39.84,inboard,827,Gulf Coast,poor,23496.84,22911.72,177,2024-11-02,"[""AIS"", ""trailer"", ""radar""]",
comp_89ac905105e6,marketplace,sold,Alumacraft Pro,205 Bay,2015,38.22,inboard,5886,Inland Lakes,fair,69994.72,65854.06,82,2025-11-28,"[""solar""]",
comp_99afcb22f464,marketplace,sold,Tiara,44 Coupe,2022,25.19,inboard,128,Inland Lakes,very_good,119397.33,106681.3,254,2024-02-12,"[""trailer""]",
comp_ddff60d368ae,marketplace,sold,Harris,Cruiser 210,2016,24.93,outboard,542,Inland Lakes,fair,13284.3,13002.49,81,2025-12-04,[],
comp_bee801ccdfeb,internal_sales,sold,Boston Whaler,230 Outrage,2008,19.19,inboard,84,Maritimes,very_good,19238.29,18319.17,77,2024-05-02,"[""solar""]",
comp_533c303450d9,brokerage,sold,Bayliner,Ciera 8,2013,22.96,sterndrive,975,Maritimes,fair,15413.79,14179.1,48,2026-01-02,[],
comp_bb382b42e0cc,marketplace,listing,Harris,Solstice 230,2022,21.63,outboard,445,Inland Lakes,very_good,23494.1,,31,2025-11-06,"[""AIS"", ""generator""]",
comp_2069e35bf61e,internal_sales,sold,Boston Whaler,170 Montauk,2019,28.3,inboard,666,Inland Lakes,good,41058.45,37015.53,33,2026-01-07,"[""generator"", ""autopilot"", ""solar""]",
comp_412be81ef8f5,internal_sales,sold,Alumacraft Pro,Trophy 195,2000,22.58,inboard,2857,Inland Lakes,fair,24860.69,22622.54,88,2025-08-06,"[""AIS"", ""radar"", ""joystick""]",
comp_fe3b9125ecfc,brokerage,sold,Bayliner,Element M17,2004,22.69,sterndrive,837,Great Lakes,fair,11208.33,9485.74,39,2023-05-25,[],
comp_118f2dbd55bd,internal_sales,sold,Bennington,20 SVL,2012,20.16,outboard,670,Pacific Coast,fair,9412.31,8596.25,25,2026-12-14,[],
comp_598d9e528da8,marketplace,sold,Bayliner,VR5,1986,15.26,outboard,1442,Gulf Coast,fair,4202.92,3665.55,46,2024-03-10,"[""joystick"", ""AIS"", ""trailer""]",
comp_cd195fd86a54,marketplace,listing,Lund,1875 Pro-V,2012,25.69,outboard,3250,Pacific Coast,good,25300.59,,44,2026-01-07,"[""AIS"", ""radar"", ""autopilot""]",
comp_dfc095e12340,marketplace,sold,Tracker,Grizzly 1860,2008,24.27,outboard,2227,Atlantic Coast,very_good,20263.84,19262.05,30,2024-08-11,"[""solar"", ""autopilot"", ""AIS""]",
comp_52e172999363,marketplace,sold,Bayliner,VR5,2021,13.82,outboard,123,Inland Lakes,good,16790.62,14760.54,72,2026-01-07,[],
comp_d2506a831850,brokerage,sold,Beneteau,Oceanis 41.1,2023,24.03,sail_aux,79,Atlantic Coast,good,80874.24,71994.47,44,2024-01-14,"[""generator""]",
comp_ac3d1679865f,marketplace,sold,Catalina,275 Sport,2003,29.5,sail_aux,0,Gulf Coast,fair,37751.85,32378.89,51,2024-06-16,"[""trailer""]",
comp_81bb97df8569,brokerage,sold,Sun Tracker,Party Barge 22 DLX,2008,21.8,outboard,1599,Maritimes,poor,5280.98,5028.23,121,2026-01-14,[],
comp_90b339aedabc,marketplace,listing,Sun Tracker,Bass Buggy 18 DLX,2018,15.4,outboard,515,Great Lakes,good,9310.0,,18,2026-11-03,"[""radar""]",
comp_7f1b23f28d85,marketplace,sold,Sea-Doo,GTI 130,1997,10.93,jet,738,Maritimes,fair,1568.95,1511.37,124,2023-08-18,"[""solar""]",
comp_d362c0f7563b,brokerage,sold,Boston Whaler,280 Vantage,2005,26.0,outboard,2338,Great Lakes,poor,11811.33,11241.08,23,2026-06-22,"[""trailer"", ""AIS""]",
comp_0e77d5121430,brokerage,sold,Grady-White,191 CE,2025,19.44,inboard,0,Pacific Coast,poor,21592.67,18320.86,77,2024-03-07,"[""joystick""]",
comp_a0fe6bc50e34,marketplace,listing,Sun Tracker,Bass Buggy 18 DLX,2006,25.16,outboard,1154,Great Lakes,fair,9608.11,,132,2024-05-26,"[""joystick""]",
comp_7a574ab8d113,marketplace,listing,Regal,28 Express,2007,17.82,outboard,912,Maritimes,fair,9584.89,,43,2023-03-16,"[""autopilot""]",
comp_a194b0396aa5,marketplace,sold,Boston Whaler,230 Outrage,1989,16.7,outboard,2833,Maritimes,fair,6174.05,5341.84,35,2023-10-12,"[""joystick"", ""autopilot""]",
comp_2d700f6727bb,brokerage,sold,Chaparral,21 SSI,2003,26.0,sterndrive,1642,Maritimes,fair,15533.64,14668.31,62,2026-04-13,[],
comp_fa1800bf2db1,marketplace,sold,Bayliner,VR5,2004,21.78,sterndrive,616,Great Lakes,excellent,15324.27,14312.34,43,2024-06-08,"[""solar""]",
comp_52229e3bf1c7,marketplace,sold,Sea Ray,Sundancer 320,2011,21.26,sterndrive,3415,Great Lakes,good,16880.71,15388.18,98,2024-03-11,"[""AIS""]",
comp_74a94f341ba3,marketplace,sold,Tracker,Pro Team 175,2022,26.0,inboard,511,Atlantic Coast,fair,31034.73,26749.34,41,2024-06-10,"[""solar"", ""AIS""]",
comp_15d2e9044784,brokerage,sold,Lund,1975 Impact,1972,26.0,outboard,5390,Pacific Coast,good,7279.31,7074.42,22,2024-07-20,[],
comp_aebe641f009a,internal_sales,sold,Sea-Doo,RXT-X 300,2004,12.33,jet,331,Gulf Coast,fair,1676.73,1466.01,24,2024-06-10,"[""autopilot"", ""trailer""]",
comp_624d772faede,marketplace,sold,Tracker,Targa V-18,1997,21.17,outboard,2286,Maritimes,excellent,13344.31,11486.05,69,2023-06-22,"[""solar""]",
comp_9ddd058b69f1,internal_sales,sold,Bennington,22 SSB,1982,16.98,outboard,2024,Maritimes,fair,3166.34,3061.9,32,2026-04-22,"[""trailer"", ""solar""]",
comp_17b44997952d,marketplace,sold,Chaparral,21 SSI,2020,18.35,outboard,205,Pacific Coast,fair,18151.67,15411.04,48,2025-03-19,[],
comp_f1ff3900657f,marketplace,sold,Sea Ray,SDX 250,2005,20.68,outboard,162,Gulf Coast,excellent,17446.78,16953.88,82,2025-05-16,[],
comp_8bb4ba2d4240,marketplace,sold,Chaparral,21 SSI,2001,24.71,outboard,1018,Pacific Coast,excellent,16393.52,15795.25,39,2026-05-17,"[""solar"", ""trailer"", ""generator""]",
comp_d86e8c408067,internal_sales,sold,Harris,Solstice 230,1991,21.04,outboard,984,Atlantic Coast,very_good,6645.96,5891.42,82,2026-10-24,"[""autopilot""]",
comp_a9b5027f70c9,brokerage,listing,Tiara,38 LS,2019,32.38,sterndrive,894,Inland Lakes,excellent,134813.82,,70,2025-02-14,"[""autopilot"", ""solar"", ""AIS""]",
comp_8d58c443116a,marketplace,sold,Regal,28 Express,1974,15.72,outboard,2034,Great Lakes,fair,3375.31,3234.39,90,2023-06-28,[],
comp_0537a0f99c2d,marketplace,sold,Tiara,44 Coupe,2005,38.37,sterndrive,3664,Gulf Coast,good,80348.79,71006.68,6,2024-02-25,"[""solar"", ""generator""]",
comp_485a9c76f018,brokerage,sold,Jeanneau,Leader 10.5,1982,36.29,inboard,3731,Great Lakes,good,54717.46,51281.94,97,2026-11-06,"[""generator""]",
comp_4d356441060f,internal_sales,sold,Lund,1650 Angler,2009,22.95,inboard,1550,Maritimes,very_good,17672.71,15003.58,20,2025-08-19,"[""joystick""]",
comp_1ad1cef35f16,marketplace,listing,Beneteau,First 27,1985,15.33,sail_aux,2448,Gulf Coast,excellent,20356.37,,34,2024-05-16,"[""autopilot""]",
comp_1c2ac652b014,marketplace,sold,Bayliner,VR5,2011,19.61,sterndrive,411,Inland Lakes,excellent,15757.84,15346.54,11,2025-09-26,"[""generator"", ""AIS""]",
comp_ced2519c6616,brokerage,sold,Bennington,22 SSB,2013,21.16,outboard,335,Great Lakes,fair,12868.28,12069.17,51,2025-01-27,"[""solar"", ""radar""]",
comp_5be3c5c0cdc4,marketplace,sold,Sun Tracker,Bass Buggy 18 DLX,2011,26.0,outboard,312,Inland Lakes,very_good,17562.9,16329.89,29,2024-05-25,"[""AIS""]",
comp_77c548c8da61,marketplace,listing,Sea Ray,Sundancer 320,1971,46.11,sterndrive,836,Pacific Coast,very_good,51048.62,,53,2024-12-06,"[""generator"", ""autopilot"", ""AIS""]",
comp_3622e2a7befc,marketplace,listing,Formula,290 BR,1983,33.82,inboard,836,Inland Lakes,poor,28987.79,,65,2023-01-17,[],
comp_71599428b6bd,marketplace,listing,Chaparral,23 SSi,2013,24.18,outboard,1541,Great Lakes,excellent,26340.54,,43,2023-03-24,"[""solar"", ""generator"", ""radar""]",
comp_ae615445e187,internal_sales,sold,Harris,Cruiser 210,2017,17.68,outboard,152,Great Lakes,poor,7018.17,6120.8,249,2023-08-18,"[""trailer""]",
comp_474369c109d0,marketplace,listing,Sun Tracker,Bass Buggy 18 DLX,2008,19.62,outboard,125,Maritimes,good,8242.51,,140,2025-12-12,"[""solar"", ""trailer""]",
comp_7982f126331c,brokerage,sold,Chaparral,21 SSI,2008,20.99,outboard,1033,Atlantic Coast,fair,11250.54,10562.09,16,2025-04-20,"[""joystick""]",
comp_86f092a4bd08,brokerage,sold,Tiara,38 LS,2006,32.34,inboard,1554,Great Lakes,good,81258.7,70995.98,153,2023-11-05,[],
comp_90eee2557961,brokerage,listing,Regal,28 Express,1994,20.32,outboard,929,Pacific Coast,poor,5853.55,,75,2026-02-20,"[""radar"", ""autopilot"", ""AIS""]",
comp_3f35a45e6e30,brokerage,listing,Chaparral,21 SSI,2025,25.44,sterndrive,120,Maritimes,excellent,64968.43,,30,2025-09-11,"[""AIS"", ""trailer"", ""radar""]",
comp_15d9b2f8580d,marketplace,listing,HarborCat,36 Pilot,1983,33.46,inboard,4338,Gulf Coast,very_good,33005.35,,89,2024-05-09,[],
comp_41d8c5ed5ef8,marketplace,sold,Sun Tracker,Party Barge 22 DLX,1983,23.95,outboard,1733,Maritimes,good,5975.53,5660.28,101,2023-12-11,"[""radar""]",
comp_dd5a16d3a1b0,marketplace,listing,Harris,Cruiser 210,1986,26.0,outboard,1375,Gulf Coast,poor,3769.22,,40,2024-08-25,[],
comp_efb561050d4e,marketplace,sold,Bayliner,Element M17,1988,16.73,sterndrive,3267,Pacific Coast,fair,5054.74,4415.96,9,2026-12-28,"[""trailer"", ""generator""]",
comp_7942d4e7e3c6,marketplace,sold,Regal,28 Express,1992,22.11,outboard,5051,Gulf Coast,good,10934.9,10484.26,60,2026-05-24,"[""solar"", ""generator""]",
comp_9dc43e8292be,marketplace,sold,Regal,LS4,2024,25.86,outboard,0,Inland Lakes,excellent,65378.47,55381.56,15,2023-01-26,[],
comp_d4e5c0fd0ef8,marketplace,sold,Jeanneau,Sun Odyssey 349,2001,32.28,sail_aux,1308,Pacific Coast,very_good,64931.24,60536.22,207,2024-12-19,"[""joystick"", ""trailer""]",
comp_1b903afcafc8,marketplace,sold,Lund,1650 Angler,1987,26.0,outboard,1608,Inland Lakes,good,12312.57,12021.46,42,2026-11-11,"[""radar"", ""AIS"", ""generator""]",
comp_886a33e53e4c,internal_sales,sold,Lund,1650 Angler,2018,22.38,outboard,312,Maritimes,good,24051.3,20765.99,26,2023-11-04,"[""radar""]",
comp_b3af0f0537df,internal_sales,sold,Lund,1650 Angler,2024,26.0,inboard,554,Atlantic Coast,excellent,58688.94,57513.27,39,2024-01-09,"[""joystick"", ""trailer""]",
comp_e9fd60af957b,brokerage,sold,Jeanneau,Leader 10.5,1978,36.29,inboard,2743,Great Lakes,good,44642.69,39797.2,29,2026-12-09,"[""autopilot""]",
comp_9ef39bc0c1e4,marketplace,listing,Regal,28 Express,2009,15.23,outboard,543,Atlantic Coast,poor,6330.44,,26,2024-12-27,[],
comp_798b73bb73b6,marketplace,listing,Tiara,38 LS,1988,11.21,sterndrive,4920,Atlantic Coast,good,12701.55,,60,2023-08-15,"[""trailer"", ""joystick""]",
comp_74b034ed1bc8,brokerage,sold,Grady-White,336 Canyon,2005,28.25,outboard,2207,Maritimes,poor,12507.68,11277.16,10,2026-12-01,"[""AIS"", ""radar""]",
comp_0530075e33a5,brokerage,listing,Alumacraft Pro,Trophy 195,2009,38.84,inboard,3385,Maritimes,poor,43891.17,,129,2023-12-27,"[""solar"", ""radar""]",
comp_187acb6280ec,brokerage,listing,Tiara,44 Coupe,2023,31.47,inboard,92,Great Lakes,fair,117768.09,,61,2024-12-01,"[""AIS"", ""trailer"", ""autopilot""]",
comp_b9f944a36c7c,internal_sales,listing,Sun Tracker,Bass Buggy 18 DLX,1987,16.18,outboard,4775,Atlantic Coast,good,3611.44,,44,2026-08-18,"[""trailer"", ""joystick""]",
comp_8ba8388f13df,marketplace,listing,Sea Ray,SLX 260,2012,26.0,outboard,582,Gulf Coast,good,20326.15,,13,2023-07-01,"[""trailer"", ""AIS"", ""radar""]",
comp_8b2c89af8859,internal_sales,sold,Harris,Cruiser 210,2013,24.72,outboard,857,Great Lakes,good,17246.41,16117.3,16,2026-09-19,[],
comp_453a88116fb4,marketplace,sold,Harris,Cruiser 210,2003,19.35,outboard,220,Atlantic Coast,good,8416.2,7367.02,29,2026-09-10,"[""radar"", ""generator""]",
comp_e6b6a181ce07,marketplace,sold,Sea Ray,Sundancer 320,2023,15.99,outboard,201,Atlantic Coast,fair,18780.67,15910.2,36,2026-05-18,"[""generator"", ""trailer""]",
comp_71ca8c5ff82a,internal_sales,sold,Grady-White,336 Canyon,1977,24.69,outboard,2907,Pacific Coast,very_good,8956.38,8093.23,8,2024-11-17,"[""trailer"", ""autopilot"", ""joystick""]",
comp_9ce311a1b0db,brokerage,listing,Carver,C34 Coupe,2015,39.17,inboard,676,Inland Lakes,good,111697.54,,38,2025-06-08,"[""radar"", ""solar""]",
comp_a58a01810697,brokerage,listing,Lund,1975 Impact,2014,26.0,inboard,503,Pacific Coast,good,22349.6,,63,2023-11-25,"[""trailer"", ""AIS"", ""solar""]",
comp_3d454a1ea983,internal_sales,sold,Regal,28 Express,2000,24.04,outboard,198,Great Lakes,good,15577.58,14668.77,8,2024-01-21,"[""generator"", ""AIS""]",
comp_93892c3935d7,brokerage,sold,Boston Whaler,230 Outrage,2018,26.0,inboard,1058,Great Lakes,poor,18710.68,16334.04,31,2025-06-20,"[""trailer""]",
comp_b4210d709201,marketplace,sold,Bayliner,DX2000,2025,24.01,sterndrive,61,Atlantic Coast,excellent,50218.18,48365.03,47,2023-06-05,"[""joystick""]",
comp_d38b36e75a9e,marketplace,sold,Bennington,22 SSB,1964,20.6,outboard,1000,Pacific Coast,good,2879.05,2783.79,65,2026-05-12,"[""solar""]",
comp_47447b2448cf,brokerage,listing,Chaparral,23 SSi,1978,19.24,outboard,5224,Great Lakes,fair,4331.58,,36,2025-05-05,"[""solar"", ""joystick"", ""trailer""]",
comp_860526fa6a39,brokerage,sold,Sea Ray,Sundancer 320,1977,41.49,sterndrive,2935,Atlantic Coast,good,45303.09,43017.2,18,2023-09-28,"[""autopilot"", ""radar""]",
comp_ad4689a4f89a,marketplace,listing,Regal,LS4,1979,22.32,outboard,4226,Gulf Coast,fair,5708.82,,48,2024-06-21,[],
comp_1a6af5b89039,marketplace,sold,Jeanneau,Leader 10.5,2015,26.97,sail_aux,202,Inland Lakes,very_good,71589.87,61958.58,52,2024-10-13,[],
comp_b3ad4a1d23ff,brokerage,listing,Grady-White,257 Fisherman,2002,19.04,inboard,310,Great Lakes,good,12563.27,,34,2024-05-27,"[""radar"", ""generator"", ""solar""]",
comp_c9d1eca0356d,marketplace,sold,Chaparral,21 SSI,2009,19.12,sterndrive,1092,Pacific Coast,good,15423.15,14431.52,167,2024-06-09,[],
comp_ef376758a8f9,brokerage,sold,Tracker,Pro Team 175,1981,23.33,inboard,561,Great Lakes,poor,4016.19,3799.09,107,2023-06-14,[],
comp_0fdecc09272e,marketplace,sold,Beneteau,Oceanis 31,1972,37.35,inboard,264,Gulf Coast,excellent,52767.28,51096.75,41,2024-04-04,"[""radar"", ""AIS""]",
comp_ab1eae7cf6fb,brokerage,listing,Catalina,275 Sport,1976,41.4,inboard,1677,Inland Lakes,good,47786.19,,62,2023-02-01,"[""autopilot"", ""radar""]",
comp_9c0a91e347a9,marketplace,sold,SafeBoat,25 Defender,1993,23.86,jet,16714,Inland Lakes,fair,17109.27,15638.9,80,2024-07-06,[],
comp_f39ca201f379,brokerage,sold,Jeanneau,Leader 10.5,2012,21.11,sail_aux,599,Great Lakes,good,45532.31,43079.21,41,2025-07-19,"[""joystick"", ""trailer"", ""solar""]",
comp_75b25f51ff2b,marketplace,sold,Lund,1875 Pro-V,2004,25.85,outboard,2908,Inland Lakes,good,19240.14,17269.25,80,2023-01-24,"[""generator"", ""AIS"", ""radar""]",
comp_8ae9fb6804af,brokerage,sold,Grady-White,191 CE,2019,26.0,inboard,379,Gulf Coast,good,35961.31,32258.93,211,2024-12-21,"[""autopilot""]",
comp_14252e2d9d54,brokerage,sold,Sea Ray,SPX 190,2018,23.58,sterndrive,781,Atlantic Coast,fair,23123.03,20001.5,39,2025-09-26,"[""joystick""]",
comp_ada13012dbf2,brokerage,sold,Jeanneau,Sun Odyssey 349,1980,17.0,sail_aux,3301,Great Lakes,excellent,20003.39,18696.75,52,2024-05-01,"[""AIS""]",
comp_5a0ecc0ea73f,brokerage,sold,Tracker,Targa V-18,1996,23.66,inboard,1204,Pacific Coast,very_good,13894.32,11794.15,65,2025-11-08,"[""solar""]",
comp_e0ff66f5cead,marketplace,listing,Harris,Cruiser 210,1974,22.03,outboard,2189,Atlantic Coast,good,3686.2,,8,2025-09-12,"[""AIS"", ""joystick""]",
comp_0e412645d865,marketplace,sold,Formula,350 CBR,1970,41.98,inboard,4513,Pacific Coast,good,39833.39,33954.59,28,2026-11-25,"[""autopilot""]",
comp_65553caf6f67,marketplace,sold,Beneteau,Oceanis 31,2006,37.93,sail_aux,119,Atlantic Coast,good,77743.83,65398.2,39,2026-11-03,"[""joystick"", ""autopilot"", ""solar""]",
comp_f3156b9aa1b8,marketplace,listing,Tracker,Grizzly 1860,1996,19.15,outboard,800,Atlantic Coast,good,9458.77,,39,2025-02-24,"[""generator"", ""joystick"", ""solar""]",
comp_d28e6b38d521,internal_sales,sold,Catalina,445,2008,45.39,inboard,1184,Great Lakes,fair,74230.41,71368.5,163,2026-03-18,"[""solar"", ""radar"", ""autopilot""]",
comp_748440825932,brokerage,sold,Sun Tracker,Bass Buggy 18 DLX,1996,22.05,outboard,1168,Inland Lakes,fair,6800.94,6114.12,26,2023-05-18,"[""AIS""]",
comp_60480008b421,marketplace,sold,Regal,28 Express,1990,21.17,outboard,2782,Gulf Coast,fair,6852.86,6130.81,36,2023-12-23,"[""trailer""]",
comp_aa5ea2509d84,marketplace,listing,Jeanneau,Leader 10.5,2022,33.93,sail_aux,192,Inland Lakes,good,127679.84,,61,2023-07-11,[],
comp_9706721ed7c5,brokerage,listing,Harris,Solstice 230,2020,21.31,outboard,148,Maritimes,fair,15504.73,,41,2026-11-09,[],
comp_6b69cee042d5,internal_sales,sold,Lund,1650 Angler,1979,17.27,outboard,1848,Pacific Coast,good,5158.59,4598.83,83,2023-09-14,"[""joystick"", ""generator""]",
comp_461b1ead76f6,internal_sales,sold,Formula,290 BR,2019,45.2,inboard,2242,Inland Lakes,poor,111904.96,103493.35,75,2024-07-11,[],
comp_28afdabbaa24,internal_sales,sold,Chaparral,23 SSi,1989,17.21,sterndrive,1820,Atlantic Coast,fair,5538.42,4786.38,39,2026-04-03,"[""autopilot""]",
comp_eda43c9aec04,brokerage,listing,Hunter,36,1997,26.08,sail_aux,1408,Inland Lakes,very_good,45887.86,,54,2023-12-03,"[""solar"", ""joystick"", ""generator""]",
comp_23ba5fe52b07,marketplace,sold,Harris,Solstice 230,2021,29.77,outboard,138,Maritimes,very_good,32774.9,31788.68,18,2026-07-24,"[""autopilot"", ""solar"", ""generator""]",
comp_267cdcdf772d,marketplace,sold,Bennington,22 SSB,2009,21.16,outboard,503,Great Lakes,fair,10588.89,9906.26,304,2025-11-28,[],
comp_0a989506dcf8,marketplace,sold,Jeanneau,Leader 10.5,2006,36.66,inboard,301,Atlantic Coast,good,81652.41,69417.83,36,2025-05-19,"[""trailer""]",
comp_fad60382347b,marketplace,sold,SafeBoat,33 Full Cabin,1997,28.52,jet,3378,Inland Lakes,good,32299.09,30267.57,48,2025-02-06,"[""generator"", ""solar"", ""radar""]",
comp_11c44c033620,marketplace,sold,Chaparral,21 SSI,1979,14.47,sterndrive,2554,Gulf Coast,very_good,4251.55,4103.09,52,2025-07-03,"[""solar"", ""trailer""]",
comp_bd52af9a297c,marketplace,listing,Sun Tracker,Party Barge 22 DLX,2018,17.45,outboard,216,Atlantic Coast,fair,9995.38,,142,2023-04-09,"[""trailer"", ""AIS"", ""solar""]",
comp_c514a09a4f1e,marketplace,sold,Bennington,22 SSB,2024,22.41,outboard,158,Gulf Coast,very_good,24733.81,21670.8,23,2025-12-12,"[""radar"", ""trailer"", ""autopilot""]",
comp_6c5f7da0ef99,marketplace,sold,Yamaha WaveRunner,VX Cruiser,2015,11.47,jet,254,Gulf Coast,good,4389.3,4206.2,19,2026-08-26,[],
comp_7f608f71906e,brokerage,sold,Harris,Solstice 230,2016,20.43,outboard,280,Great Lakes,poor,7433.78,6683.66,11,2026-10-15,"[""generator"", ""joystick""]",
comp_646dd7a27e50,marketplace,sold,Regal,28 Express,2003,24.04,outboard,368,Great Lakes,poor,9331.6,8963.38,74,2026-05-25,"[""trailer""]",
comp_324f341ca6ca,brokerage,sold,Regal,28 Express,2008,19.0,outboard,1034,Gulf Coast,fair,11127.85,9690.32,169,2025-08-07,"[""radar"", ""trailer"", ""joystick""]",
comp_e608ae0898f5,brokerage,listing,Bennington,20 SVL,2021,26.83,outboard,1018,Gulf Coast,fair,26200.21,,13,2026-06-08,"[""joystick"", ""trailer""]",
comp_ad1e0899c214,marketplace,listing,Carver,C34 Coupe,2016,30.25,inboard,1884,Inland Lakes,good,84913.61,,76,2026-09-11,"[""solar""]",
comp_466862f8c624,marketplace,sold,Boston Whaler,230 Outrage,2017,21.02,outboard,482,Great Lakes,very_good,31275.62,26905.86,34,2026-03-18,"[""solar""]",
comp_54cb74922394,brokerage,sold,Grady-White,336 Canyon,1984,26.0,outboard,4039,Great Lakes,very_good,11917.07,11303.34,50,2026-07-28,"[""solar""]",
comp_f46aa2d57854,marketplace,sold,Regal,LS4,2020,19.51,outboard,107,Great Lakes,fair,18084.25,15483.15,21,2026-05-08,"[""generator"", ""solar"", ""autopilot""]",
comp_cc2582cf99b1,marketplace,sold,Chaparral,280 OSX,2026,16.91,sterndrive,0,Gulf Coast,fair,31867.44,28765.93,15,2026-04-19,"[""solar"", ""autopilot"", ""trailer""]",
comp_f92d73eda6ae,brokerage,sold,Bayliner,VR5,1995,24.83,sterndrive,4908,Gulf Coast,fair,10439.92,10083.72,23,2024-08-22,[],
comp_c098d5de17c6,brokerage,sold,Carver,C34 Coupe,2011,22.61,sterndrive,275,Gulf Coast,very_good,51236.38,50183.51,40,2025-10-14,"[""joystick""]",
comp_df0bca2828a8,marketplace,sold,Sea Ray,SLX 260,2012,20.39,inboard,2053,Gulf Coast,fair,34000.05,28613.77,91,2024-12-23,"[""radar"", ""joystick""]",
comp_d38149305a72,marketplace,sold,Chaparral,280 OSX,2024,24.97,outboard,98,Maritimes,very_good,55921.72,47135.75,6,2026-08-10,"[""joystick""]",
comp_1d8475a4cf5a,marketplace,sold,Tiara,38 LS,2001,44.06,inboard,514,Atlantic Coast,very_good,122131.54,111019.63,52,2024-01-15,"[""AIS"", ""generator"", ""radar""]",
comp_325d7086381a,brokerage,sold,Harris,Cruiser 210,2011,23.21,outboard,783,Pacific Coast,good,13267.06,12191.27,15,2026-04-15,"[""generator"", ""radar""]",
comp_af7897c64493,brokerage,listing,Bennington,24 LXSB,1994,18.08,outboard,1417,Gulf Coast,fair,5580.92,,8,2023-12-10,"[""AIS"", ""generator""]",
comp_aa3928dc14e6,marketplace,sold,Bennington,20 SVL,2023,21.7,outboard,175,Inland Lakes,fair,25329.67,22648.22,44,2024-11-13,"[""generator"", ""joystick""]",
comp_77cefc83f686,marketplace,listing,Regal,26 XO,2006,17.91,outboard,884,Gulf Coast,good,12140.75,,96,2023-08-24,[],
comp_fe60c5feeba1,internal_sales,sold,Regal,28 Express,1970,19.34,outboard,1557,Atlantic Coast,very_good,4723.67,4312.31,103,2024-06-14,"[""AIS"", ""radar""]",
comp_428a246180e4,marketplace,listing,Tracker,Grizzly 1860,2016,26.0,inboard,1137,Great Lakes,poor,14272.61,,61,2024-08-25,"[""AIS""]",
comp_7f3d832d845b,brokerage,sold,Regal,LS4,2017,20.67,outboard,667,Maritimes,fair,16882.67,15956.52,66,2024-12-23,"[""joystick""]",
comp_ecd6970f318f,brokerage,listing,Tracker,Pro Team 175,2014,22.32,outboard,808,Atlantic Coast,excellent,23054.58,,203,2024-03-15,"[""joystick"", ""AIS"", ""radar""]",
comp_12ec5634d984,brokerage,sold,Chaparral,21 SSI,2023,25.44,sterndrive,92,Maritimes,excellent,47751.89,42967.44,226,2025-11-13,"[""autopilot"", ""AIS""]",
comp_93fc53749dae,brokerage,sold,Sea Ray,SDX 250,2008,37.62,inboard,5225,Atlantic Coast,good,91678.3,86003.84,56,2023-08-09,"[""joystick"", ""trailer"", ""autopilot""]",
comp_1cbd7589bc8d,marketplace,sold,Bayliner,DX2000,2001,24.4,sterndrive,273,Pacific Coast,very_good,13797.55,12612.99,42,2024-09-09,"[""autopilot"", ""trailer""]",
comp_e799f9777402,marketplace,listing,Catalina,275 Sport,2014,42.11,inboard,144,Great Lakes,good,117361.08,,39,2023-08-11,"[""trailer""]",
comp_83ea67dd5712,marketplace,listing,Catalina,445,2020,21.16,sail_aux,142,Gulf Coast,fair,39999.72,,10,2025-09-03,"[""joystick""]",
comp_d6484066bd7b,brokerage,sold,Bayliner,VR5,2010,26.0,outboard,903,Maritimes,good,17766.58,17190.9,108,2025-02-28,"[""autopilot"", ""trailer""]",
comp_61d84afd7899,internal_sales,sold,Jeanneau,Leader 10.5,1973,24.6,inboard,968,Pacific Coast,fair,22114.13,20087.0,28,2023-04-09,"[""solar""]",
comp_a1679a2c3c45,brokerage,sold,Bennington,20 SVL,2006,26.0,outboard,1726,Inland Lakes,good,16775.92,16286.64,93,2026-10-13,"[""radar""]",
comp_26fa496b8359,brokerage,listing,Carver,C40 Command Bridge,2012,50.3,sterndrive,529,Great Lakes,good,141113.13,,18,2023-09-27,[],
comp_a78c9bb12ed0,marketplace,sold,Boston Whaler,170 Montauk,2026,17.88,inboard,117,Atlantic Coast,good,51449.43,43731.76,19,2026-05-24,"[""autopilot""]",
comp_e893dedd41d3,brokerage,sold,Bennington,20 SVL,1981,24.64,outboard,4456,Inland Lakes,good,6510.61,6306.58,30,2025-09-20,"[""radar"", ""AIS""]",
comp_3de593a087b2,brokerage,listing,Tracker,Grizzly 1860,2001,13.67,inboard,4993,Pacific Coast,very_good,7782.37,,25,2025-01-02,"[""solar""]",
comp_d11ceb362e90,marketplace,listing,Sun Tracker,Bass Buggy 18 DLX,2003,22.71,outboard,445,Gulf Coast,good,9145.2,,21,2025-07-12,"[""autopilot""]",
comp_3de39fc5f281,brokerage,sold,Boston Whaler,170 Montauk,2014,24.71,outboard,854,Pacific Coast,excellent,33423.2,31846.94,66,2023-03-10,[],
comp_c82dbc612490,brokerage,listing,Lund,1975 Impact,2005,19.88,inboard,2525,Inland Lakes,fair,10056.35,,80,2026-10-01,"[""joystick"", ""AIS""]",
comp_9e6b7d7fa9ff,marketplace,listing,Sun Tracker,Bass Buggy 18 DLX,1994,21.14,outboard,4342,Gulf Coast,fair,5812.02,,109,2026-01-01,[],
comp_44e7b5959f36,marketplace,sold,Tiara,44 Coupe,2024,31.47,inboard,113,Great Lakes,very_good,161357.06,153822.73,35,2024-03-24,[],
comp_b85375c0f363,brokerage,sold,Bayliner,Ciera 8,1997,22.82,sterndrive,2744,Atlantic Coast,good,12624.05,11047.26,42,2024-02-10,"[""solar"", ""trailer""]",
comp_67de32a8ae19,brokerage,sold,Boston Whaler,280 Vantage,1972,22.1,inboard,6826,Atlantic Coast,poor,3841.1,3397.64,55,2023-04-22,[],
comp_8aed0112a030,internal_sales,sold,Catalina,445,2021,21.16,sail_aux,212,Gulf Coast,good,53210.8,45347.7,85,2023-08-14,"[""AIS"", ""trailer"", ""radar""]",
comp_dc0ef5687eba,internal_sales,sold,Formula,350 CBR,2003,40.39,inboard,1619,Atlantic Coast,very_good,111247.12,107708.59,40,2023-09-16,"[""joystick"", ""solar"", ""radar""]",
comp_01bed8d5f428,marketplace,sold,SafeBoat,25 Defender,2000,8.0,inboard,3471,Pacific Coast,good,6784.58,5931.49,97,2026-11-09,[],
comp_d61bc86aa701,internal_sales,sold,Chaparral,21 SSI,2012,16.07,sterndrive,703,Gulf Coast,poor,6573.48,5685.99,36,2026-08-22,"[""AIS"", ""trailer""]",
comp_45427464aa4c,brokerage,sold,Tracker,Pro Team 175,1992,21.98,inboard,5608,Inland Lakes,very_good,10424.59,10133.9,110,2025-10-06,"[""AIS""]",
comp_f3a903a839bf,marketplace,listing,Tracker,Pro Team 175,2022,21.59,outboard,105,Maritimes,good,31336.0,,24,2026-08-20,"[""trailer"", ""generator""]",
comp_92a5f5891fee,brokerage,listing,Tracker,Pro Team 175,2024,21.59,outboard,115,Maritimes,good,41024.03,,16,2024-12-12,"[""radar"", ""trailer""]",
comp_0cb6d81e01f7,marketplace,sold,Sea Ray,SLX 260,2013,23.0,outboard,396,Gulf Coast,good,19691.78,18422.7,66,2024-01-19,"[""generator"", ""AIS""]",
comp_ff4649293eed,brokerage,sold,Sea Ray,SPX 190,2026,35.57,sterndrive,0,Inland Lakes,excellent,292162.8,276717.96,83,2023-01-10,"[""autopilot"", ""trailer""]",
comp_bc9b0e578edc,marketplace,sold,SafeBoat,33 Full Cabin,2018,36.2,inboard,1865,Great Lakes,very_good,122578.62,104730.65,33,2026-07-19,[],
comp_aa1192c0686c,internal_sales,sold,Sun Tracker,Party Barge 22 DLX,2017,20.37,outboard,330,Gulf Coast,fair,11413.65,10151.61,51,2025-07-04,"[""joystick"", ""AIS"", ""solar""]",
comp_acae78e0e742,marketplace,sold,Bayliner,VR5,2011,15.53,outboard,682,Atlantic Coast,good,10952.08,10045.25,29,2026-03-08,"[""joystick"", ""generator"", ""radar""]",
comp_4927f89b1211,brokerage,listing,Boston Whaler,170 Montauk,1994,19.56,outboard,1575,Great Lakes,excellent,12307.07,,33,2025-10-24,"[""trailer"", ""joystick""]",
comp_34a7fcb06788,brokerage,listing,Regal,26 XO,1973,18.67,outboard,4353,Gulf Coast,very_good,5131.06,,16,2025-05-08,[],
comp_3070de601517,brokerage,listing,Jeanneau,Leader 10.5,2008,34.09,sail_aux,1407,Inland Lakes,fair,66155.5,,37,2026-09-25,"[""autopilot"", ""solar""]",
comp_ae5be1638b4a,marketplace,listing,Bayliner,VR5,1968,26.0,sterndrive,7742,Inland Lakes,good,5595.83,,49,2023-03-02,"[""autopilot"", ""solar"", ""trailer""]",
comp_629eb8a33d63,marketplace,sold,Sea Ray,SLX 260,2016,16.44,sterndrive,412,Gulf Coast,good,14809.35,13281.75,44,2025-07-08,[],
comp_cd004a603ac6,internal_sales,sold,Tiara,44 Coupe,2021,35.09,inboard,451,Inland Lakes,very_good,169745.99,149338.3,8,2026-07-07,"[""generator""]",
comp_72c1e9f52d3a,marketplace,listing,Sun Tracker,Bass Buggy 18 DLX,2010,26.0,outboard,400,Inland Lakes,fair,10266.17,,35,2024-02-10,"[""AIS""]",
comp_ac6cd12f7571,brokerage,sold,Jeanneau,Leader 10.5,2010,34.36,sail_aux,1200,Great Lakes,fair,70122.11,61793.85,56,2025-09-15,"[""autopilot""]",
comp_adc3d0310ab3,brokerage,listing,Catalina,445,2012,46.27,inboard,1146,Gulf Coast,poor,62161.29,,58,2023-04-12,"[""autopilot"", ""joystick"", ""trailer""]",
comp_6e0740722345,brokerage,sold,Sea Ray,SLX 260,2012,20.39,inboard,1018,Gulf Coast,good,42651.75,37893.31,107,2024-09-11,"[""joystick"", ""trailer""]",
comp_0682a7b65ea0,marketplace,sold,Chaparral,21 SSI,2013,23.46,outboard,735,Great Lakes,very_good,26847.19,24188.76,122,2023-07-18,"[""trailer""]",
comp_b6f7fb8f6be3,marketplace,sold,Carver,C40 Command Bridge,2012,26.22,inboard,227,Great Lakes,good,65149.53,62184.41,8,2025-02-05,"[""trailer"", ""solar"", ""autopilot""]",
comp_330483ac34e3,brokerage,sold,Tracker,Targa V-18,2021,26.0,inboard,253,Gulf Coast,good,34031.22,33336.13,26,2025-04-05,"[""solar"", ""autopilot"", ""trailer""]",
comp_7ba38c30910e,brokerage,sold,Alumacraft Pro,205 Bay,2007,36.65,outboard,2856,Maritimes,fair,53412.74,44982.73,66,2023-09-18,[],
comp_139f557ab621,brokerage,sold,Harris,Solstice 230,1978,16.09,outboard,3807,Inland Lakes,good,3078.65,2981.04,10,2023-05-21,"[""AIS"", ""radar"", ""joystick""]",
comp_af7b91b75669,marketplace,sold,Bayliner,Ciera 8,2008,15.83,sterndrive,2085,Great Lakes,good,11112.23,9448.8,57,2025-07-28,"[""AIS"", ""trailer""]",
comp_add51c4dae55,brokerage,sold,Chaparral,23 SSi,2017,26.0,outboard,680,Great Lakes,good,28479.96,26118.53,44,2025-07-26,"[""solar"", ""generator"", ""radar""]",
comp_d8b7d5cc4dab,marketplace,sold,Lund,1650 Angler,1977,17.27,outboard,2350,Pacific Coast,good,4914.04,4337.62,64,2024-11-07,"[""generator""]",
comp_9a0e4bb5ef92,brokerage,listing,Sea-Doo,RXT-X 300,2012,11.62,jet,500,Gulf Coast,very_good,3834.68,,81,2023-08-21,"[""AIS"", ""solar""]",
comp_65d70c11523a,marketplace,sold,Boston Whaler,280 Vantage,1973,26.0,outboard,6323,Atlantic Coast,good,8494.9,8104.83,125,2025-09-22,"[""generator"", ""radar""]",
comp_119bad60b405,brokerage,sold,Carver,C40 Command Bridge,2023,37.45,sterndrive,81,Inland Lakes,fair,121798.83,112449.53,92,2026-07-26,"[""generator""]",
comp_d8195132ffd4,marketplace,sold,Tracker,Targa V-18,2018,20.7,outboard,525,Gulf Coast,very_good,25804.21,24929.26,22,2025-03-18,[],
comp_b94ec4b170f9,brokerage,listing,Beneteau,First 27,1990,30.57,sail_aux,2523,Inland Lakes,very_good,55092.28,,62,2026-12-09,"[""trailer"", ""joystick""]",
comp_21640df6b32c,brokerage,sold,Tracker,Grizzly 1860,1964,25.61,inboard,4128,Great Lakes,very_good,5390.25,5220.56,48,2024-11-08,"[""AIS"", ""radar"", ""trailer""]",
comp_85911c6351ef,marketplace,sold,Regal,28 Express,1995,18.22,sterndrive,559,Pacific Coast,good,8042.61,6835.68,19,2026-04-25,"[""trailer"", ""autopilot"", ""radar""]",
comp_58e4af45029a,marketplace,sold,Bennington,22 SSB,1988,20.05,outboard,3577,Gulf Coast,fair,5147.84,4753.56,35,2025-12-25,"[""autopilot""]",
comp_d705d8e53dd5,brokerage,listing,Catalina,355,1999,42.5,sail_aux,914,Great Lakes,very_good,88541.22,,101,2025-02-27,"[""trailer"", ""radar"", ""AIS""]",
comp_3f2d45befb4b,brokerage,sold,Sea-Doo,GTI 130,2002,10.93,jet,562,Maritimes,good,2299.58,1994.44,37,2026-04-08,[],
comp_92a2cbe83300,marketplace,listing,Formula,350 CBR,1995,43.04,inboard,393,Great Lakes,fair,64056.06,,35,2024-03-22,"[""solar"", ""autopilot""]",
comp_afb581b6dab0,internal_sales,sold,Beneteau,Oceanis 31,2011,41.59,inboard,751,Great Lakes,good,104497.89,93826.61,7,2025-07-25,[],
comp_0f411c0f43ed,marketplace,sold,Chaparral,23 SSi,1975,16.73,sterndrive,3844,Maritimes,very_good,4355.52,3690.73,62,2024-05-06,"[""radar"", ""autopilot""]",
comp_6db58455c8be,brokerage,listing,Lund,1875 Pro-V,2012,22.58,inboard,1377,Maritimes,excellent,21582.35,,100,2026-08-18,"[""solar""]",
comp_631d922c6763,marketplace,sold,Harris,Solstice 230,1987,17.44,outboard,2616,Maritimes,poor,2568.8,2486.19,58,2026-11-12,"[""joystick"", ""solar""]",
comp_c06a34fd25af,brokerage,sold,Sea Ray,SPX 190,2012,22.33,outboard,1022,Pacific Coast,excellent,24815.82,23005.74,106,2024-07-22,"[""radar""]",
comp_a21d93a9ee45,marketplace,listing,Tiara,38 LS,2008,23.4,inboard,1294,Maritimes,good,55416.97,,52,2024-03-20,"[""joystick"", ""radar""]",
comp_26a9bfd22788,brokerage,sold,Sea Ray,SPX 190,2003,21.85,outboard,461,Pacific Coast,excellent,18632.92,16372.24,41,2025-01-08,"[""trailer"", ""generator""]",
comp_8948bb5b2422,internal_sales,listing,Grady-White,336 Canyon,2014,21.17,inboard,737,Gulf Coast,good,19553.52,,41,2026-12-25,[],
comp_1eba223f5d50,marketplace,sold,Tracker,Pro Team 175,2005,21.85,inboard,1794,Inland Lakes,excellent,17831.8,17004.29,39,2026-04-20,[],
comp_53c061b8018a,marketplace,sold,Lund,1650 Angler,1977,13.97,inboard,859,Pacific Coast,very_good,3590.85,3202.98,94,2026-04-21,"[""radar"", ""trailer"", ""AIS""]",
comp_4a51947c7c94,marketplace,sold,Carver,C34 Coupe,1988,30.12,sterndrive,4133,Atlantic Coast,good,39995.68,35016.5,38,2024-01-05,"[""AIS"", ""autopilot"", ""generator""]",
comp_e4ea432a386e,marketplace,sold,Sea Ray,Sundancer 320,1971,20.48,outboard,2567,Pacific Coast,very_good,5233.11,4487.28,28,2026-11-22,"[""radar"", ""generator"", ""trailer""]",
comp_85598047f90e,marketplace,sold,Jeanneau,Sun Odyssey 349,2012,22.3,inboard,512,Gulf Coast,poor,26333.48,23903.18,9,2025-09-24,"[""AIS""]",
comp_655c04341315,marketplace,sold,Sea Ray,SDX 250,1976,24.31,sterndrive,486,Gulf Coast,good,6379.76,6059.04,72,2025-02-11,"[""solar""]",
comp_09369aca7bc7,marketplace,sold,Formula,290 BR,2013,42.85,sterndrive,5316,Pacific Coast,poor,69074.03,62581.17,86,2026-09-14,[],
comp_de1f2be14340,internal_sales,listing,Parker,2320 Sport Cabin,1998,40.28,inboard,9962,Pacific Coast,good,54413.34,,27,2023-02-05,"[""generator""]",
comp_67a21d406030,marketplace,sold,Sun Tracker,Bass Buggy 18 DLX,2008,22.51,outboard,230,Gulf Coast,very_good,12683.46,11376.98,111,2026-07-04,"[""AIS"", ""generator""]",
comp_6291ce316536,marketplace,sold,Regal,LS4,1975,22.3,outboard,904,Gulf Coast,fair,5320.42,4668.14,113,2026-08-28,"[""solar"", ""joystick""]",
comp_bed0a007d9b5,marketplace,listing,Harris,Cruiser 210,2023,24.53,outboard,0,Pacific Coast,very_good,33533.73,,56,2024-01-03,[],
comp_6742ea5d8e8c,marketplace,sold,Bayliner,Element M17,2019,16.8,sterndrive,502,Maritimes,fair,14132.19,13635.53,130,2024-10-05,"[""radar"", ""solar""]",
comp_1fb2345e13b3,internal_sales,listing,Hunter,31,2002,25.61,sail_aux,0,Inland Lakes,good,42338.85,,91,2024-04-05,[],
comp_663ec78b073f,marketplace,sold,Formula,290 BR,1981,33.82,inboard,584,Inland Lakes,very_good,45768.14,43476.99,56,2026-08-07,"[""trailer"", ""AIS""]",
comp_5822f641f25b,brokerage,listing,Tracker,Grizzly 1860,2001,26.0,inboard,151,Inland Lakes,excellent,19019.25,,19,2025-07-10,"[""solar""]",
comp_0eaf6b425895,marketplace,listing,Chaparral,21 SSI,2002,23.03,sterndrive,1025,Pacific Coast,good,13980.08,,45,2025-02-24,"[""trailer"", ""solar"", ""joystick""]",
comp_4aff7e916d87,internal_sales,sold,Catalina,275 Sport,2005,42.08,sail_aux,664,Pacific Coast,good,75780.97,66699.74,22,2025-03-06,"[""radar""]",
comp_5b5385f07c89,brokerage,sold,Regal,26 XO,2025,15.27,outboard,183,Maritimes,excellent,35958.93,30280.03,41,2026-05-28,"[""trailer""]",
comp_00e24636cdee,internal_sales,sold,Lund,1975 Impact,2015,26.0,outboard,707,Pacific Coast,good,27066.63,25640.81,70,2024-08-12,"[""radar"", ""generator"", ""solar""]",
comp_f192428364f5,marketplace,sold,Tracker,Targa V-18,1971,26.0,inboard,2188,Pacific Coast,very_good,6346.58,5548.8,54,2026-03-23,"[""joystick"", ""trailer""]",
comp_541e949d528a,brokerage,listing,Bayliner,DX2000,2007,21.72,outboard,114,Atlantic Coast,very_good,14950.34,,139,2025-06-28,[],
comp_51696664b31b,marketplace,listing,Sun Tracker,Bass Buggy 18 DLX,1994,17.1,outboard,1308,Maritimes,poor,2822.45,,27,2025-03-27,"[""trailer""]",
comp_cbe5b0b6a214,marketplace,sold,Harris,Cruiser 210,2026,24.53,outboard,0,Pacific Coast,good,50371.02,42967.1,22,2023-03-10,[],
comp_c4b91ecd74d0,marketplace,sold,Bennington,24 LXSB,1988,21.27,outboard,814,Inland Lakes,very_good,8366.75,8144.57,15,2024-06-19,"[""AIS"", ""joystick"", ""generator""]",
comp_84536cb37888,brokerage,sold,Harris,Cruiser 210,2015,28.77,outboard,1011,Atlantic Coast,good,19479.81,18945.18,29,2024-12-06,"[""AIS"", ""generator""]",
comp_eb5fece95db5,brokerage,listing,Regal,LS4,2024,26.0,outboard,182,Pacific Coast,good,52100.61,,26,2023-04-28,"[""AIS""]",
comp_116330ec2703,internal_sales,sold,HarborCat,26 WB,2009,11.55,outboard,1317,Atlantic Coast,very_good,13863.19,13201.37,64,2023-11-06,"[""generator"", ""solar""]",
comp_a2b023172a0b,marketplace,listing,Bayliner,VR5,2020,16.5,sterndrive,293,Great Lakes,good,17531.77,,46,2025-02-20,[],
comp_0526643876a8,brokerage,sold,Lund,1975 Impact,1978,24.69,outboard,3469,Great Lakes,fair,6192.13,5352.31,105,2026-03-13,"[""trailer""]",
comp_44b9ae72e622,marketplace,sold,Lund,1650 Angler,1973,17.38,inboard,5865,Maritimes,very_good,4990.02,4515.27,12,2023-05-16,[],
comp_41eaba861b9d,marketplace,sold,Boston Whaler,230 Outrage,2008,27.75,outboard,2009,Gulf Coast,good,25006.02,24072.8,26,2024-07-05,"[""trailer"", ""autopilot""]",
comp_daae733a1a31,marketplace,sold,Formula,350 CBR,2006,33.36,inboard,2696,Pacific Coast,very_good,80074.14,73444.43,44,2023-10-02,"[""joystick"", ""generator""]",
comp_064a3f495087,marketplace,sold,Boston Whaler,230 Outrage,2011,24.87,inboard,3089,Pacific Coast,poor,14449.8,13759.16,47,2023-03-12,"[""radar"", ""joystick"", ""solar""]",
comp_8aace3644022,brokerage,sold,Lund,1650 Angler,2001,21.19,inboard,1650,Maritimes,good,13128.8,11387.0,133,2025-01-28,[],
comp_fabab45d193c,brokerage,sold,Sea Ray,Sundancer 320,1976,20.48,outboard,4432,Pacific Coast,good,5513.38,4711.75,68,2026-09-28,[],
comp_0ff70f9dbb0c,marketplace,sold,Tiara,38 LS,2018,32.38,sterndrive,1566,Inland Lakes,fair,96510.84,89517.72,20,2024-11-19,"[""autopilot""]",
comp_5aafe1c9ccca,marketplace,sold,Tracker,Grizzly 1860,2017,20.43,outboard,1000,Pacific Coast,excellent,20940.8,20061.41,19,2026-04-09,"[""radar""]",
comp_55fb82a77157,brokerage,sold,Lund,1975 Impact,2012,26.0,inboard,1290,Atlantic Coast,poor,12108.02,11176.37,54,2023-04-02,"[""joystick"", ""AIS"", ""trailer""]",
comp_cb7233290f3e,marketplace,sold,Bennington,22 SSB,1987,25.92,outboard,988,Pacific Coast,good,8366.95,7886.77,15,2025-04-28,[],
comp_420f52a81ea8,marketplace,listing,Chaparral,280 OSX,2015,16.69,outboard,49,Maritimes,fair,10927.37,,41,2025-03-19,"[""joystick"", ""autopilot""]",
comp_10a7c59ce0b7,marketplace,sold,Chaparral,280 OSX,2024,20.0,sterndrive,50,Gulf Coast,fair,28675.47,27207.03,49,2025-12-07,"[""trailer"", ""radar""]",
comp_54198cbaad53,marketplace,sold,Tracker,Targa V-18,1976,24.59,inboard,1926,Atlantic Coast,fair,5688.63,5105.21,45,2024-08-20,"[""radar""]",
comp_8f4e81bfe77f,brokerage,sold,Tracker,Pro Team 175,2012,15.85,outboard,930,Atlantic Coast,good,10405.17,8981.34,90,2026-03-12,"[""trailer"", ""radar"", ""autopilot""]",
comp_7c3166a59b6d,brokerage,sold,Sun Tracker,Bass Buggy 18 DLX,1987,25.67,outboard,1028,Great Lakes,very_good,8012.79,7060.78,48,2026-09-20,"[""solar"", ""generator""]",
comp_3fe36c4250b4,brokerage,listing,Sun Tracker,Bass Buggy 18 DLX,2025,18.63,outboard,77,Gulf Coast,good,23407.58,,20,2026-06-02,[],
comp_201bfa4ecab8,internal_sales,sold,Sun Tracker,Party Barge 22 DLX,2011,25.57,outboard,763,Great Lakes,very_good,17405.48,16229.21,109,2023-06-15,"[""radar""]",
comp_2b1eb32ceefa,internal_sales,sold,Yamaha WaveRunner,FX HO,1973,10.88,jet,3383,Maritimes,good,1000.0,867.11,22,2023-10-05,"[""trailer"", ""AIS""]",
comp_2210ac48e913,marketplace,sold,Sun Tracker,Party Barge 22 DLX,2009,23.06,outboard,1534,Gulf Coast,very_good,12403.56,10586.27,43,2026-09-27,"[""AIS"", ""autopilot"", ""radar""]",
comp_7624f9921ff5,marketplace,sold,Sun Tracker,Bass Buggy 18 DLX,1972,13.74,outboard,4165,Pacific Coast,good,1805.6,1618.61,46,2026-05-19,"[""autopilot"", ""radar""]",
comp_f9262c11a92c,marketplace,sold,Bayliner,Ciera 8,1996,21.4,sterndrive,3438,Pacific Coast,good,10251.44,9151.19,67,2026-06-13,"[""joystick"", ""radar"", ""generator""]",
comp_1ef576c61472,brokerage,sold,Sun Tracker,Bass Buggy 18 DLX,2007,19.62,outboard,129,Maritimes,fair,6806.39,6438.01,55,2024-03-07,"[""solar"", ""trailer""]",
comp_88cf6aa18357,brokerage,listing,Alumacraft Pro,205 Bay,1978,27.82,jet,7307,Inland Lakes,very_good,21293.24,,45,2023-09-23,"[""radar"", ""generator""]",
comp_5bbc1b9c7c1e,marketplace,sold,Sea Ray,SDX 250,1995,33.56,sterndrive,3642,Maritimes,fair,40451.83,38116.32,134,2025-02-25,"[""radar""]",
comp_d97a1aa3da0d,brokerage,sold,Jeanneau,Sun Odyssey 349,2015,17.17,inboard,142,Maritimes,fair,25746.23,22036.03,45,2024-05-15,"[""AIS"", ""autopilot""]",
comp_7bf9c3b43c02,brokerage,sold,Harris,Cruiser 210,2010,14.86,outboard,683,Maritimes,very_good,8354.75,7220.24,105,2025-08-26,[],
comp_4f41359941f2,marketplace,sold,Boston Whaler,230 Outrage,2014,24.6,outboard,1349,Great Lakes,excellent,28473.26,27426.6,85,2026-05-18,"[""trailer"", ""joystick""]",
comp_d56fbcdfb91a,marketplace,sold,Tiara,38 LS,1973,27.56,sterndrive,1925,Gulf Coast,fair,22695.55,21139.18,73,2025-03-11,"[""joystick""]",
comp_dbd985384124,marketplace,sold,Tracker,Pro Team 175,1987,31.6,outboard,3148,Gulf Coast,fair,11062.34,9949.67,27,2024-02-15,"[""radar"", ""generator""]",
comp_3c9ad4453d81,marketplace,sold,Tracker,Pro Team 175,1983,14.78,inboard,3371,Inland Lakes,fair,3833.22,3429.24,36,2023-10-08,"[""joystick""]",
comp_a84dae5a682e,brokerage,sold,Formula,350 CBR,2009,48.44,sterndrive,1993,Pacific Coast,good,151905.91,138775.36,58,2024-09-18,"[""trailer"", ""AIS"", ""generator""]",
comp_65a9ce7003d2,marketplace,sold,Regal,28 Express,1989,22.19,sterndrive,1420,Great Lakes,very_good,11429.88,10651.5,96,2023-03-03,"[""trailer"", ""AIS""]",
comp_c66760d26261,brokerage,listing,Yamaha WaveRunner,VX Cruiser,1990,10.64,jet,826,Atlantic Coast,excellent,1529.2,,28,2026-02-13,"[""radar""]",
comp_0fa91727e27b,marketplace,listing,Boston Whaler,170 Montauk,2005,23.65,inboard,3142,Gulf Coast,fair,13178.57,,16,2026-08-23,[],
comp_3add81b9c6f3,brokerage,sold,Formula,290 BR,2020,35.25,inboard,432,Pacific Coast,fair,119024.11,107371.19,118,2024-08-05,[],
comp_fd68ce155a40,internal_sales,sold,Formula,350 CBR,1966,35.62,inboard,10270,Atlantic Coast,very_good,32794.48,27665.9,112,2024-05-21,[],
comp_6b13d10e1e8a,brokerage,sold,Bayliner,Element M17,2004,19.98,sterndrive,236,Inland Lakes,good,11837.0,11126.11,110,2025-05-25,[],
comp_b3a942581a94,marketplace,listing,Hunter,36,1990,27.88,inboard,3047,Maritimes,good,32664.77,,89,2024-08-07,"[""trailer""]",
comp_4e89c5cba21f,marketplace,listing,Lund,1650 Angler,2008,17.22,outboard,759,Gulf Coast,very_good,11944.25,,75,2025-06-07,[],
comp_8d3e69597d70,marketplace,sold,Carver,C40 Command Bridge,2005,31.31,inboard,1189,Gulf Coast,good,65619.24,60037.52,7,2023-04-10,"[""AIS""]",
comp_a7f27a01d821,marketplace,sold,Chaparral,21 SSI,2009,20.99,outboard,633,Atlantic Coast,fair,11285.08,10916.18,43,2026-02-08,"[""trailer""]",
comp_0b24be0afc43,internal_sales,sold,Sea Ray,SPX 190,2009,16.1,outboard,1145,Maritimes,good,10131.72,9821.85,52,2024-08-01,"[""generator"", ""trailer"", ""solar""]",
comp_a814a0f8396f,marketplace,sold,Sea Ray,SPX 190,2026,35.57,sterndrive,0,Inland Lakes,very_good,215320.7,184184.76,12,2025-12-07,[],
comp_55fabe1b3c8f,marketplace,sold,Jeanneau,Sun Odyssey 349,2007,41.18,sail_aux,732,Atlantic Coast,excellent,115769.75,102413.13,26,2025-08-18,[],
comp_1fe7744d43b5,marketplace,sold,Sea Ray,SDX 250,2015,14.47,outboard,644,Atlantic Coast,good,10602.17,9472.56,191,2024-01-04,"[""radar"", ""generator""]",
comp_f6187fb36987,marketplace,sold,Lund,1650 Angler,2009,33.25,inboard,1687,Inland Lakes,poor,16280.9,14325.2,24,2023-01-24,"[""joystick"", ""solar"", ""radar""]",
comp_c35074f0c9c4,brokerage,listing,Carver,C34 Coupe,2010,42.72,inboard,3686,Maritimes,very_good,124617.56,,24,2025-04-12,"[""autopilot""]",
comp_1f782f06368c,marketplace,sold,Chaparral,21 SSI,1974,22.35,outboard,3491,Maritimes,excellent,6631.46,5620.74,65,2023-05-08,"[""generator""]",
comp_8ca2d5df4227,marketplace,sold,Carver,C40 Command Bridge,2010,26.22,inboard,327,Great Lakes,fair,44521.52,38546.91,25,2026-04-14,"[""generator"", ""solar""]",
comp_9ec5ad5eb546,internal_sales,sold,Bennington,24 LXSB,2018,20.7,outboard,486,Pacific Coast,excellent,22189.64,20454.93,87,2025-10-23,"[""autopilot""]",
comp_d51cd3e5c905,marketplace,sold,Chaparral,21 SSI,2025,25.44,sterndrive,98,Maritimes,fair,49091.28,44979.66,95,2024-04-25,[],
comp_b06ec559328e,marketplace,sold,Carver,C34 Coupe,1976,27.88,sterndrive,9149,Gulf Coast,very_good,30305.85,29148.45,27,2025-06-05,"[""AIS"", ""autopilot"", ""generator""]",
comp_d459faaac23b,internal_sales,sold,Regal,26 XO,2016,24.15,sterndrive,269,Great Lakes,excellent,28950.47,27089.39,46,2025-08-24,"[""generator"", ""autopilot""]",
comp_e793c2918902,internal_sales,listing,Sun Tracker,Bass Buggy 18 DLX,2023,18.63,outboard,101,Gulf Coast,fair,15688.49,,31,2025-02-27,"[""joystick"", ""trailer"", ""autopilot""]",
comp_a53b0289f811,brokerage,sold,Yamaha WaveRunner,FX HO,2015,11.3,jet,905,Gulf Coast,good,3750.72,3608.74,93,2024-06-13,[],
comp_02e9d4d37e3a,marketplace,sold,Beneteau,Oceanis 41.1,2016,57.88,sail_aux,189,Great Lakes,very_good,212213.6,183511.74,58,2025-04-28,"[""autopilot"", ""solar"", ""radar""]",
comp_f9df29db7771,marketplace,sold,Lund,1975 Impact,1999,22.83,inboard,2795,Pacific Coast,fair,11826.55,11042.16,154,2024-02-19,"[""AIS"", ""autopilot""]",
comp_2cb5c969d66a,internal_sales,sold,Sun Tracker,Party Barge 22 DLX,2021,26.0,outboard,132,Inland Lakes,very_good,29474.71,28234.94,28,2023-02-14,"[""trailer"", ""AIS"", ""generator""]",
comp_7c128ddab413,marketplace,sold,Lund,1875 Pro-V,1988,24.96,outboard,1586,Inland Lakes,good,9958.48,9706.32,49,2026-11-24,"[""AIS"", ""joystick"", ""autopilot""]",
comp_99a814aa5e10,marketplace,sold,Chaparral,21 SSI,2018,13.2,sterndrive,223,Gulf Coast,fair,10148.59,8629.3,142,2026-09-16,[],
comp_6023aabd0333,marketplace,listing,Formula,350 CBR,2004,27.35,sterndrive,740,Maritimes,fair,46171.05,,37,2024-03-25,"[""autopilot"", ""AIS"", ""solar""]",
comp_c8da7d56ad05,internal_sales,listing,Lund,1975 Impact,2000,22.83,inboard,2129,Pacific Coast,good,15414.02,,24,2023-01-23,"[""autopilot""]",
comp_5f66ea50d453,marketplace,sold,Grady-White,336 Canyon,2025,24.67,inboard,188,Atlantic Coast,fair,46796.71,41941.93,38,2024-08-23,"[""autopilot""]",
comp_7e83e26b7f14,marketplace,listing,Sea Ray,Sundancer 320,1972,46.11,sterndrive,943,Pacific Coast,good,49387.25,,40,2025-08-22,"[""radar"", ""joystick""]",
comp_3cdec496f0fc,marketplace,sold,Sea Ray,SDX 250,2022,22.75,sterndrive,362,Inland Lakes,good,30509.63,26815.22,27,2025-04-23,"[""AIS"", ""radar""]",
comp_6140bd77b0a4,marketplace,sold,Catalina,445,2006,44.41,sail_aux,0,Pacific Coast,fair,77973.3,70195.82,20,2026-10-27,"[""generator"", ""joystick"", ""radar""]",
comp_a724ce99fde4,internal_sales,sold,Tracker,Pro Team 175,1979,21.65,outboard,1512,Inland Lakes,fair,5384.23,4622.17,185,2025-02-16,"[""radar""]",
comp_6b8b0e2b3de8,brokerage,sold,Grady-White,336 Canyon,2004,21.29,inboard,2370,Pacific Coast,fair,12371.54,10609.0,57,2024-02-22,"[""AIS""]",
comp_be0d67a4350c,marketplace,sold,Tracker,Pro Team 175,2024,23.75,outboard,211,Atlantic Coast,very_good,49058.46,44322.27,26,2025-01-11,"[""solar"", ""autopilot"", ""radar""]",
comp_060c6dfd098c,marketplace,sold,Carver,C34 Coupe,2005,38.77,inboard,1918,Great Lakes,good,92403.2,80798.19,24,2026-06-14,"[""autopilot"", ""generator"", ""joystick""]",
comp_5322658d43ee,marketplace,sold,Tiara,38 LS,2017,33.65,sterndrive,1147,Atlantic Coast,fair,91515.11,82068.74,59,2026-09-13,"[""autopilot""]",
comp_f7b5e736ffc4,marketplace,sold,Tiara,44 Coupe,2012,22.21,inboard,1038,Atlantic Coast,poor,28608.98,25738.43,46,2023-05-25,[],
comp_09e96aec78a2,brokerage,sold,Bennington,20 SVL,2020,21.7,outboard,132,Inland Lakes,good,22059.43,20808.28,55,2023-01-22,"[""autopilot"", ""generator"", ""trailer""]",
comp_5d5d949b5dc0,marketplace,sold,Parker,2320 Sport Cabin,1974,35.28,jet,9764,Maritimes,good,22849.28,21373.04,13,2026-09-17,"[""trailer"", ""joystick""]",
comp_1e80cfad5064,brokerage,listing,Harris,Solstice 230,1993,26.0,outboard,494,Great Lakes,good,9808.97,,31,2025-04-05,"[""radar"", ""AIS"", ""generator""]",
comp_17ffe9cc4751,brokerage,sold,Carver,C40 Command Bridge,2008,44.3,sterndrive,889,Great Lakes,poor,65929.33,59900.53,38,2025-01-14,"[""radar"", ""autopilot"", ""trailer""]",
comp_a6c2bc8896ba,marketplace,sold,Grady-White,336 Canyon,1981,26.0,inboard,3409,Pacific Coast,good,9777.81,8988.6,18,2025-01-14,"[""AIS""]",
comp_d3afdb3d879b,brokerage,listing,Tiara,44 Coupe,2007,37.27,inboard,1632,Gulf Coast,good,86913.63,,35,2026-06-27,[],
comp_7046691aa083,brokerage,sold,Lund,1975 Impact,2018,26.0,inboard,477,Maritimes,fair,25715.25,23625.37,42,2024-09-14,[],
comp_b8f372d874b7,marketplace,sold,Yamaha WaveRunner,VX Cruiser,2009,10.88,jet,434,Gulf Coast,very_good,3554.67,3412.47,107,2025-09-03,"[""solar"", ""joystick"", ""autopilot""]",
comp_ecd190aed6da,marketplace,sold,Carver,C40 Command Bridge,2014,50.3,sterndrive,657,Great Lakes,good,136465.66,132893.14,24,2023-11-23,"[""autopilot"", ""AIS""]",
comp_d1e8c52cbe5c,marketplace,listing,Tiara,44 Coupe,1964,37.02,inboard,7316,Gulf Coast,very_good,33982.6,,17,2026-07-25,"[""joystick"", ""trailer"", ""AIS""]",
comp_3f503d74f008,brokerage,listing,Formula,290 BR,2020,38.01,sterndrive,467,Pacific Coast,fair,135150.75,,21,2025-07-11,"[""AIS"", ""generator""]",
comp_1353904f1750,marketplace,sold,Tracker,Pro Team 175,1982,19.58,outboard,5159,Maritimes,poor,3324.8,2806.18,46,2024-01-06,"[""joystick""]",
comp_d40b635b8f06,brokerage,sold,Carver,C40 Command Bridge,2012,50.3,sterndrive,574,Great Lakes,good,143851.95,133059.47,73,2024-02-04,"[""autopilot"", ""radar"", ""solar""]",
comp_f12fb350363d,brokerage,listing,Alumacraft Pro,205 Bay,1986,8.0,inboard,6861,Atlantic Coast,good,4336.27,,25,2024-02-16,"[""solar"", ""autopilot""]",
comp_ef1bf4af8183,internal_sales,sold,Tiara,38 LS,2011,38.49,inboard,1674,Atlantic Coast,good,98917.49,90756.83,22,2025-10-09,"[""joystick"", ""trailer""]",
comp_1b9de1c4d56e,marketplace,sold,Regal,28 Express,1984,21.93,sterndrive,4327,Maritimes,good,7673.3,7406.72,8,2026-07-18,"[""solar""]",
comp_bdd899df9112,internal_sales,sold,Lund,1975 Impact,2004,23.81,outboard,281,Maritimes,good,14496.61,12244.84,31,2026-08-27,"[""trailer""]",
comp_16e99bb21e95,marketplace,sold,Sea Ray,Sundancer 320,1986,13.72,sterndrive,6263,Gulf Coast,very_good,15515.92,13619.95,31,2025-09-25,"[""generator"", ""radar"", ""AIS""]",
comp_ad571d504031,marketplace,sold,Tiara,38 LS,1990,11.21,sterndrive,4790,Atlantic Coast,very_good,12556.09,11065.61,23,2023-09-01,"[""trailer"", ""joystick"", ""radar""]",
comp_8345f2a45081,brokerage,sold,Sun Tracker,Bass Buggy 18 DLX,2010,10.02,outboard,255,Maritimes,good,3456.17,3338.63,16,2023-02-01,[],
comp_676014c9ed07,marketplace,sold,Chaparral,280 OSX,2013,22.31,sterndrive,571,Atlantic Coast,good,20144.14,17989.37,98,2025-08-11,"[""solar""]",
comp_bea0bcd31197,brokerage,sold,Grady-White,336 Canyon,2025,16.65,inboard,97,Maritimes,good,36091.78,33557.62,21,2023-01-16,[],
comp_3c3b2d8a09ab,marketplace,listing,Boston Whaler,170 Montauk,2013,20.48,outboard,311,Inland Lakes,fair,17879.79,,128,2026-02-10,[],
comp_8659dc0faa5c,marketplace,sold,Harris,Solstice 230,2017,21.27,outboard,558,Great Lakes,fair,13333.49,11622.13,19,2023-08-18,"[""radar"", ""solar""]",
comp_40c17c6a633a,brokerage,sold,Tiara,38 LS,1990,37.16,inboard,3471,Pacific Coast,good,57664.17,50187.79,70,2024-10-03,"[""autopilot""]",
comp_d8f81be59308,marketplace,listing,Grady-White,336 Canyon,1991,26.0,outboard,3911,Great Lakes,poor,7586.08,,21,2025-04-16,"[""solar"", ""autopilot""]",
comp_2949b07522e2,brokerage,sold,Sea Ray,SPX 190,2024,19.37,sterndrive,305,Atlantic Coast,good,33389.9,31644.74,34,2023-07-12,"[""joystick"", ""autopilot""]",
comp_032d5d8c7f5f,internal_sales,sold,Harris,Solstice 230,1989,19.1,outboard,741,Great Lakes,excellent,6579.61,6307.69,35,2024-02-12,"[""joystick"", ""solar""]",
comp_7c1897e8ce42,brokerage,sold,Sun Tracker,Party Barge 22 DLX,2011,25.57,outboard,491,Great Lakes,fair,11595.64,10978.88,303,2026-09-10,"[""autopilot""]",
comp_468fc170f337,marketplace,sold,Boston Whaler,230 Outrage,1977,25.77,inboard,4001,Pacific Coast,good,8485.34,7899.52,98,2026-09-09,"[""trailer"", ""generator""]",
comp_b64de10b0d2e,marketplace,listing,Boston Whaler,170 Montauk,2022,28.3,inboard,862,Inland Lakes,good,50089.38,,26,2026-09-06,[],
comp_d2b1be817da4,marketplace,listing,Tracker,Grizzly 1860,2012,11.91,outboard,662,Atlantic Coast,fair,5758.27,,34,2026-08-16,"[""solar"", ""joystick""]",
comp_9e380c6e4140,marketplace,listing,Chaparral,280 OSX,2020,16.82,sterndrive,544,Maritimes,good,20890.4,,54,2026-04-24,"[""autopilot"", ""trailer"", ""generator""]",
comp_36d56ce31e1c,brokerage,listing,Lund,1875 Pro-V,2002,21.06,inboard,2236,Gulf Coast,good,14681.47,,15,2023-05-20,[],
comp_dd93f71fd93c,marketplace,sold,Sea Ray,Sundancer 320,2022,15.99,outboard,202,Atlantic Coast,fair,17543.45,15782.36,18,2024-08-03,"[""radar"", ""generator"", ""solar""]",
comp_1cec110d11b2,brokerage,sold,Sea Ray,Sundancer 320,2009,33.2,sterndrive,1319,Atlantic Coast,fair,58966.41,56563.23,159,2026-04-11,"[""radar""]",
comp_e600964677d2,marketplace,sold,Sun Tracker,Party Barge 22 DLX,1965,19.63,outboard,3706,Inland Lakes,good,2407.36,2242.3,27,2023-10-03,"[""autopilot"", ""trailer""]",
comp_3fd54c721b09,marketplace,listing,Alumacraft Pro,Trophy 195,1981,27.21,inboard,3510,Inland Lakes,poor,11400.22,,43,2024-06-24,"[""joystick"", ""autopilot"", ""trailer""]",
comp_cb8771a08540,marketplace,sold,Chaparral,21 SSI,2025,15.63,sterndrive,194,Gulf Coast,good,28328.28,25254.35,26,2025-12-14,"[""joystick""]",
comp_12adf65f52ce,brokerage,sold,Chaparral,280 OSX,2023,17.01,sterndrive,68,Great Lakes,fair,21769.33,18780.84,16,2025-04-23,"[""generator""]",
comp_afc1392575bf,marketplace,sold,Boston Whaler,170 Montauk,2011,23.84,outboard,1157,Inland Lakes,fair,19536.86,18087.56,15,2026-06-10,[],
comp_a168af13d0c9,brokerage,listing,Chaparral,21 SSI,2024,22.45,outboard,45,Maritimes,very_good,50082.52,,71,2023-06-28,"[""AIS"", ""trailer""]",
comp_c55329293c02,brokerage,sold,Sea Ray,SDX 250,2009,20.34,sterndrive,2611,Great Lakes,fair,34302.93,31047.19,120,2023-12-28,[],
comp_9e19648c1a0d,marketplace,sold,Sea Ray,SPX 190,2019,42.86,sterndrive,457,Great Lakes,good,146770.45,127792.56,83,2024-09-08,"[""autopilot""]",
comp_945b6292c6d3,brokerage,sold,Sun Tracker,Party Barge 22 DLX,2011,25.57,outboard,950,Great Lakes,excellent,16528.56,14821.69,37,2026-09-05,[],
comp_92133ac7e4a4,brokerage,sold,Sea Ray,SLX 260,2005,17.19,outboard,422,Great Lakes,very_good,13409.39,12883.23,128,2026-11-09,"[""radar"", ""solar""]",
comp_7d20e7c68865,brokerage,sold,Grady-White,257 Fisherman,2013,10.82,outboard,1518,Gulf Coast,very_good,8940.8,7819.97,18,2024-07-02,[],
comp_b6f52a1f58ff,internal_sales,listing,Alumacraft Pro,Trophy 195,2009,38.84,inboard,3719,Maritimes,good,69903.82,,17,2026-11-21,"[""generator"", ""autopilot""]",
comp_6c38a36b6b00,brokerage,sold,Sea Ray,SLX 260,2012,21.98,outboard,527,Pacific Coast,excellent,22964.68,21333.16,40,2023-04-15,"[""generator"", ""solar"", ""joystick""]",
comp_7b753544b654,brokerage,sold,SafeBoat,33 Full Cabin,2026,43.17,jet,710,Pacific Coast,very_good,334845.31,299972.82,195,2024-09-28,[],
comp_f392b4103e4e,brokerage,listing,Hunter,31,2025,32.63,inboard,54,Atlantic Coast,good,117756.49,,18,2025-09-01,"[""autopilot"", ""generator""]",
comp_dd49d15f518b,marketplace,sold,Chaparral,21 SSI,2026,24.28,sterndrive,67,Atlantic Coast,fair,44295.08,39973.17,18,2024-11-16,[],
comp_8c2b29447cdb,brokerage,listing,Chaparral,23 SSi,1989,17.26,outboard,4263,Atlantic Coast,very_good,7758.03,,30,2026-10-13,"[""solar"", ""trailer"", ""autopilot""]",
comp_2809ca5a474d,marketplace,sold,Grady-White,191 CE,1969,16.26,outboard,2455,Maritimes,good,3111.09,2795.4,25,2024-12-02,[],
comp_69e1e94786f4,marketplace,listing,Catalina,355,2020,30.96,inboard,77,Atlantic Coast,fair,75694.43,,155,2024-06-18,"[""autopilot"", ""trailer""]",
comp_3c82f5816f6f,marketplace,sold,Harris,Cruiser 210,1996,11.15,outboard,1589,Great Lakes,excellent,3879.12,3563.91,16,2026-10-16,[],
comp_2010946a5e91,internal_sales,listing,Tracker,Pro Team 175,2013,28.29,outboard,1207,Great Lakes,very_good,25945.83,,107,2024-05-08,"[""AIS""]",
comp_787c799045e0,brokerage,sold,Regal,26 XO,2018,24.15,sterndrive,235,Great Lakes,fair,22178.54,21090.08,34,2023-01-25,[],
comp_754d74f5b021,brokerage,sold,Harris,Cruiser 210,1964,23.75,outboard,1587,Inland Lakes,fair,2615.48,2204.03,19,2026-04-12,[],
comp_bb0ba471b69c,brokerage,sold,Grady-White,257 Fisherman,2014,19.03,inboard,1552,Pacific Coast,very_good,19230.86,18130.81,84,2026-11-09,"[""generator"", ""AIS""]",
comp_c9fa49ff6975,brokerage,sold,Sea Ray,SLX 260,1970,18.57,sterndrive,4409,Inland Lakes,very_good,4609.2,4286.43,18,2026-03-20,"[""radar"", ""generator"", ""trailer""]",
comp_d724e9bea464,marketplace,sold,Lund,1650 Angler,2003,24.8,inboard,2527,Gulf Coast,good,17659.56,14959.79,22,2025-06-09,"[""autopilot"", ""trailer"", ""joystick""]",
comp_4ebb6cafed41,marketplace,sold,Bennington,20 SVL,2001,22.8,outboard,255,Inland Lakes,fair,10074.11,9045.0,22,2026-07-08,[],
comp_4f88c3217ed4,brokerage,listing,Kawasaki Jet Ski,STX 160,2020,11.64,jet,76,Atlantic Coast,good,6267.91,,15,2023-10-19,"[""radar""]",
comp_7e3b722ce2e7,marketplace,sold,Lund,1875 Pro-V,2003,19.89,outboard,2276,Great Lakes,good,11447.88,10848.36,198,2025-02-28,"[""AIS""]",
comp_4982fbf7c3ba,brokerage,sold,Sea Ray,Sundancer 320,2011,19.44,outboard,159,Great Lakes,good,15337.11,14509.61,233,2023-11-23,"[""solar""]",
comp_729fb3087b68,brokerage,sold,Bayliner,DX2000,1993,25.81,sterndrive,2066,Atlantic Coast,very_good,13878.24,11767.01,23,2025-06-13,"[""radar""]",
comp_9d96e9d37d79,brokerage,sold,Harris,Solstice 230,2008,18.66,outboard,174,Great Lakes,fair,7748.72,7032.38,56,2024-06-01,[],
comp_5e4b392dd63b,brokerage,sold,Carver,C40 Command Bridge,2007,26.22,inboard,465,Great Lakes,fair,47321.41,41678.41,54,2023-06-14,"[""autopilot"", ""AIS""]",
comp_00c5b8f63c99,marketplace,sold,Boston Whaler,280 Vantage,1970,26.0,outboard,7276,Atlantic Coast,fair,5460.85,4963.83,34,2026-11-14,"[""joystick""]",
comp_531de5125a47,marketplace,sold,Carver,C34 Coupe,1999,38.77,inboard,1851,Great Lakes,very_good,92028.07,88748.65,27,2026-02-17,[],
comp_a2663f1cae35,brokerage,sold,Bayliner,Ciera 8,2025,23.5,outboard,200,Inland Lakes,good,45549.43,43931.35,231,2024-01-13,"[""generator"", ""autopilot""]",
comp_aed789fb6f28,marketplace,sold,Boston Whaler,280 Vantage,2019,24.27,outboard,417,Gulf Coast,poor,17841.91,16187.02,198,2023-05-26,[],
comp_949f3286d322,marketplace,sold,Tiara,38 LS,1984,20.39,sterndrive,2769,Pacific Coast,excellent,26008.82,24875.14,37,2026-12-28,[],
comp_2584bfa6a49c,marketplace,sold,Sea Ray,SPX 190,2018,19.37,sterndrive,358,Atlantic Coast,poor,11187.4,10029.0,24,2024-07-09,"[""solar"", ""generator""]",
comp_39b3b56aeb80,marketplace,listing,Regal,28 Express,2012,23.79,sterndrive,784,Maritimes,good,19359.84,,56,2023-01-08,"[""solar""]",
comp_5cc2057dcc5f,marketplace,listing,Tracker,Targa V-18,2022,26.0,inboard,145,Maritimes,good,34965.74,,45,2023-12-18,[],
comp_474b8ba8b698,brokerage,listing,Hunter,31,2026,32.63,inboard,96,Atlantic Coast,fair,111243.96,,84,2025-05-14,"[""joystick"", ""autopilot"", ""trailer""]",
comp_738b6203814f,brokerage,sold,Harris,Solstice 230,2003,23.1,outboard,1289,Gulf Coast,good,5968.01,5676.39,48,2025-01-14,"[""solar""]",
comp_0aa4300fac04,marketplace,listing,Formula,350 CBR,2024,33.84,inboard,337,Gulf Coast,good,183242.57,,28,2025-03-07,"[""AIS"", ""autopilot""]",
comp_d7aa5c9a1042,marketplace,listing,Sun Tracker,Bass Buggy 18 DLX,1996,19.65,outboard,694,Atlantic Coast,good,6991.29,,58,2023-03-03,"[""generator""]",
comp_e1b1ae2a9264,marketplace,listing,HarborCat,36 Pilot,2000,44.1,inboard,1833,Pacific Coast,fair,55500.77,,31,2026-06-05,"[""solar"", ""joystick"", ""trailer""]",
comp_45a54ea6469e,brokerage,sold,Sun Tracker,Party Barge 22 DLX,1998,19.73,outboard,1102,Great Lakes,good,6551.39,5677.26,87,2024-12-26,"[""autopilot""]",
comp_1635b49c117c,internal_sales,sold,Alumacraft Pro,205 Bay,2010,25.21,jet,6702,Maritimes,fair,33926.55,29714.95,29,2026-11-24,"[""trailer"", ""generator"", ""autopilot""]",
comp_1f97b4619415,internal_sales,listing,Grady-White,257 Fisherman,1990,24.71,inboard,867,Atlantic Coast,good,12354.77,,56,2026-08-07,"[""autopilot"", ""AIS"", ""trailer""]",
comp_3dc39ef942c2,brokerage,sold,Regal,LS4,2021,19.63,outboard,134,Gulf Coast,good,23864.2,21693.14,30,2026-08-21,"[""solar"", ""AIS"", ""radar""]",
comp_65f4aba64424,internal_sales,sold,Chaparral,280 OSX,1991,22.97,sterndrive,2758,Inland Lakes,fair,9416.23,8358.76,52,2024-06-25,"[""AIS"", ""trailer""]",
comp_56b0b17996a5,marketplace,sold,Grady-White,191 CE,1971,25.1,outboard,1900,Inland Lakes,good,6202.04,5355.74,48,2023-10-11,"[""trailer""]",
comp_24df6f02499b,marketplace,sold,Sea Ray,SDX 250,2015,26.0,sterndrive,922,Great Lakes,fair,19090.57,17620.72,82,2026-12-28,"[""radar"", ""AIS""]",
comp_0f2b4a1395b9,marketplace,sold,Bayliner,VR5,2025,26.0,sterndrive,184,Pacific Coast,very_good,59047.73,56065.34,29,2026-01-23,"[""generator""]",
comp_66af44571ac5,marketplace,sold,Chaparral,21 SSI,2022,20.36,sterndrive,143,Atlantic Coast,good,29139.6,24686.71,20,2024-08-16,[],
comp_22dfc1fcef01,marketplace,listing,Beneteau,Oceanis 31,2013,17.27,inboard,1067,Great Lakes,good,35303.93,,241,2023-11-01,"[""radar"", ""generator"", ""autopilot""]",
comp_9485c4aa086a,marketplace,sold,Grady-White,191 CE,2006,26.0,inboard,443,Great Lakes,fair,17519.33,15934.46,43,2024-02-17,"[""AIS""]",
comp_a4c3540cd6c5,marketplace,sold,Regal,LS4,1973,22.32,outboard,3819,Gulf Coast,good,5835.0,5533.9,53,2024-12-23,"[""radar"", ""joystick"", ""AIS""]",
comp_5ba980653632,brokerage,listing,Bennington,20 SVL,1999,21.55,outboard,2006,Atlantic Coast,good,10530.05,,36,2023-09-10,"[""generator""]",
comp_06cbc2525606,brokerage,listing,SafeBoat,33 Full Cabin,1979,47.2,inboard,9293,Gulf Coast,good,40269.49,,31,2024-04-22,"[""generator"", ""trailer""]",
comp_ed11336a2375,internal_sales,listing,Bayliner,VR5,1976,21.58,sterndrive,1485,Atlantic Coast,very_good,5485.0,,7,2025-08-20,"[""generator"", ""trailer"", ""AIS""]",
comp_405979a5a38c,marketplace,sold,Harris,Cruiser 210,1986,19.62,outboard,670,Great Lakes,fair,4308.28,3916.31,67,2024-08-12,"[""AIS"", ""radar"", ""trailer""]",
comp_cce53e74fdbf,brokerage,sold,Sea Ray,SDX 250,2026,31.85,sterndrive,0,Inland Lakes,excellent,232119.3,211393.23,52,2025-05-07,"[""AIS"", ""radar""]",
comp_efc1a7457795,marketplace,sold,Chaparral,280 OSX,2005,25.8,outboard,1208,Great Lakes,good,18417.51,15519.47,39,2023-04-19,"[""trailer"", ""autopilot"", ""AIS""]",
comp_aead41853a97,brokerage,sold,Sea Ray,SDX 250,1985,19.49,outboard,4636,Pacific Coast,fair,5040.05,4501.07,11,2024-09-21,"[""generator"", ""joystick""]",
comp_649e484e35ec,brokerage,sold,Carver,C40 Command Bridge,2017,39.5,inboard,529,Pacific Coast,good,110705.34,103189.78,20,2026-08-21,"[""generator"", ""trailer""]",
comp_3479b272a3c1,brokerage,sold,Bayliner,VR5,2026,17.29,outboard,0,Pacific Coast,good,37532.73,35274.19,39,2024-03-22,[],
comp_37997b57c734,brokerage,sold,Sun Tracker,Bass Buggy 18 DLX,1969,17.32,outboard,1844,Gulf Coast,poor,1147.7,1017.99,223,2026-03-01,"[""AIS""]",
comp_f4469208b882,brokerage,sold,Chaparral,23 SSi,2005,25.09,sterndrive,907,Atlantic Coast,very_good,17378.96,16903.44,69,2026-03-27,"[""AIS""]",
comp_0f980a5b37e5,marketplace,sold,Jeanneau,Leader 10.5,2004,40.71,sail_aux,580,Great Lakes,very_good,111696.79,94629.07,490,2026-02-04,"[""solar""]",
comp_636707e0e502,marketplace,listing,Tiara,44 Coupe,2014,31.94,sterndrive,1377,Pacific Coast,very_good,96040.17,,29,2023-09-08,[],
comp_8989adfd3499,brokerage,sold,Chaparral,23 SSi,2013,22.13,sterndrive,520,Great Lakes,fair,17496.69,15853.42,88,2025-01-26,"[""trailer"", ""generator""]",
comp_68a84fafe3cf,internal_sales,sold,Grady-White,336 Canyon,2006,24.19,inboard,1411,Inland Lakes,good,19337.58,17938.15,39,2026-07-18,"[""joystick"", ""trailer""]",
comp_5a8ee048d2de,brokerage,sold,Regal,26 XO,2009,19.74,sterndrive,418,Maritimes,fair,10592.62,9413.93,27,2023-09-09,[],
comp_08550e9aa556,marketplace,sold,Chaparral,280 OSX,2021,24.97,outboard,56,Maritimes,poor,20420.26,19835.68,111,2023-05-16,"[""solar"", ""generator"", ""joystick""]",
comp_06ec6926ba21,marketplace,listing,Bayliner,DX2000,2010,24.08,sterndrive,1398,Inland Lakes,good,19180.05,,41,2024-05-02,"[""radar"", ""AIS"", ""autopilot""]",
comp_bd4ba8ee23e6,internal_sales,sold,HarborCat,36 Pilot,2020,16.02,inboard,2078,Maritimes,good,37646.88,33689.15,16,2024-11-28,"[""solar"", ""radar"", ""trailer""]",
comp_af2905bfdae7,brokerage,listing,Boston Whaler,230 Outrage,1975,25.77,inboard,2734,Pacific Coast,good,8131.94,,31,2025-10-10,"[""generator"", ""AIS""]",
comp_17340ecdb06f,brokerage,sold,Bennington,20 SVL,2024,21.7,outboard,203,Inland Lakes,poor,18740.31,18106.03,70,2026-09-20,"[""generator"", ""trailer"", ""joystick""]",
comp_53e8a3d267a8,internal_sales,sold,Regal,26 XO,2010,20.86,sterndrive,257,Maritimes,fair,11707.81,11019.04,97,2024-05-12,"[""joystick""]",
comp_ca602ce252c0,brokerage,sold,Bayliner,Ciera 8,1988,22.53,sterndrive,2214,Gulf Coast,good,8245.29,7094.58,32,2026-01-23,"[""generator"", ""autopilot""]",
comp_be04663ff3a7,brokerage,listing,Tiara,38 LS,1979,37.84,sterndrive,2632,Great Lakes,fair,39824.98,,60,2024-01-25,[],
comp_15d5aea72eec,marketplace,listing,Regal,26 XO,2009,22.68,outboard,1515,Inland Lakes,very_good,20474.44,,98,2025-04-22,"[""joystick"", ""generator"", ""autopilot""]",
comp_bd8b5f9bab8a,marketplace,sold,Regal,28 Express,1981,21.93,sterndrive,4165,Maritimes,fair,6270.73,6042.49,104,2026-12-09,"[""autopilot"", ""trailer"", ""AIS""]",
comp_d2dc8116fd86,marketplace,sold,Bennington,22 SSB,1984,15.71,outboard,1644,Maritimes,good,3598.92,3298.29,64,2023-09-10,"[""generator""]",
comp_e42756d823d0,internal_sales,sold,Tracker,Pro Team 175,2020,26.0,outboard,1082,Gulf Coast,fair,26427.37,23752.07,178,2025-01-17,[],
comp_8a5d19b3ccb6,brokerage,sold,HarborCat,36 Pilot,2007,8.0,outboard,6104,Maritimes,very_good,7971.37,7273.68,117,2024-03-05,[],
comp_1e8f840b408f,internal_sales,sold,Sea Ray,SPX 190,1971,16.45,sterndrive,4632,Pacific Coast,good,4079.68,3528.19,47,2024-12-07,"[""autopilot"", ""joystick""]",
comp_7bd52409ab7b,marketplace,sold,Tiara,44 Coupe,2011,39.05,sterndrive,1190,Gulf Coast,fair,88754.79,84597.43,22,2024-04-17,"[""radar"", ""trailer""]",
comp_5efd15231f3a,marketplace,sold,Lund,1975 Impact,2007,26.0,outboard,630,Great Lakes,good,23650.08,21558.78,12,2026-11-22,"[""joystick"", ""AIS""]",
comp_e5020c69efae,brokerage,sold,Regal,LS4,1995,15.64,sterndrive,1340,Atlantic Coast,fair,5037.66,4313.19,16,2026-12-26,"[""solar"", ""autopilot""]",
comp_874af3dc98a9,marketplace,listing,Catalina,445,2015,17.69,sail_aux,0,Pacific Coast,good,29096.02,,33,2024-01-16,"[""solar"", ""trailer""]",
comp_fea01a2deaeb,marketplace,sold,Sea Ray,SLX 260,2009,21.98,outboard,651,Pacific Coast,very_good,19889.74,16757.92,44,2026-03-10,"[""radar"", ""joystick"", ""trailer""]",
comp_463e00b57657,marketplace,listing,Grady-White,191 CE,1987,16.94,inboard,2323,Atlantic Coast,excellent,7717.45,,79,2026-01-25,"[""joystick"", ""AIS""]",
comp_c1c9632ce03b,brokerage,sold,Bayliner,DX2000,2026,23.69,outboard,156,Inland Lakes,fair,39458.11,38286.45,122,2025-06-22,"[""radar"", ""generator""]",
comp_de0cdefffbbd,brokerage,listing,Tiara,38 LS,2008,50.79,inboard,650,Pacific Coast,good,156078.85,,43,2023-04-18,"[""joystick""]",
comp_65c92c87d86e,brokerage,sold,Carver,C40 Command Bridge,1974,29.21,sterndrive,2450,Pacific Coast,good,23365.61,21625.92,85,2023-08-16,"[""solar""]",
comp_e1c9409f30e5,marketplace,listing,Formula,350 CBR,1982,46.64,inboard,486,Pacific Coast,fair,55288.41,,66,2023-10-12,"[""generator""]",
comp_900633b83876,marketplace,listing,Alumacraft Pro,Trophy 195,2004,45.82,jet,5235,Gulf Coast,poor,47740.58,,54,2025-12-18,"[""joystick"", ""radar""]",
comp_a3f3a16f26e3,marketplace,sold,Tracker,Targa V-18,2006,26.0,inboard,606,Pacific Coast,fair,15127.28,14098.43,27,2023-06-27,"[""joystick"", ""trailer"", ""radar""]",
comp_7c644be4476a,brokerage,listing,Sea Ray,SDX 250,2014,29.39,sterndrive,469,Great Lakes,good,81030.72,,45,2023-11-15,"[""trailer"", ""radar"", ""AIS""]",
comp_4f86addb53fd,brokerage,sold,Boston Whaler,170 Montauk,2016,22.3,outboard,482,Gulf Coast,fair,20850.74,18326.05,20,2025-11-17,[],
comp_13d129207627,marketplace,sold,Boston Whaler,230 Outrage,2007,19.19,inboard,134,Maritimes,fair,11239.59,10075.5,200,2023-10-24,"[""radar""]",
comp_6ef2d5997d01,marketplace,sold,Alumacraft Pro,Trophy 195,2015,27.09,inboard,3391,Pacific Coast,good,59145.04,49709.41,80,2023-02-10,"[""autopilot"", ""generator"", ""AIS""]",
comp_8668ad39ae1f,marketplace,sold,Yamaha WaveRunner,VX Cruiser,2013,12.44,jet,582,Gulf Coast,good,4120.42,3466.78,33,2026-01-18,"[""joystick""]",
comp_e72a41672255,marketplace,sold,Sea Ray,SPX 190,2025,35.57,sterndrive,0,Inland Lakes,very_good,240668.47,234534.33,40,2024-11-08,"[""joystick"", ""solar"", ""trailer""]",
comp_7a6c819206f7,brokerage,sold,Lund,1875 Pro-V,2001,21.06,inboard,2236,Gulf Coast,good,12437.07,10997.73,57,2026-10-23,"[""autopilot"", ""joystick"", ""solar""]",
comp_3a6262c0b1ef,brokerage,sold,Beneteau,First 27,2020,43.7,sail_aux,144,Inland Lakes,fair,128070.02,118259.04,147,2023-12-01,"[""autopilot"", ""trailer""]",
comp_fb9a424eb73e,brokerage,sold,Sea Ray,Sundancer 320,1975,41.49,sterndrive,3946,Atlantic Coast,fair,38608.64,33423.06,60,2026-10-11,[],
comp_1ac2e30251a8,brokerage,listing,Bayliner,Ciera 8,2000,10.92,outboard,196,Gulf Coast,good,4902.02,,88,2025-05-16,"[""generator""]",
comp_20423c8a74c2,marketplace,sold,Harris,Solstice 230,2007,24.68,outboard,669,Great Lakes,fair,10830.3,9119.84,15,2023-06-12,[],
comp_8bb8055b8863,marketplace,listing,Tracker,Pro Team 175,2018,26.0,outboard,1260,Great Lakes,fair,24357.12,,16,2023-11-28,"[""generator"", ""AIS"", ""solar""]",
comp_f4f7d6e9b3fc,brokerage,sold,Chaparral,280 OSX,2026,16.91,sterndrive,0,Gulf Coast,very_good,43764.98,38109.09,32,2024-02-01,"[""radar"", ""AIS"", ""solar""]",
comp_c2c1576348e2,marketplace,sold,Tracker,Pro Team 175,2016,23.95,inboard,731,Pacific Coast,good,21246.31,20535.3,40,2024-05-14,[],
comp_a6f45f696afb,brokerage,listing,Grady-White,191 CE,2019,23.1,outboard,654,Pacific Coast,very_good,29845.46,,11,2025-02-27,[],
comp_68c33227a4a8,brokerage,sold,Tiara,44 Coupe,2000,23.07,sterndrive,2375,Pacific Coast,fair,28594.11,27147.88,95,2025-01-23,"[""AIS""]",
comp_1bf58c526e30,marketplace,listing,Tracker,Targa V-18,2022,26.0,inboard,170,Gulf Coast,poor,20964.29,,59,2023-10-05,"[""solar"", ""generator"", ""radar""]",
comp_356a7e88292b,marketplace,sold,Sea Ray,SPX 190,1986,22.39,outboard,1176,Gulf Coast,good,8475.41,7662.02,109,2025-01-16,"[""radar"", ""autopilot"", ""joystick""]",
comp_1b908b1791ce,marketplace,listing,Sea Ray,SLX 260,1992,38.28,sterndrive,5928,Great Lakes,excellent,78515.55,,63,2023-11-03,"[""autopilot""]",
comp_f29b6079dae5,marketplace,sold,Sea Ray,Sundancer 320,1987,28.68,sterndrive,1136,Great Lakes,poor,19616.87,16934.44,48,2024-07-15,"[""solar"", ""joystick""]",
comp_963bf7b3ca73,marketplace,sold,Tracker,Pro Team 175,2002,19.8,outboard,2335,Maritimes,poor,6468.62,5736.46,75,2025-12-19,"[""solar""]",
comp_c4986e519e68,marketplace,sold,Chaparral,21 SSI,2004,23.03,sterndrive,1812,Pacific Coast,very_good,18866.07,16403.97,17,2024-03-01,"[""trailer"", ""autopilot""]",
comp_c813ed9c682e,marketplace,sold,Regal,28 Express,2010,24.28,outboard,410,Gulf Coast,fair,15684.59,15142.74,58,2025-09-03,"[""trailer"", ""AIS""]",
comp_490c6066bb58,brokerage,listing,Sea-Doo,GTI 130,2008,11.6,jet,723,Maritimes,good,2984.63,,109,2025-12-03,"[""AIS"", ""trailer"", ""joystick""]",
comp_98a31e1447f3,marketplace,sold,Harris,Solstice 230,2011,14.78,outboard,733,Inland Lakes,poor,4305.99,3955.97,39,2025-01-03,"[""joystick"", ""trailer"", ""solar""]",
comp_44ead35edf3d,marketplace,listing,Parker,2820 XLD,2006,41.69,inboard,2796,Pacific Coast,good,65224.85,,19,2023-12-19,[],
comp_b148b27d8abc,brokerage,listing,HarborCat,26 WB,1983,32.97,jet,4432,Gulf Coast,good,28533.78,,76,2024-12-14,"[""generator"", ""radar"", ""autopilot""]",
comp_3ef26739e3eb,marketplace,sold,Jeanneau,Sun Odyssey 349,2009,37.83,inboard,474,Maritimes,fair,75093.19,66361.42,177,2025-01-15,[],
comp_65377dd09464,internal_sales,listing,Bennington,24 LXSB,2013,26.0,outboard,2359,Pacific Coast,good,11036.33,,62,2026-04-22,[],
comp_0899b1239585,brokerage,sold,Tracker,Grizzly 1860,2015,26.0,outboard,780,Maritimes,poor,13104.6,11805.13,29,2024-07-07,"[""generator"", ""trailer""]",
comp_371d049b0673,brokerage,listing,Boston Whaler,280 Vantage,2022,24.39,inboard,567,Great Lakes,very_good,50370.95,,19,2026-04-22,"[""trailer"", ""AIS"", ""autopilot""]",
comp_4c7f31f4b7ac,marketplace,sold,Regal,26 XO,1977,26.0,sterndrive,2916,Pacific Coast,good,7516.21,7212.97,38,2026-04-20,"[""joystick"", ""radar""]",
comp_e76a6aaa2b43,brokerage,listing,Sun Tracker,Bass Buggy 18 DLX,1994,17.1,outboard,1282,Maritimes,good,4714.66,,44,2025-02-19,[],
comp_8cf8d3d84970,brokerage,listing,Boston Whaler,230 Outrage,1990,11.88,inboard,2166,Pacific Coast,very_good,5558.29,,61,2024-03-11,[],
comp_7182c87feab7,marketplace,sold,Beneteau,Oceanis 41.1,1967,27.36,inboard,602,Atlantic Coast,good,24879.39,22060.71,74,2026-07-02,[],
comp_f6fb2771ca1f,brokerage,sold,Boston Whaler,230 Outrage,1995,14.2,inboard,5417,Inland Lakes,very_good,8802.69,7532.42,21,2025-12-06,"[""trailer"", ""solar""]",
comp_5a8b271b3971,internal_sales,listing,Chaparral,21 SSI,2009,21.7,sterndrive,633,Gulf Coast,fair,11831.79,,24,2024-11-22,"[""trailer""]",
comp_945fa4ca90a9,marketplace,sold,Beneteau,Oceanis 31,2008,34.44,sail_aux,88,Atlantic Coast,fair,57232.83,53638.38,15,2023-06-11,"[""joystick""]",
comp_2d6bc86ea7ed,marketplace,sold,Tracker,Grizzly 1860,2004,22.81,inboard,2231,Great Lakes,very_good,15751.55,14886.63,28,2025-09-19,"[""autopilot"", ""radar""]",
comp_1dc39a3a50ff,marketplace,listing,Grady-White,191 CE,1980,23.66,inboard,9955,Pacific Coast,good,6980.14,,345,2024-10-12,"[""radar"", ""AIS"", ""generator""]",
comp_84998a4d9dd2,brokerage,sold,Tracker,Grizzly 1860,2011,20.43,outboard,716,Pacific Coast,fair,10639.5,9770.52,81,2023-07-05,[],
comp_ab49079cca18,marketplace,listing,Bayliner,Element M17,1969,20.55,sterndrive,3720,Inland Lakes,good,4697.09,,187,2023-06-13,"[""trailer""]",
comp_cfc6f5c07a03,marketplace,sold,SafeBoat,33 Full Cabin,2024,32.17,jet,317,Great Lakes,fair,114766.23,107178.15,67,2025-03-03,[],
comp_3f67ecc65903,marketplace,listing,Catalina,275 Sport,1997,49.34,sail_aux,744,Maritimes,very_good,103423.68,,68,2024-10-17,"[""joystick"", ""autopilot"", ""AIS""]",
comp_fc24f0674221,marketplace,listing,Sea Ray,SLX 260,1974,23.48,outboard,8171,Maritimes,excellent,7804.42,,11,2023-08-24,"[""generator"", ""radar""]",
comp_dca0c1f54631,marketplace,listing,Grady-White,336 Canyon,2018,23.65,outboard,209,Maritimes,very_good,27526.99,,20,2026-11-19,"[""generator""]",
comp_1f482382fbee,marketplace,listing,Carver,C40 Command Bridge,1979,42.91,inboard,2537,Maritimes,good,48864.99,,94,2024-05-28,"[""AIS"", ""joystick"", ""solar""]",
comp_5dba01602cab,brokerage,sold,Carver,C40 Command Bridge,2014,39.08,sterndrive,670,Maritimes,good,113868.11,101485.28,23,2023-05-07,"[""AIS"", ""trailer"", ""generator""]",
comp_8aa6279c34d3,marketplace,listing,Sea Ray,SLX 260,2003,43.38,sterndrive,1344,Great Lakes,good,102850.05,,24,2025-11-07,[],
comp_5ba2736ca69d,marketplace,listing,Regal,LS4,2005,21.8,outboard,315,Inland Lakes,good,13789.48,,25,2026-04-06,[],
comp_2ea5ab10082e,marketplace,sold,Catalina,275 Sport,2006,33.23,inboard,1050,Maritimes,fair,45642.68,42408.37,81,2025-12-24,"[""solar"", ""joystick"", ""autopilot""]",
comp_53e451fea2a0,marketplace,sold,Regal,28 Express,1978,19.4,outboard,5889,Gulf Coast,fair,4335.17,4146.62,59,2023-11-13,"[""trailer""]",
comp_8f06cfa70597,brokerage,sold,Sea Ray,SLX 260,1997,20.28,outboard,933,Inland Lakes,good,10544.13,8941.87,120,2024-07-16,"[""AIS"", ""autopilot""]",
comp_1314cec68e31,internal_sales,sold,Sun Tracker,Party Barge 22 DLX,2021,20.37,outboard,426,Gulf Coast,very_good,17726.14,16310.52,65,2025-05-19,[],
comp_145b7dc89f14,brokerage,sold,Tracker,Pro Team 175,2005,19.8,outboard,3945,Maritimes,good,12716.65,11761.03,39,2024-04-13,"[""generator"", ""joystick"", ""solar""]",
comp_25aae524f915,brokerage,listing,Harris,Cruiser 210,1988,15.89,outboard,3052,Maritimes,very_good,4352.29,,31,2024-01-16,[],
comp_1003677bdfd3,marketplace,sold,Harris,Solstice 230,2026,22.96,outboard,34,Atlantic Coast,fair,36418.38,32051.85,21,2026-12-12,"[""joystick"", ""generator""]",
comp_7f1dfe172d93,brokerage,sold,Regal,LS4,2018,20.11,outboard,314,Gulf Coast,good,20365.19,19752.24,18,2026-02-18,[],
comp_6a9a0f15ccbb,marketplace,sold,Formula,290 BR,2022,30.73,sterndrive,568,Maritimes,good,115714.69,109510.48,70,2024-09-13,"[""solar"", ""trailer""]",
comp_025c853422a4,brokerage,listing,Boston Whaler,230 Outrage,2020,21.02,outboard,411,Great Lakes,fair,25548.87,,40,2023-09-04,[],
comp_685383ab1520,internal_sales,listing,Parker,2820 XLD,2002,31.97,inboard,2884,Atlantic Coast,good,49462.24,,63,2023-06-20,[],
comp_c04a3defee8b,brokerage,sold,Hunter,36,2018,23.22,sail_aux,351,Pacific Coast,fair,37588.09,32990.51,56,2026-09-28,"[""radar""]",
comp_03fde1ad63e2,marketplace,listing,Sea Ray,SDX 250,2013,22.67,sterndrive,1085,Inland Lakes,fair,15884.65,,70,2024-01-13,"[""generator"", ""autopilot"", ""trailer""]",
comp_ed0b22b40100,marketplace,sold,Boston Whaler,230 Outrage,2018,24.56,outboard,383,Inland Lakes,fair,23748.32,21136.79,35,2023-05-27,"[""solar""]",
comp_098b985ad389,marketplace,sold,Tiara,44 Coupe,1985,48.14,sterndrive,813,Pacific Coast,good,69293.7,64461.37,42,2023-01-14,[],
comp_d34ad85efda1,marketplace,sold,Hunter,31,2018,20.12,inboard,336,Maritimes,good,42026.17,41054.91,64,2024-11-04,"[""joystick"", ""AIS""]",
comp_25bf0744887e,marketplace,sold,Lund,1875 Pro-V,1992,26.0,outboard,5082,Maritimes,excellent,14138.71,13494.81,55,2025-04-28,"[""autopilot"", ""radar"", ""trailer""]",
comp_6fa89af6dc71,brokerage,sold,Bayliner,Ciera 8,2006,21.86,sterndrive,1127,Great Lakes,very_good,15157.14,12789.93,8,2023-07-03,"[""autopilot"", ""solar""]",
comp_015d252ae102,marketplace,listing,Lund,1975 Impact,1988,21.26,outboard,2468,Atlantic Coast,good,7786.56,,91,2023-12-16,"[""radar""]",
comp_32837d07711b,internal_sales,listing,Bennington,24 LXSB,2026,23.92,outboard,220,Inland Lakes,good,50742.0,,63,2025-05-15,[],
comp_aae85846fede,marketplace,sold,Sea Ray,SDX 250,2016,14.47,outboard,443,Atlantic Coast,good,10952.13,9657.48,56,2025-02-07,"[""autopilot""]",
comp_1a5fd93744f1,internal_sales,sold,Grady-White,191 CE,1983,16.52,outboard,2202,Atlantic Coast,fair,4224.37,3776.18,45,2023-12-16,"[""autopilot"", ""trailer""]",
comp_e69748dd88da,marketplace,sold,Sun Tracker,Party Barge 22 DLX,2007,26.0,outboard,412,Pacific Coast,very_good,15849.71,14871.62,95,2024-02-12,"[""AIS"", ""joystick"", ""solar""]",
comp_0c2a734a5178,brokerage,sold,Chaparral,23 SSi,2016,25.08,outboard,2360,Pacific Coast,very_good,28414.96,24440.98,13,2023-09-19,"[""generator"", ""solar"", ""AIS""]",
comp_abce2bfbc79c,marketplace,sold,Bayliner,DX2000,2002,24.4,sterndrive,254,Pacific Coast,fair,11442.36,10257.03,39,2026-07-20,"[""trailer"", ""generator"", ""autopilot""]",
comp_259b05b214c6,brokerage,sold,Bennington,24 LXSB,2009,26.0,outboard,2610,Pacific Coast,very_good,13039.52,12693.26,19,2024-07-06,"[""radar""]",
comp_6c7255a849d8,marketplace,sold,Tiara,38 LS,2009,32.34,inboard,1910,Great Lakes,excellent,90159.82,76411.65,16,2024-08-04,[],
comp_ed0b34f07cf1,brokerage,sold,Sea Ray,Sundancer 320,2005,16.14,sterndrive,656,Maritimes,very_good,11849.25,11272.97,31,2025-08-05,[],
comp_aab659e16d76,marketplace,sold,Hunter,31,2024,32.63,inboard,94,Atlantic Coast,fair,87407.33,76837.82,139,2026-05-20,"[""autopilot"", ""AIS"", ""trailer""]",
comp_a81febc0a41f,brokerage,sold,Lund,1975 Impact,2003,23.81,outboard,210,Maritimes,poor,9308.77,8953.6,41,2024-08-26,"[""joystick"", ""generator""]",
comp_51f3982a5383,marketplace,sold,Boston Whaler,280 Vantage,1976,20.65,inboard,1520,Gulf Coast,very_good,5083.58,4829.45,19,2026-03-03,"[""solar"", ""joystick"", ""autopilot""]",
comp_2c108e3facb4,marketplace,sold,Sea Ray,Sundancer 320,2004,26.0,outboard,426,Pacific Coast,good,16333.74,15093.3,24,2023-12-28,"[""autopilot""]",
comp_be7fba1ab521,marketplace,listing,Bayliner,Ciera 8,1970,25.11,sterndrive,4648,Maritimes,good,6120.95,,52,2023-11-07,"[""trailer"", ""autopilot"", ""AIS""]",
comp_3b76b932be23,brokerage,sold,Sun Tracker,Party Barge 22 DLX,2000,19.18,outboard,905,Gulf Coast,fair,5475.63,4699.23,58,2023-08-23,"[""joystick"", ""autopilot"", ""solar""]",
comp_dba84b63f0ff,brokerage,sold,Jeanneau,Leader 10.5,2015,26.97,sail_aux,156,Inland Lakes,very_good,68458.92,61246.47,94,2024-08-22,"[""solar""]",
comp_ad84d43f556a,brokerage,sold,Tracker,Grizzly 1860,2012,16.34,outboard,1492,Pacific Coast,very_good,14120.46,13024.82,65,2025-04-25,"[""solar"", ""joystick""]",
comp_ce7ff4c6be1b,marketplace,listing,Carver,C34 Coupe,1971,39.46,inboard,4129,Great Lakes,very_good,42706.42,,22,2025-01-08,"[""radar""]",
comp_782650458931,internal_sales,sold,Sun Tracker,Party Barge 22 DLX,1981,18.78,outboard,3655,Inland Lakes,fair,3429.2,3193.5,39,2024-07-03,"[""AIS""]",
comp_82e3a3c1020e,marketplace,sold,Beneteau,First 27,1990,30.57,sail_aux,3036,Inland Lakes,good,52799.67,45781.94,29,2024-11-05,"[""generator"", ""trailer""]",
comp_b64a1547d3e4,internal_sales,sold,Formula,290 BR,1994,48.98,sterndrive,3084,Pacific Coast,fair,80121.53,71934.03,14,2023-01-03,[],
comp_f67e9b7dcf22,marketplace,sold,Sea Ray,SLX 260,2007,43.38,sterndrive,917,Great Lakes,good,102244.44,88157.41,32,2026-04-19,"[""joystick""]",
comp_6d80e7493817,marketplace,listing,Bayliner,Ciera 8,2011,24.41,outboard,790,Inland Lakes,excellent,23593.37,,15,2025-05-23,[],
comp_294c28b13bd6,brokerage,sold,Lund,1650 Angler,2012,26.0,outboard,828,Great Lakes,fair,21112.27,18484.37,22,2024-07-20,"[""radar"", ""trailer""]",
comp_f372848199b4,marketplace,sold,Formula,290 BR,1999,43.01,inboard,1451,Maritimes,good,91364.14,78137.95,48,2025-10-07,"[""joystick"", ""solar""]",
comp_266340c4053a,internal_sales,sold,Regal,28 Express,2012,23.79,sterndrive,581,Maritimes,good,22720.92,19253.12,22,2025-07-14,"[""joystick""]",
comp_c9f15d5fafde,brokerage,sold,Bayliner,VR5,2017,20.68,outboard,838,Gulf Coast,fair,15333.24,14922.89,19,2023-07-02,"[""autopilot"", ""trailer""]",
comp_a721e9351b8e,marketplace,sold,Carver,C40 Command Bridge,1982,28.2,inboard,1182,Great Lakes,excellent,40566.04,35838.57,639,2023-12-09,"[""joystick"", ""solar""]",
comp_4601868c4751,marketplace,sold,Tiara,44 Coupe,2010,39.05,sterndrive,608,Gulf Coast,excellent,132278.24,128277.07,32,2026-10-17,"[""generator"", ""joystick""]",
comp_77396a758164,internal_sales,sold,Lund,1975 Impact,2008,26.0,outboard,1077,Maritimes,very_good,24752.78,23655.87,15,2024-03-08,[],
comp_13de02f46cf1,marketplace,sold,Grady-White,257 Fisherman,2013,19.29,outboard,856,Pacific Coast,good,17474.31,15683.47,29,2023-03-20,[],
comp_ad9766f3ed17,marketplace,sold,Carver,C34 Coupe,2013,39.17,inboard,665,Inland Lakes,good,100402.37,89474.73,87,2025-03-07,"[""autopilot"", ""AIS"", ""joystick""]",
comp_aa100c454fa3,marketplace,listing,Lund,1875 Pro-V,2012,17.22,outboard,1750,Pacific Coast,poor,6812.01,,80,2023-05-26,"[""solar"", ""radar"", ""autopilot""]",
comp_29113d3ee170,brokerage,sold,Regal,28 Express,2003,25.0,sterndrive,2247,Atlantic Coast,fair,14675.24,13317.86,45,2024-06-09,"[""trailer"", ""radar""]",
comp_33953d8bc773,marketplace,listing,Grady-White,257 Fisherman,1991,24.71,inboard,712,Atlantic Coast,fair,9837.65,,77,2026-05-05,"[""generator"", ""solar"", ""autopilot""]",
comp_942dfb0f4d9d,marketplace,listing,Bayliner,VR5,1975,21.56,sterndrive,1558,Gulf Coast,fair,4781.06,,65,2025-06-26,"[""radar""]",
comp_6014723e0eee,brokerage,sold,Sun Tracker,Bass Buggy 18 DLX,1976,24.15,outboard,5444,Atlantic Coast,good,5004.74,4392.97,27,2025-08-20,"[""radar""]",
comp_ebd1eb574e79,brokerage,sold,Grady-White,191 CE,2017,18.96,outboard,380,Atlantic Coast,fair,13178.47,12835.43,69,2025-04-10,"[""solar"", ""autopilot"", ""trailer""]",
comp_25a7423d97bc,marketplace,listing,Chaparral,280 OSX,1971,18.03,outboard,2499,Pacific Coast,poor,2200.13,,47,2025-03-02,"[""trailer"", ""AIS"", ""solar""]",
comp_8bd147004de8,internal_sales,listing,Tiara,44 Coupe,1983,48.14,sterndrive,1014,Pacific Coast,fair,64161.02,,55,2026-12-25,"[""trailer"", ""radar"", ""generator""]",
comp_cc32d030e787,brokerage,sold,Parker,2320 Sport Cabin,1974,35.4,inboard,1878,Atlantic Coast,excellent,28051.72,25213.79,26,2026-06-14,"[""generator""]",
comp_99f91da57708,internal_sales,listing,Carver,C34 Coupe,2005,35.87,sterndrive,2511,Atlantic Coast,very_good,73299.07,,102,2023-05-06,"[""generator"", ""trailer""]",
comp_d052a32bd784,marketplace,sold,Regal,LS4,1968,21.14,outboard,1234,Gulf Coast,good,5150.96,4551.13,49,2026-09-09,"[""autopilot"", ""joystick"", ""generator""]",
comp_7856609c206b,brokerage,listing,Catalina,275 Sport,1997,41.07,inboard,770,Inland Lakes,poor,40626.3,,47,2025-11-19,"[""AIS"", ""solar""]",
comp_28ec615482ab,brokerage,sold,Chaparral,280 OSX,2010,19.72,sterndrive,1467,Great Lakes,fair,13383.21,12573.05,57,2023-09-02,"[""generator""]",
comp_1b6b3522699a,brokerage,sold,Carver,C40 Command Bridge,2001,41.17,inboard,1211,Maritimes,fair,61792.14,53348.32,74,2025-04-15,[],
comp_245ac74a75c6,brokerage,sold,Harris,Cruiser 210,2015,26.0,outboard,232,Pacific Coast,fair,13330.39,11736.21,16,2026-11-10,"[""joystick"", ""trailer""]",
comp_e0dc85e6481d,marketplace,sold,Bennington,20 SVL,2006,26.0,outboard,1674,Great Lakes,very_good,15661.68,14191.65,30,2025-08-17,"[""joystick""]",
comp_9b63899af7f0,marketplace,sold,Carver,C34 Coupe,2023,28.65,inboard,573,Great Lakes,good,128221.7,124226.04,54,2025-09-12,[],
comp_49c412d6d5a9,marketplace,sold,Bayliner,Ciera 8,2020,15.24,sterndrive,364,Atlantic Coast,good,16595.24,14609.82,8,2023-11-06,"[""generator""]",
comp_16464ffa7264,brokerage,sold,Beneteau,First 27,2026,24.34,sail_aux,0,Maritimes,poor,54245.34,49491.19,94,2024-06-21,"[""joystick""]",
comp_2e16c269c66e,marketplace,sold,Chaparral,21 SSI,2015,19.09,outboard,1341,Maritimes,good,15180.35,13960.68,43,2024-03-02,"[""AIS""]",
comp_1b020476680e,brokerage,sold,Bennington,20 SVL,1978,17.99,outboard,1963,Maritimes,very_good,4807.64,4437.16,63,2026-03-03,"[""trailer"", ""autopilot"", ""joystick""]",
comp_beaa4a70cd15,brokerage,sold,Alumacraft Pro,Trophy 195,2017,18.84,inboard,1876,Maritimes,good,38551.92,34561.11,120,2026-12-09,[],
comp_efbdf6512e3a,marketplace,sold,Chaparral,280 OSX,2014,16.69,outboard,24,Maritimes,good,11900.15,10557.68,26,2023-10-06,"[""generator""]",
comp_b052e0856467,brokerage,sold,Beneteau,First 27,1977,25.8,sail_aux,1264,Inland Lakes,good,32209.96,29627.63,42,2024-03-08,"[""AIS"", ""generator"", ""autopilot""]",
comp_52f5dbb2b896,brokerage,sold,Harris,Solstice 230,1994,21.51,outboard,2074,Inland Lakes,poor,4286.41,3939.83,63,2023-03-24,[],
comp_6fc7b99905ac,brokerage,listing,Catalina,355,1987,45.22,inboard,2281,Gulf Coast,fair,49821.48,,114,2026-07-05,"[""solar""]",
comp_e36456298615,marketplace,sold,Chaparral,21 SSI,2024,25.31,sterndrive,0,Maritimes,fair,22560.87,20892.46,21,2025-04-10,[],
comp_28668ad2fed5,internal_sales,sold,Formula,290 BR,1990,48.43,inboard,3233,Maritimes,fair,62801.06,56038.4,17,2025-09-12,"[""solar"", ""generator""]",
comp_8b5e52526d43,marketplace,sold,Harris,Cruiser 210,2015,17.68,outboard,234,Great Lakes,good,10992.81,9248.35,23,2024-10-22,"[""joystick"", ""AIS""]",
comp_4f4d4480b92a,brokerage,listing,Sea Ray,SPX 190,2018,20.54,sterndrive,195,Pacific Coast,fair,16917.43,,59,2025-10-14,"[""radar""]",
comp_4e4dcb566c2a,marketplace,sold,Sun Tracker,Bass Buggy 18 DLX,2021,26.84,outboard,93,Inland Lakes,fair,19470.39,18458.64,57,2023-11-11,"[""AIS"", ""generator""]",
comp_89f3a26c189f,internal_sales,sold,Bennington,20 SVL,2001,26.0,outboard,2738,Great Lakes,good,13030.52,11690.2,74,2024-10-10,"[""AIS"", ""generator""]",
comp_fa71111075fa,marketplace,listing,Harris,Solstice 230,2022,26.0,outboard,178,Gulf Coast,good,26492.69,,97,2026-01-12,"[""radar""]",
comp_82dfc73af198,internal_sales,sold,Boston Whaler,280 Vantage,2012,20.36,inboard,1544,Inland Lakes,fair,16124.99,14891.62,29,2024-09-18,"[""AIS""]",
comp_2029abe498cd,marketplace,sold,Regal,LS4,2022,17.73,outboard,82,Pacific Coast,good,23057.14,19620.29,36,2026-07-18,"[""autopilot""]",
comp_49dfbef5c3ca,marketplace,listing,Formula,350 CBR,2003,28.55,sterndrive,443,Inland Lakes,very_good,60527.88,,59,2023-04-03,[],
comp_e97661ce2b30,internal_sales,listing,Regal,LS4,2023,20.67,outboard,366,Maritimes,poor,17837.17,,97,2026-09-24,[],
comp_4405a8c75651,marketplace,listing,Harris,Cruiser 210,1967,23.75,outboard,2767,Inland Lakes,good,3506.67,,47,2025-05-17,"[""solar"", ""radar"", ""generator""]",
comp_bc64635a178a,marketplace,sold,Catalina,355,2014,26.25,sail_aux,273,Inland Lakes,very_good,59037.92,56277.22,41,2026-06-12,"[""joystick""]",
comp_18882e09160d,marketplace,sold,Tiara,38 LS,2011,32.34,inboard,2152,Great Lakes,fair,76630.56,70314.97,45,2024-12-05,"[""AIS"", ""trailer"", ""radar""]",
comp_c04918139c36,marketplace,sold,Sea Ray,SPX 190,2004,31.91,inboard,778,Maritimes,good,60320.23,55732.22,17,2026-09-24,[],
comp_b8ed0d557167,marketplace,sold,Kawasaki Jet Ski,STX 160,1997,12.15,jet,389,Maritimes,good,1856.54,1581.06,40,2023-05-22,"[""joystick"", ""solar"", ""AIS""]",
comp_368752cd3b33,brokerage,sold,Sea Ray,SLX 260,2019,36.71,sterndrive,1010,Gulf Coast,fair,108592.59,95494.35,90,2023-12-25,"[""joystick"", ""autopilot"", ""AIS""]",
comp_820b38e1638a,marketplace,sold,Beneteau,Oceanis 41.1,2005,37.86,sail_aux,1252,Maritimes,fair,72604.29,69385.23,52,2026-05-01,"[""radar""]",
comp_9bcd44537f93,internal_sales,sold,Sea Ray,Sundancer 320,2009,21.26,sterndrive,3226,Great Lakes,fair,13887.77,11813.05,18,2023-05-03,[],
comp_94b7114a999d,marketplace,sold,Bayliner,VR5,1992,24.83,sterndrive,4934,Gulf Coast,fair,9352.6,7907.8,117,2023-01-21,"[""autopilot"", ""trailer""]",
comp_2666097efebb,marketplace,listing,Regal,LS4,1973,17.9,outboard,482,Great Lakes,fair,4041.43,,14,2025-05-22,"[""generator""]",
comp_bcc3e29f7db1,brokerage,sold,Tiara,38 LS,1987,37.16,inboard,2164,Pacific Coast,good,57723.52,49259.66,69,2023-05-08,"[""generator""]",
comp_16a90c7571f2,marketplace,sold,Beneteau,First 27,2011,19.87,inboard,804,Atlantic Coast,fair,29133.48,27606.14,70,2023-10-28,[],
comp_6dea0dcd1ef7,marketplace,listing,Sea Ray,SPX 190,2021,37.59,sterndrive,494,Inland Lakes,good,160794.18,,40,2026-05-07,"[""joystick"", ""radar""]",
comp_a7f02dd45666,marketplace,sold,Grady-White,336 Canyon,2006,12.24,inboard,337,Great Lakes,good,8028.66,7613.67,237,2025-08-03,"[""joystick""]",
comp_b25abba066a2,marketplace,listing,Catalina,275 Sport,1973,27.1,sail_aux,930,Great Lakes,very_good,28880.89,,62,2025-11-22,"[""autopilot"", ""generator""]",
comp_be35eee6a422,internal_sales,sold,Lund,1875 Pro-V,2005,12.55,outboard,1431,Great Lakes,good,8186.35,7801.97,48,2025-04-16,"[""solar""]",
comp_7818aba3465b,marketplace,sold,Catalina,275 Sport,2016,30.9,inboard,0,Pacific Coast,fair,56978.93,53453.59,30,2026-11-24,"[""joystick"", ""generator""]",
comp_dfc03043fc94,brokerage,sold,Tiara,38 LS,1988,37.16,inboard,2954,Pacific Coast,good,54784.39,47173.88,13,2025-10-18,"[""solar""]",
comp_4550a841b6e2,marketplace,listing,Tracker,Targa V-18,2006,24.15,inboard,351,Pacific Coast,excellent,21371.36,,31,2024-10-06,"[""generator"", ""AIS""]",
comp_e3260027ed02,marketplace,sold,Sea Ray,SLX 260,2004,17.97,outboard,1828,Gulf Coast,fair,8588.76,7351.77,29,2024-02-01,"[""radar""]",
comp_767747d061e2,internal_sales,listing,Bennington,22 SSB,2011,14.18,outboard,468,Gulf Coast,fair,6877.45,,45,2025-09-21,[],
comp_3f0205a24eb2,internal_sales,listing,Tracker,Grizzly 1860,1996,19.15,outboard,1603,Atlantic Coast,fair,7675.96,,99,2023-08-13,"[""trailer"", ""joystick""]",
comp_10ecafdc1981,internal_sales,sold,Jeanneau,Sun Odyssey 349,2007,32.28,sail_aux,1426,Pacific Coast,good,66021.63,56513.32,248,2024-05-18,"[""trailer"", ""solar"", ""AIS""]",
comp_2c848360dab6,brokerage,sold,Catalina,445,1999,33.04,inboard,1035,Great Lakes,very_good,70938.83,59764.58,38,2023-05-07,"[""trailer"", ""generator"", ""autopilot""]",
comp_418f7f44aa16,marketplace,sold,Lund,1975 Impact,1984,24.69,outboard,3459,Great Lakes,good,9055.78,8576.1,193,2025-07-20,"[""AIS"", ""radar"", ""trailer""]",
comp_a1331f04127e,brokerage,sold,Harris,Cruiser 210,2026,20.23,outboard,0,Gulf Coast,very_good,39152.54,38352.75,241,2026-09-02,"[""solar""]",
comp_f452fc0c5735,marketplace,sold,Tiara,44 Coupe,2014,40.8,inboard,1908,Great Lakes,excellent,155232.07,138208.68,69,2026-07-10,"[""joystick""]",
comp_69b436077f11,marketplace,sold,Regal,LS4,1983,23.74,sterndrive,2212,Atlantic Coast,fair,7666.55,7188.54,10,2026-09-22,"[""solar""]",
comp_53af7ca2da81,internal_sales,sold,Sun Tracker,Bass Buggy 18 DLX,1998,19.81,outboard,1254,Atlantic Coast,good,6298.09,6090.1,47,2026-08-10,"[""joystick""]",
comp_d41ec19242c2,marketplace,sold,Tracker,Pro Team 175,2017,17.92,inboard,894,Atlantic Coast,excellent,17940.33,15163.86,55,2025-03-16,[],
comp_337db243f048,marketplace,sold,Sea Ray,Sundancer 320,2003,21.52,sterndrive,133,Gulf Coast,good,14916.12,14168.9,16,2026-11-08,"[""joystick"", ""trailer"", ""solar""]",
comp_28e468ee2ee2,marketplace,sold,Bayliner,Ciera 8,1972,18.64,sterndrive,1665,Great Lakes,poor,2149.96,1920.28,35,2025-12-01,[],
comp_93314363c0de,marketplace,sold,Sun Tracker,Party Barge 22 DLX,2012,23.48,outboard,465,Inland Lakes,good,13750.22,12878.3,47,2023-08-07,"[""AIS""]",
comp_1b71bba241aa,marketplace,listing,Tracker,Targa V-18,1963,22.16,outboard,3380,Great Lakes,poor,2302.53,,122,2026-08-18,"[""joystick"", ""radar"", ""autopilot""]",
comp_04cb5d6a39ce,internal_sales,sold,Chaparral,21 SSI,2026,24.28,sterndrive,45,Atlantic Coast,excellent,81098.66,70291.53,11,2023-11-25,"[""trailer""]",
comp_084a50a6e24a,marketplace,sold,Regal,28 Express,2009,24.28,outboard,431,Gulf Coast,good,18994.76,17570.08,30,2023-05-08,"[""radar"", ""trailer"", ""generator""]",
comp_6445e5e6c9e9,brokerage,listing,Bayliner,VR5,2014,20.68,outboard,1179,Gulf Coast,fair,12965.53,,69,2026-04-09,"[""AIS"", ""generator""]",
comp_d847332bdc8e,marketplace,listing,Jeanneau,Sun Odyssey 349,2010,30.14,inboard,767,Maritimes,good,65513.1,,24,2024-07-18,"[""generator"", ""joystick"", ""trailer""]",
comp_8bdc786ada8f,marketplace,sold,Bayliner,DX2000,2024,24.64,outboard,561,Maritimes,good,41157.77,36207.56,90,2026-03-23,"[""trailer"", ""solar"", ""generator""]",
comp_e97e76a4ec93,marketplace,sold,Bennington,24 LXSB,2023,17.25,outboard,581,Maritimes,poor,10353.13,9721.33,39,2024-04-21,"[""trailer"", ""AIS""]",
comp_fa127b2010bf,marketplace,listing,HarborCat,36 Pilot,1996,18.24,inboard,3545,Gulf Coast,excellent,23665.98,,47,2026-03-10,[],
comp_fefe0b144fb6,brokerage,sold,Sea Ray,SLX 260,2014,27.39,sterndrive,342,Pacific Coast,excellent,83579.82,75411.64,34,2024-06-28,"[""joystick""]",
comp_1f855a4bd74a,brokerage,listing,Tracker,Grizzly 1860,2022,26.0,outboard,65,Maritimes,fair,34623.05,,24,2023-01-26,"[""trailer"", ""autopilot""]",
comp_bccc40027304,marketplace,sold,HarborCat,26 WB,2011,8.58,jet,2042,Pacific Coast,excellent,13489.47,11715.7,24,2025-09-19,"[""generator"", ""solar""]",
comp_51966646d296,brokerage,sold,Bennington,24 LXSB,2006,21.26,outboard,1132,Great Lakes,poor,5890.85,5565.78,67,2025-05-07,"[""solar"", ""radar""]",
comp_d606a9e40663,internal_sales,sold,Harris,Cruiser 210,1999,22.27,outboard,671,Atlantic Coast,good,8831.19,7767.06,14,2025-02-10,[],
comp_4067b8050e83,marketplace,sold,Carver,C34 Coupe,1995,34.37,sterndrive,3641,Maritimes,excellent,71275.83,67264.38,116,2024-11-14,[],
comp_b4f08a2d30c9,marketplace,sold,Formula,290 BR,2008,30.81,inboard,1194,Maritimes,very_good,75223.42,71448.8,36,2026-10-16,[],
comp_23e1d9a77d62,internal_sales,sold,Sea Ray,SLX 260,2018,21.61,outboard,326,Gulf Coast,good,23361.01,21192.36,9,2026-03-16,"[""joystick"", ""trailer"", ""generator""]",
comp_546e26b1577a,internal_sales,listing,Lund,1650 Angler,2020,18.97,outboard,147,Gulf Coast,fair,20018.8,,28,2025-08-15,"[""AIS""]",
comp_7fa36077552a,marketplace,sold,Formula,350 CBR,1996,37.66,sterndrive,1892,Inland Lakes,very_good,85766.46,80012.71,36,2024-12-26,"[""trailer""]",
comp_e6e9c444211f,internal_sales,sold,Boston Whaler,170 Montauk,2021,22.45,inboard,153,Atlantic Coast,fair,32101.84,28801.01,111,2024-10-22,"[""autopilot"", ""generator"", ""AIS""]",
comp_a5e69a5593a9,internal_sales,sold,Bennington,22 SSB,1981,16.98,outboard,3393,Maritimes,very_good,4058.08,3727.36,7,2025-10-14,"[""radar"", ""joystick""]",
comp_15cd81f78712,brokerage,sold,SafeBoat,25 Defender,2011,32.33,outboard,2402,Maritimes,good,62849.42,53689.35,133,2025-07-03,"[""solar"", ""joystick""]",
comp_fcec89b4a82c,brokerage,listing,Alumacraft Pro,Trophy 195,2007,17.13,outboard,894,Inland Lakes,good,24580.39,,71,2023-03-03,"[""trailer"", ""generator""]",
comp_35553bcf0f00,brokerage,listing,Tracker,Targa V-18,2021,26.0,inboard,238,Maritimes,fair,31026.45,,97,2026-08-07,"[""radar""]",
comp_aaac51d7dd08,internal_sales,sold,Boston Whaler,170 Montauk,1985,24.54,outboard,727,Pacific Coast,good,11596.78,10771.5,49,2024-07-07,"[""joystick""]",
comp_9d019f0b3134,internal_sales,listing,Grady-White,257 Fisherman,2011,23.29,outboard,410,Great Lakes,very_good,22373.19,,25,2023-09-17,[],
comp_16f15cf73dae,brokerage,sold,Sun Tracker,Party Barge 22 DLX,2019,19.71,outboard,93,Inland Lakes,very_good,18241.92,16451.97,16,2026-03-12,"[""radar"", ""solar"", ""autopilot""]",
comp_0b2c976930e4,internal_sales,listing,Lund,1975 Impact,2012,24.12,inboard,3907,Pacific Coast,fair,18077.51,,230,2024-02-11,"[""generator"", ""radar""]",
comp_6c1a36cb3d1e,brokerage,sold,Sun Tracker,Party Barge 22 DLX,2001,26.0,outboard,1405,Great Lakes,poor,6083.1,5476.48,13,2025-01-06,"[""joystick"", ""generator"", ""trailer""]",
comp_a440356abc40,internal_sales,sold,Sun Tracker,Bass Buggy 18 DLX,2020,25.56,outboard,594,Great Lakes,fair,17168.65,15980.35,21,2025-09-21,"[""autopilot"", ""solar"", ""trailer""]",
comp_492452c0ab69,marketplace,listing,Alumacraft Pro,Trophy 195,2017,9.98,inboard,3215,Atlantic Coast,good,15182.44,,66,2026-09-08,"[""autopilot"", ""joystick""]",
comp_55c6c6918149,brokerage,sold,Carver,C34 Coupe,2005,35.87,sterndrive,2342,Atlantic Coast,good,83121.55,71824.14,24,2026-08-21,"[""generator"", ""radar""]",
comp_1e621e871172,marketplace,listing,Jeanneau,Sun Odyssey 349,2008,37.83,inboard,846,Maritimes,excellent,93318.22,,42,2024-09-16,"[""solar"", ""trailer""]",
comp_5df0a22db0a3,brokerage,listing,Formula,290 BR,1998,44.59,sterndrive,4827,Pacific Coast,excellent,123745.81,,34,2024-04-09,"[""autopilot"", ""solar""]",
comp_be922f5cef1e,marketplace,sold,Tiara,38 LS,1988,41.8,sterndrive,3155,Inland Lakes,very_good,73518.38,64669.22,87,2024-05-18,[],
comp_3a778f4b26f1,marketplace,sold,Lund,1875 Pro-V,1971,10.74,inboard,2582,Great Lakes,fair,1684.82,1451.87,8,2026-10-15,"[""solar"", ""joystick"", ""AIS""]",
comp_b0fae2a34f69,internal_sales,listing,Bayliner,Ciera 8,1991,23.64,sterndrive,1778,Pacific Coast,fair,7901.89,,84,2023-02-03,"[""autopilot""]",
comp_fb53457e41f5,marketplace,sold,Bennington,24 LXSB,2026,23.92,outboard,193,Inland Lakes,very_good,55833.25,48645.98,78,2024-10-26,"[""joystick"", ""radar""]",
comp_d94136de6c02,marketplace,sold,Sun Tracker,Party Barge 22 DLX,2010,25.57,outboard,771,Great Lakes,poor,8295.48,7477.97,56,2025-11-06,"[""generator"", ""trailer"", ""solar""]",
comp_0dfd6333edb4,marketplace,sold,Formula,290 BR,1983,24.87,inboard,3832,Maritimes,very_good,28818.71,25469.78,5,2024-07-19,"[""autopilot"", ""trailer""]",
comp_f6a4bfb6b2c5,internal_sales,listing,Tracker,Targa V-18,2017,15.48,outboard,510,Atlantic Coast,very_good,15090.41,,27,2023-07-14,[],
comp_cc46eea90df3,marketplace,sold,Bayliner,Element M17,1975,23.52,outboard,12031,Great Lakes,fair,4707.05,4326.01,23,2026-01-23,[],
comp_cbbce4b9d18f,marketplace,sold,Beneteau,Oceanis 41.1,1987,34.17,inboard,1515,Gulf Coast,good,54714.47,51388.38,16,2026-01-06,"[""generator"", ""AIS"", ""autopilot""]",
comp_97182192f699,brokerage,listing,Boston Whaler,170 Montauk,2014,24.71,outboard,931,Pacific Coast,good,28823.21,,43,2023-08-17,"[""radar"", ""autopilot"", ""joystick""]",
comp_cbe4e43faa0c,marketplace,listing,Sea Ray,Sundancer 320,2025,24.01,sterndrive,149,Maritimes,good,50994.69,,45,2025-09-02,"[""generator"", ""solar"", ""autopilot""]",
comp_7611d031f5ef,marketplace,sold,Parker,2820 XLD,2013,27.76,inboard,1384,Pacific Coast,good,56127.54,55004.7,19,2023-05-22,"[""radar""]",
comp_6cc255d51627,brokerage,listing,Bayliner,VR5,2008,19.61,sterndrive,503,Inland Lakes,poor,7631.91,,5,2024-09-12,[],
comp_cb74c55b0b3c,marketplace,listing,Formula,350 CBR,2015,36.47,sterndrive,1081,Maritimes,poor,64936.98,,28,2025-10-28,"[""generator""]",
comp_dc3507eea329,brokerage,sold,Lund,1650 Angler,1987,26.0,inboard,1078,Great Lakes,good,11253.64,10269.83,21,2023-02-05,"[""autopilot"", ""solar""]",
comp_3b6006ef9223,internal_sales,listing,Tracker,Grizzly 1860,2011,25.98,inboard,582,Maritimes,fair,17927.17,,50,2026-05-07,"[""trailer"", ""radar"", ""AIS""]",
comp_d2112d851773,marketplace,listing,Grady-White,336 Canyon,2008,12.24,inboard,281,Great Lakes,poor,4020.19,,150,2026-08-21,"[""AIS"", ""autopilot""]",
comp_954a66ccbee5,marketplace,sold,Lund,1975 Impact,2014,24.12,inboard,3083,Pacific Coast,very_good,22076.87,20167.97,105,2026-10-25,"[""autopilot"", ""solar"", ""generator""]",
comp_83194a361be8,internal_sales,sold,Bayliner,VR5,2021,14.76,sterndrive,148,Gulf Coast,good,15661.9,13881.45,42,2023-01-18,"[""solar"", ""trailer""]",
comp_d9bf8944be1b,marketplace,sold,Harris,Cruiser 210,1990,26.0,outboard,944,Gulf Coast,good,7346.32,6548.64,149,2026-06-27,"[""trailer"", ""generator"", ""radar""]",
comp_000a84e086b3,marketplace,sold,Formula,350 CBR,1976,33.23,sterndrive,7971,Gulf Coast,poor,20703.36,19033.62,46,2024-07-25,"[""generator"", ""solar"", ""AIS""]",
comp_3672c59761c5,brokerage,sold,Chaparral,21 SSI,2003,21.7,sterndrive,600,Gulf Coast,good,12482.51,10629.41,65,2024-12-14,"[""joystick"", ""radar""]",
comp_7e24c07125e5,brokerage,sold,Bayliner,Element M17,1986,16.73,sterndrive,2982,Pacific Coast,very_good,6260.4,5652.73,41,2026-07-04,[],
comp_ebb28bd982a0,brokerage,sold,Sea Ray,SPX 190,2025,16.21,sterndrive,23,Maritimes,very_good,33657.07,29555.72,55,2023-12-15,"[""joystick"", ""AIS""]",
comp_c6f4d1487af2,brokerage,sold,Lund,1975 Impact,2006,23.81,outboard,167,Maritimes,good,17476.55,15511.06,31,2025-10-22,[],
comp_7424a3d005d4,brokerage,sold,Bennington,22 SSB,2005,24.83,outboard,1530,Maritimes,good,12896.27,11659.76,13,2024-05-14,[],
comp_f3e31703af0d,brokerage,sold,Grady-White,336 Canyon,1978,19.95,outboard,4154,Pacific Coast,fair,5286.62,4690.11,27,2023-04-23,[],
comp_cbb03a15ac2f,marketplace,sold,Parker,2320 Sport Cabin,2016,15.78,jet,3071,Great Lakes,poor,14210.66,13191.58,11,2026-09-11,"[""generator""]",
comp_d1bfd6047d48,brokerage,sold,Carver,C34 Coupe,1997,37.76,sterndrive,1079,Great Lakes,excellent,89959.64,85021.32,155,2026-11-24,"[""joystick""]",
comp_86f3e8d946c6,brokerage,listing,HarborCat,26 WB,2017,30.35,outboard,2464,Atlantic Coast,good,63242.13,,23,2023-06-08,"[""radar"", ""trailer""]",
comp_f81861f9282c,internal_sales,sold,Tracker,Grizzly 1860,1967,21.63,outboard,5404,Maritimes,good,4586.49,4485.92,26,2025-10-24,"[""autopilot""]",
comp_70b496b2b96d,marketplace,sold,Harris,Solstice 230,1968,21.78,outboard,2259,Great Lakes,very_good,3639.47,3512.36,17,2023-06-08,"[""trailer"", ""solar""]",
comp_27d9cbbd835f,marketplace,sold,Regal,26 XO,2019,21.9,sterndrive,687,Great Lakes,good,24926.47,21764.32,59,2026-01-05,"[""radar""]",
comp_c2301236c634,brokerage,sold,Regal,28 Express,2007,23.79,sterndrive,634,Maritimes,good,19316.46,17987.74,20,2025-04-10,"[""trailer"", ""generator""]",
comp_69a2666bc7f5,internal_sales,sold,Lund,1975 Impact,2018,26.0,inboard,443,Maritimes,good,31107.51,28447.84,88,2023-03-19,"[""solar"", ""autopilot""]",
comp_9768208ff1fd,internal_sales,listing,Beneteau,Oceanis 31,2011,34.44,sail_aux,162,Atlantic Coast,good,88287.0,,26,2025-11-28,"[""radar"", ""trailer""]",
comp_ee8a20a639cc,internal_sales,listing,Jeanneau,Sun Odyssey 349,2005,35.71,sail_aux,470,Inland Lakes,fair,65739.31,,47,2024-05-11,"[""generator""]",
comp_f152984e60fa,brokerage,listing,Tracker,Grizzly 1860,2011,16.34,outboard,1223,Pacific Coast,excellent,14414.77,,8,2024-01-12,"[""radar""]",
comp_35802d57beb9,brokerage,sold,HarborCat,26 WB,2012,8.58,jet,1232,Pacific Coast,good,10995.91,9935.5,10,2025-03-02,"[""autopilot"", ""AIS""]",
comp_ecc1f3f8bc89,marketplace,sold,Chaparral,21 SSI,2011,21.81,outboard,1110,Maritimes,good,19071.35,18283.21,20,2024-11-24,"[""generator""]",
comp_6ca816090ba0,internal_sales,listing,Lund,1975 Impact,2014,26.0,outboard,722,Gulf Coast,very_good,30172.62,,38,2024-11-08,"[""radar""]",
comp_227de2a34cf7,brokerage,listing,Grady-White,257 Fisherman,2024,22.3,inboard,1558,Maritimes,poor,25742.34,,59,2024-01-19,[],
comp_5388cbd22c65,marketplace,sold,Sea Ray,SDX 250,2020,23.16,sterndrive,290,Pacific Coast,very_good,33620.54,29543.92,95,2026-10-20,"[""AIS""]",
comp_ca84f6e8b9e5,marketplace,sold,Formula,350 CBR,1984,18.03,inboard,10239,Maritimes,very_good,23654.34,22579.22,11,2024-04-16,"[""AIS""]",
comp_b9af31e8e581,brokerage,sold,Bayliner,Ciera 8,2011,21.86,sterndrive,991,Great Lakes,poor,10457.74,9626.25,32,2023-07-22,"[""trailer"", ""joystick"", ""AIS""]",
comp_c0981a3f6c91,brokerage,listing,Hunter,36,2025,28.29,inboard,0,Gulf Coast,good,110312.76,,19,2023-02-12,[],
comp_5f97bd5972ab,brokerage,sold,Grady-White,257 Fisherman,2009,26.0,inboard,1195,Great Lakes,excellent,28031.36,26870.33,10,2023-04-18,"[""generator"", ""radar"", ""autopilot""]",
comp_ae42ae7e8435,marketplace,sold,Sun Tracker,Party Barge 22 DLX,2013,19.76,outboard,324,Maritimes,excellent,12682.45,10729.33,134,2025-12-15,[],
comp_ebba919ac5e2,brokerage,sold,Lund,1975 Impact,1969,26.0,outboard,3855,Pacific Coast,good,5980.37,5399.27,39,2026-06-17,"[""solar"", ""autopilot""]",
comp_9faf091305d5,marketplace,sold,Hunter,31,1980,28.33,inboard,373,Inland Lakes,good,32846.67,30901.93,40,2023-05-04,[],
comp_21444d7b3de2,marketplace,sold,SafeBoat,33 Full Cabin,2015,45.31,outboard,797,Atlantic Coast,good,104037.14,100962.16,3,2026-01-15,"[""generator"", ""solar""]",
comp_a32c9954edc7,internal_sales,sold,Jeanneau,Leader 10.5,2005,34.09,sail_aux,1443,Inland Lakes,fair,58460.89,50313.24,21,2023-03-09,"[""joystick""]",
comp_5cb5eaa3b89c,marketplace,listing,Chaparral,280 OSX,2018,22.35,outboard,486,Gulf Coast,good,21597.34,,76,2026-07-28,"[""joystick""]",
comp_af3d3474d725,brokerage,sold,Lund,1650 Angler,1980,26.0,inboard,3725,Pacific Coast,good,9765.47,8317.4,64,2025-04-17,"[""radar"", ""autopilot"", ""solar""]",
comp_c92db12e7357,marketplace,listing,Catalina,355,2015,26.25,sail_aux,385,Inland Lakes,fair,44368.58,,5,2026-01-16,[],
comp_66655d79ec3d,marketplace,sold,Lund,1875 Pro-V,2002,19.89,outboard,1937,Great Lakes,poor,6780.95,6322.29,64,2024-11-19,"[""solar""]",
comp_7f954e5e7cb4,internal_sales,sold,Beneteau,Oceanis 41.1,2019,17.41,sail_aux,143,Pacific Coast,very_good,43463.58,40095.7,64,2026-12-27,"[""autopilot"", ""AIS"", ""solar""]",
comp_7fa2144e9627,brokerage,sold,Bayliner,DX2000,2018,15.35,sterndrive,616,Maritimes,poor,7910.25,6786.13,13,2023-05-20,"[""AIS""]",
comp_f523892031a1,marketplace,sold,Regal,LS4,2008,15.17,sterndrive,4007,Inland Lakes,fair,7582.85,6465.46,56,2025-10-28,[],
comp_4b8057aff2ec,internal_sales,sold,Carver,C40 Command Bridge,1979,42.91,inboard,1612,Maritimes,excellent,63679.18,60040.25,84,2024-07-20,"[""generator"", ""solar"", ""radar""]",
comp_75610f41eaa6,brokerage,sold,Bayliner,DX2000,1978,22.88,sterndrive,2174,Inland Lakes,good,6330.45,5685.68,45,2024-01-04,[],
comp_a667fbac49d7,brokerage,sold,Sea-Doo,RXT-X 300,1983,11.87,jet,1469,Great Lakes,very_good,1326.69,1207.41,170,2024-07-25,[],
comp_162663ba9a34,brokerage,listing,Harris,Cruiser 210,1983,15.89,outboard,1914,Maritimes,very_good,3533.23,,55,2025-04-11,"[""generator"", ""solar"", ""joystick""]",
comp_64484176b64d,marketplace,sold,Regal,LS4,2000,16.97,outboard,1185,Pacific Coast,poor,4901.58,4487.49,28,2025-03-15,"[""radar""]",
comp_20e612fbbbb6,brokerage,sold,Bennington,20 SVL,1968,18.9,outboard,2033,Gulf Coast,poor,1524.32,1355.54,65,2026-02-27,"[""AIS"", ""autopilot"", ""trailer""]",
comp_e1b6f5e03e07,brokerage,sold,Hunter,31,2025,32.63,inboard,97,Atlantic Coast,fair,98810.54,91984.56,35,2023-04-24,"[""AIS"", ""trailer"", ""joystick""]",
comp_ece803822d8f,brokerage,sold,Yamaha WaveRunner,VX Cruiser,2000,11.13,jet,568,Atlantic Coast,good,2400.27,2181.63,36,2024-07-17,"[""joystick"", ""generator""]",
comp_25839ed64dcb,marketplace,sold,Sun Tracker,Party Barge 22 DLX,2016,23.48,outboard,300,Inland Lakes,good,16300.51,14365.13,73,2024-07-07,"[""joystick"", ""generator""]",
comp_eb59cecca0a4,internal_sales,listing,Sea Ray,SPX 190,1985,23.37,sterndrive,3578,Pacific Coast,fair,7671.98,,92,2023-03-02,"[""autopilot"", ""joystick"", ""solar""]",
comp_c8763d6ed9ad,marketplace,listing,Tiara,44 Coupe,2024,35.09,inboard,389,Inland Lakes,poor,96638.83,,78,2024-10-13,[],
comp_2017a0576657,marketplace,listing,Bennington,22 SSB,2017,26.0,outboard,893,Pacific Coast,good,21178.44,,56,2026-02-21,"[""AIS""]",
comp_743b213856f5,marketplace,sold,Formula,350 CBR,2011,33.44,inboard,1561,Atlantic Coast,fair,77814.47,73474.35,61,2024-08-07,"[""generator"", ""radar""]",
comp_3a80521ca499,marketplace,sold,Grady-White,336 Canyon,1970,19.85,outboard,1936,Atlantic Coast,fair,3871.58,3438.19,195,2025-02-19,"[""radar"", ""solar""]",
comp_42d83cad576a,marketplace,listing,Boston Whaler,170 Montauk,2003,20.72,outboard,2492,Atlantic Coast,very_good,14543.27,,11,2023-11-04,"[""generator"", ""AIS"", ""solar""]",
comp_ceae5d4be381,brokerage,sold,Tracker,Grizzly 1860,2015,11.91,outboard,1024,Atlantic Coast,poor,4912.37,4573.52,147,2025-11-15,"[""solar""]",
comp_baef9755f37a,marketplace,sold,Bennington,22 SSB,2003,21.88,outboard,3242,Pacific Coast,good,9806.04,9203.55,16,2026-09-03,"[""trailer"", ""joystick""]",
comp_d578c23813fe,internal_sales,listing,Grady-White,191 CE,2018,26.0,inboard,1031,Pacific Coast,good,33895.45,,22,2024-10-01,"[""generator"", ""joystick"", ""trailer""]",
comp_2b319f18cb5f,brokerage,sold,Tracker,Grizzly 1860,2021,19.82,inboard,281,Maritimes,very_good,29379.36,28206.55,6,2023-12-25,"[""generator""]",
comp_c1edd502ac03,marketplace,sold,Sea Ray,Sundancer 320,2006,27.26,inboard,1173,Maritimes,fair,45708.03,43614.56,28,2023-08-28,"[""radar"", ""generator""]",
comp_a91ca6848d19,marketplace,sold,Sea Ray,Sundancer 320,1990,28.68,sterndrive,867,Great Lakes,fair,31216.71,27780.81,24,2023-03-28,[],
comp_1a230927347b,marketplace,listing,Sea Ray,SDX 250,2024,23.16,sterndrive,504,Pacific Coast,very_good,41401.05,,32,2024-01-06,"[""radar"", ""trailer""]",
comp_00d97eda7775,marketplace,listing,Bayliner,DX2000,2000,24.4,sterndrive,299,Pacific Coast,fair,11952.39,,63,2025-09-14,"[""joystick"", ""generator""]",
comp_3d501ebe6bc6,brokerage,sold,Grady-White,336 Canyon,2019,12.54,inboard,1474,Pacific Coast,good,11738.22,11079.66,23,2025-07-07,"[""joystick""]",
comp_ad244f4151ed,brokerage,listing,Sea Ray,SPX 190,1982,23.8,sterndrive,4932,Maritimes,good,5119.38,,146,2025-06-15,"[""AIS"", ""radar""]",
comp_0cc0b1afdae6,internal_sales,listing,Bennington,22 SSB,2013,23.45,outboard,397,Pacific Coast,very_good,19301.87,,46,2023-09-18,"[""AIS""]",
comp_e1ea9e5ff51a,marketplace,listing,Chaparral,23 SSi,2013,26.0,outboard,307,Maritimes,very_good,28444.0,,67,2023-03-04,"[""AIS""]",
comp_2be8c312dc62,internal_sales,sold,Tiara,44 Coupe,1999,38.79,sterndrive,2458,Maritimes,fair,71109.68,68107.71,216,2026-10-09,[],
comp_db83a97f65ae,marketplace,listing,Tracker,Targa V-18,2018,11.33,inboard,164,Pacific Coast,very_good,10029.61,,19,2025-09-08,"[""trailer"", ""autopilot""]",
comp_824ee756b050,brokerage,listing,Grady-White,191 CE,1980,30.78,inboard,3936,Gulf Coast,excellent,13951.95,,73,2023-01-03,"[""AIS"", ""radar"", ""solar""]",
comp_fcf88dc8f897,internal_sales,sold,Sea Ray,SLX 260,2008,37.23,inboard,1997,Gulf Coast,good,90124.55,76995.85,66,2025-02-22,"[""joystick"", ""AIS"", ""autopilot""]",
comp_113811f17d01,marketplace,sold,Catalina,275 Sport,2001,41.07,inboard,670,Inland Lakes,good,84118.57,78623.12,47,2025-09-19,[],
comp_df43ec1d5511,brokerage,sold,Chaparral,21 SSI,2026,18.91,outboard,34,Pacific Coast,very_good,46932.36,44099.91,128,2025-08-15,"[""solar"", ""autopilot"", ""joystick""]",
comp_8d31a90a5e14,marketplace,listing,Sun Tracker,Party Barge 22 DLX,2002,19.18,outboard,787,Gulf Coast,very_good,8846.41,,25,2024-10-26,"[""joystick""]",
comp_f8f46b1b813b,internal_sales,sold,Carver,C40 Command Bridge,1976,28.54,sterndrive,3589,Atlantic Coast,fair,18883.45,16671.67,34,2023-11-07,[],
comp_7f3a50104e90,brokerage,sold,Harris,Cruiser 210,2025,24.53,outboard,0,Pacific Coast,very_good,39925.23,37464.37,58,2023-08-11,"[""trailer"", ""solar"", ""joystick""]",
comp_9868ac453fee,brokerage,sold,Bayliner,Element M17,1973,26.0,outboard,3565,Pacific Coast,very_good,7508.42,7034.4,35,2026-02-17,"[""autopilot""]",
comp_d35e70e95ade,brokerage,sold,Grady-White,191 CE,2015,26.0,outboard,1168,Great Lakes,good,24076.61,21571.43,17,2023-09-27,"[""autopilot"", ""joystick""]",
comp_aa4c988fe0a2,marketplace,listing,Sun Tracker,Bass Buggy 18 DLX,2008,22.51,outboard,222,Gulf Coast,good,11723.92,,27,2024-12-21,"[""solar""]",
comp_373ac6b88146,marketplace,listing,HarborCat,36 Pilot,1996,20.25,inboard,19399,Great Lakes,fair,17200.8,,32,2026-05-27,"[""generator""]",
comp_45ff0fcdb7d2,brokerage,sold,Bennington,22 SSB,1990,25.92,outboard,1026,Pacific Coast,good,9610.88,8936.03,27,2024-07-25,"[""solar""]",
comp_64e2fb28c5b8,internal_sales,sold,Sea Ray,SPX 190,1983,19.33,sterndrive,2560,Gulf Coast,excellent,7042.75,6011.64,43,2024-06-16,[],
comp_7ec30088529d,marketplace,sold,Yamaha WaveRunner,VX Cruiser,2016,11.11,jet,460,Gulf Coast,fair,3119.71,2891.19,79,2024-03-01,"[""radar"", ""AIS""]",
comp_606d769fa47d,brokerage,sold,Grady-White,191 CE,1963,16.26,outboard,3753,Maritimes,good,2776.88,2562.41,41,2025-11-01,"[""generator""]",
comp_f191b591ca5e,marketplace,sold,Boston Whaler,230 Outrage,2019,24.56,outboard,341,Inland Lakes,poor,20278.85,17427.11,67,2023-04-22,"[""radar"", ""solar""]",
comp_3ccdad60f8d0,marketplace,listing,Chaparral,21 SSI,2017,21.28,outboard,409,Inland Lakes,good,21482.7,,20,2026-09-01,"[""generator"", ""solar""]",
comp_7ec0b92c1959,brokerage,listing,Grady-White,191 CE,2003,19.85,inboard,1402,Gulf Coast,poor,6649.53,,112,2024-10-22,"[""joystick""]",
comp_0b809d9e0db1,marketplace,sold,Regal,28 Express,2003,24.04,outboard,356,Great Lakes,very_good,19138.29,18173.16,44,2024-05-04,"[""solar"", ""radar""]",
comp_fdee35998d9d,marketplace,sold,Formula,290 BR,1995,40.79,sterndrive,4506,Gulf Coast,excellent,98082.29,88336.05,48,2025-07-23,"[""generator"", ""radar"", ""autopilot""]",
comp_0c6e31b9551d,marketplace,listing,Regal,28 Express,2022,26.0,outboard,72,Pacific Coast,good,43615.54,,18,2023-08-20,"[""generator""]",
comp_5f82d9f09972,internal_sales,sold,Bayliner,DX2000,1999,22.17,sterndrive,1618,Great Lakes,fair,9911.46,8653.24,128,2025-01-07,"[""generator"", ""autopilot"", ""joystick""]",
comp_734704067d56,marketplace,sold,Tracker,Grizzly 1860,2024,20.13,inboard,286,Maritimes,good,31658.89,28172.9,79,2024-08-08,"[""trailer"", ""joystick""]",
comp_36b48f0d79fc,brokerage,sold,Sun Tracker,Bass Buggy 18 DLX,2003,24.51,outboard,273,Pacific Coast,very_good,10791.14,9916.81,50,2024-03-08,"[""generator"", ""AIS""]",
comp_7324c8df2693,marketplace,listing,Tiara,44 Coupe,2015,31.7,sterndrive,171,Gulf Coast,good,83921.03,,21,2023-11-13,"[""radar"", ""trailer"", ""solar""]",
comp_c1457e334eeb,marketplace,sold,Lund,1975 Impact,2008,15.81,inboard,884,Atlantic Coast,good,11823.81,11223.74,31,2024-05-23,"[""autopilot""]",
comp_eb02c5e2945a,internal_sales,sold,Carver,C40 Command Bridge,1977,29.21,sterndrive,1688,Pacific Coast,good,28880.5,25679.07,37,2025-03-24,"[""AIS"", ""autopilot""]",
comp_62624b7f7128,marketplace,sold,Catalina,445,1981,43.11,inboard,1587,Maritimes,poor,30991.74,29526.0,87,2023-01-24,[],
comp_cd8850e224cb,marketplace,listing,Sea Ray,Sundancer 320,2022,33.61,inboard,184,Atlantic Coast,good,115788.8,,141,2026-03-05,"[""joystick"", ""solar""]",
comp_169918524581,marketplace,listing,Lund,1875 Pro-V,1989,21.45,inboard,3330,Great Lakes,good,10505.2,,93,2023-12-20,"[""AIS"", ""joystick"", ""radar""]",
comp_4e7fe3df23bf,marketplace,listing,Boston Whaler,230 Outrage,1971,17.41,outboard,11412,Atlantic Coast,good,4296.6,,30,2023-07-03,[],
comp_fed6ea287cab,internal_sales,sold,Sun Tracker,Party Barge 22 DLX,1996,19.18,outboard,1233,Gulf Coast,poor,3167.57,2893.05,46,2023-08-18,"[""joystick"", ""AIS""]",
comp_3835ce698397,marketplace,sold,Sea Ray,SPX 190,2014,20.13,sterndrive,1744,Gulf Coast,good,42624.65,40983.56,12,2023-02-18,"[""autopilot"", ""generator""]",
comp_f04e78fc9ddc,marketplace,sold,Grady-White,336 Canyon,2020,26.0,inboard,626,Gulf Coast,fair,27301.89,25098.03,52,2023-07-01,"[""AIS"", ""trailer"", ""autopilot""]",
comp_195fefe3135b,marketplace,listing,Regal,26 XO,2010,22.89,sterndrive,1409,Maritimes,poor,9990.21,,45,2025-11-10,[],
comp_2e8906132876,marketplace,sold,Sea Ray,SPX 190,2025,35.57,sterndrive,0,Inland Lakes,very_good,205074.46,198663.69,40,2023-12-27,"[""generator""]",
comp_932aff02455b,marketplace,sold,Bayliner,VR5,2006,19.66,sterndrive,1617,Gulf Coast,fair,9076.93,8295.09,88,2026-10-13,"[""radar"", ""autopilot""]",
comp_fa9e79c16972,marketplace,listing,Tiara,38 LS,2019,33.65,sterndrive,551,Atlantic Coast,fair,84976.36,,110,2023-01-02,[],
comp_e86f148570c6,marketplace,listing,Chaparral,23 SSi,1994,15.11,sterndrive,8324,Atlantic Coast,good,5831.13,,74,2025-12-04,[],
comp_dcde50e8d7ff,marketplace,sold,Sun Tracker,Party Barge 22 DLX,1977,20.14,outboard,1104,Inland Lakes,good,3943.91,3774.26,38,2023-05-04,"[""autopilot"", ""joystick""]",
comp_f0a4342e6fb5,marketplace,sold,Bayliner,Ciera 8,1982,20.59,sterndrive,3104,Pacific Coast,excellent,8043.15,7616.6,32,2023-05-19,"[""solar""]",
comp_b5b419e76912,brokerage,sold,Grady-White,336 Canyon,1976,26.0,inboard,2156,Pacific Coast,fair,6617.95,6373.02,77,2024-04-18,[],
comp_f0665e904004,marketplace,listing,Harris,Solstice 230,2026,20.91,outboard,61,Inland Lakes,good,35882.18,,124,2025-05-10,"[""solar"", ""autopilot"", ""radar""]",
comp_287c126d8116,marketplace,sold,Formula,290 BR,1986,33.82,inboard,642,Inland Lakes,fair,43668.58,38356.28,10,2023-09-27,"[""joystick"", ""trailer""]",
comp_73b2718311a3,internal_sales,sold,Carver,C34 Coupe,2015,48.16,inboard,684,Maritimes,excellent,160788.0,143327.06,20,2026-08-10,"[""AIS"", ""autopilot"", ""solar""]",
comp_eddce9e816f6,brokerage,listing,Regal,28 Express,2006,23.95,outboard,558,Gulf Coast,good,17495.25,,27,2025-08-21,"[""solar"", ""generator""]",
comp_72f1d9942b5e,brokerage,sold,Chaparral,21 SSI,2022,25.37,outboard,233,Atlantic Coast,very_good,47138.33,44700.06,127,2024-08-21,"[""joystick"", ""generator""]",
comp_4ccafb0623b6,marketplace,sold,Grady-White,191 CE,2000,12.08,inboard,1808,Atlantic Coast,very_good,6320.37,6077.86,11,2026-12-04,"[""generator"", ""AIS""]",
comp_3d24dcbd0474,marketplace,sold,Tiara,44 Coupe,2004,23.07,sterndrive,3593,Pacific Coast,good,45674.31,42098.8,52,2026-02-28,"[""joystick"", ""radar"", ""generator""]",
comp_a30629a6fd1c,marketplace,listing,Sea Ray,SPX 190,1978,13.65,outboard,3531,Atlantic Coast,poor,1714.85,,42,2025-12-24,"[""generator"", ""joystick""]",
comp_947a2bc438f9,marketplace,sold,HarborCat,36 Pilot,2005,38.4,jet,4953,Inland Lakes,good,73939.78,64052.24,46,2024-11-10,"[""generator"", ""radar""]",
comp_e6b42623797b,marketplace,listing,Grady-White,191 CE,1964,16.26,outboard,4745,Maritimes,good,3099.11,,8,2023-07-08,"[""AIS""]",
comp_dbbbc77676b9,marketplace,sold,Bennington,24 LXSB,2006,21.26,outboard,1710,Great Lakes,very_good,14462.01,13937.68,49,2023-12-06,[],
comp_35d32d27fe94,marketplace,sold,Sun Tracker,Party Barge 22 DLX,1998,19.73,outboard,2177,Great Lakes,good,6128.62,5857.47,138,2024-02-22,"[""AIS"", ""trailer""]",
comp_96f360aa9099,marketplace,sold,Sea-Doo,RXT-X 300,2010,11.62,jet,273,Gulf Coast,excellent,4061.2,3705.74,42,2023-03-28,[],
comp_98d1bfd5f6d4,brokerage,sold,Grady-White,191 CE,1995,12.08,inboard,3320,Atlantic Coast,good,5495.78,5073.57,98,2023-12-28,"[""AIS"", ""generator""]",
comp_ce552982ff50,marketplace,sold,Catalina,445,2018,21.16,sail_aux,169,Gulf Coast,good,43056.24,39875.1,45,2024-08-19,[],
comp_fecd4e9d12cc,internal_sales,sold,Formula,350 CBR,2001,38.96,inboard,363,Gulf Coast,very_good,84585.64,72433.46,31,2023-11-24,"[""autopilot""]",
comp_55a53959c6f1,marketplace,sold,Formula,350 CBR,1972,42.99,sterndrive,7171,Great Lakes,fair,40800.74,39535.92,73,2025-05-15,[],
comp_5325f9e6a025,brokerage,listing,Tracker,Pro Team 175,2019,26.0,inboard,353,Gulf Coast,poor,18700.43,,47,2023-04-28,"[""trailer"", ""autopilot""]",
comp_cd5f9bf94d9a,brokerage,sold,Harris,Cruiser 210,1970,22.8,outboard,503,Pacific Coast,good,3611.83,3360.07,49,2025-04-03,"[""AIS"", ""autopilot"", ""joystick""]",
comp_816a507c50f5,brokerage,listing,Tracker,Grizzly 1860,1970,21.63,outboard,8863,Maritimes,fair,3496.63,,172,2026-07-18,"[""generator""]",
comp_9b95e6f873bd,marketplace,sold,Sea-Doo,GTI 130,2026,11.6,jet,0,Maritimes,fair,13055.91,12321.68,189,2025-10-11,[],
comp_ea56115ee047,marketplace,listing,Lund,1875 Pro-V,2009,12.55,outboard,1181,Great Lakes,excellent,9099.03,,57,2025-12-20,[],
comp_c5d8c13bee15,marketplace,sold,Kawasaki Jet Ski,STX 160,1978,10.79,jet,1850,Great Lakes,very_good,1000.0,856.43,262,2023-10-27,"[""autopilot"", ""radar""]",
comp_8daaf652ad02,brokerage,sold,Chaparral,23 SSi,2023,20.76,sterndrive,330,Maritimes,poor,18116.12,16692.91,45,2023-08-26,"[""radar"", ""solar""]",
comp_b3f7e47bb71b,marketplace,listing,Catalina,445,2026,19.04,inboard,0,Great Lakes,very_good,88169.47,,19,2026-05-17,"[""trailer""]",
comp_a7c2c5ba6557,brokerage,sold,Hunter,36,2026,26.48,inboard,96,Great Lakes,good,106425.6,95957.22,35,2023-06-15,"[""autopilot"", ""generator""]",
comp_88de25d3cf58,marketplace,listing,Grady-White,336 Canyon,2001,20.37,outboard,2053,Gulf Coast,good,11253.01,,56,2025-07-25,"[""trailer""]",
comp_bab5f6e253ea,marketplace,sold,Catalina,275 Sport,1990,35.27,inboard,2033,Pacific Coast,excellent,53822.6,48078.67,88,2025-10-16,"[""generator""]",
comp_a5cdeea6ceea,marketplace,sold,Carver,C34 Coupe,2013,48.16,inboard,754,Maritimes,good,148280.63,128809.77,63,2025-10-03,"[""solar"", ""AIS"", ""autopilot""]",
comp_ca903cb9f994,marketplace,sold,Chaparral,280 OSX,1974,21.95,outboard,4197,Gulf Coast,good,5505.68,4888.99,43,2026-08-08,"[""autopilot"", ""joystick"", ""AIS""]",
comp_76fcdd59dab3,marketplace,sold,Sea Ray,Sundancer 320,2025,21.15,outboard,170,Pacific Coast,poor,25175.15,24508.9,60,2026-10-02,"[""generator""]",
comp_980f622d0674,brokerage,sold,Sea Ray,SPX 190,2005,19.34,outboard,223,Maritimes,fair,9821.07,8549.64,46,2024-05-20,"[""generator"", ""AIS"", ""solar""]",
comp_1ecf7dd7c5af,brokerage,listing,Bennington,24 LXSB,2000,24.58,outboard,767,Pacific Coast,fair,9993.59,,24,2023-01-09,"[""solar""]",
comp_05e43fd0fb71,marketplace,sold,Formula,290 BR,1983,24.87,inboard,4057,Maritimes,good,31888.32,30873.57,40,2023-04-17,"[""trailer""]",
comp_7161fe2d8a43,marketplace,sold,Lund,1975 Impact,1970,22.65,outboard,576,Pacific Coast,good,5904.42,5360.48,38,2025-05-01,"[""joystick""]",
comp_f0f75a05e5ee,marketplace,sold,Chaparral,280 OSX,2016,23.38,outboard,809,Maritimes,poor,12161.01,10488.57,34,2025-02-01,"[""autopilot"", ""joystick"", ""AIS""]",
comp_332e273110f6,internal_sales,sold,Hunter,31,2020,20.12,inboard,425,Maritimes,excellent,47987.83,45841.24,70,2026-05-13,"[""generator"", ""radar"", ""autopilot""]",
comp_cab4c607b4e5,brokerage,sold,Beneteau,Oceanis 31,2014,17.27,inboard,778,Great Lakes,fair,28237.42,26741.65,51,2026-11-13,[],
comp_32a5b2ab28c7,marketplace,sold,Sun Tracker,Party Barge 22 DLX,2012,23.28,outboard,555,Pacific Coast,good,13010.98,12105.17,72,2026-07-05,"[""generator"", ""joystick"", ""solar""]",
comp_98da0976134c,marketplace,sold,Formula,350 CBR,2019,33.84,inboard,546,Gulf Coast,poor,66493.04,64739.42,290,2024-03-02,[],
comp_0f5b79807f48,brokerage,sold,Harris,Solstice 230,1986,23.99,outboard,399,Great Lakes,good,6463.57,6151.84,192,2026-07-20,"[""radar""]",
comp_c147c8ae4d59,internal_sales,listing,Sea Ray,SPX 190,2003,18.65,outboard,702,Great Lakes,fair,9471.93,,61,2023-06-22,[],
comp_d625c9e4111e,internal_sales,sold,Chaparral,21 SSI,2023,26.0,outboard,40,Atlantic Coast,fair,36821.64,31629.86,36,2023-02-05,"[""solar"", ""generator"", ""trailer""]",
comp_b6284ffc5497,brokerage,sold,Chaparral,23 SSi,2008,23.04,sterndrive,46,Gulf Coast,poor,9067.56,8358.94,21,2023-06-01,[],
comp_83cf2b6c4d56,marketplace,sold,Sea Ray,SLX 260,1978,20.39,outboard,1451,Great Lakes,poor,3178.43,3100.07,102,2024-11-14,"[""joystick""]",
comp_67317d7cb4fb,brokerage,sold,Catalina,275 Sport,1996,30.94,inboard,1399,Maritimes,good,47898.1,44018.09,37,2023-04-24,"[""trailer""]",
comp_c5e17a81ca5e,marketplace,sold,Formula,290 BR,2013,36.95,inboard,2430,Inland Lakes,excellent,127168.94,108276.92,45,2025-07-06,[],
comp_37eb0e6c7934,internal_sales,listing,Bayliner,VR5,2021,16.5,sterndrive,328,Great Lakes,fair,15402.6,,27,2024-10-17,"[""autopilot"", ""joystick""]",
comp_b070d2b3cdbf,internal_sales,listing,Tiara,38 LS,2016,18.1,sterndrive,287,Inland Lakes,good,46493.79,,31,2023-11-11,[],
comp_a7a58a0745b4,marketplace,sold,Sea-Doo,RXT-X 300,1981,10.6,jet,1698,Atlantic Coast,fair,1000.0,869.73,31,2026-09-04,"[""generator"", ""AIS""]",
comp_4c0d6ffad50b,marketplace,sold,Formula,350 CBR,1996,38.96,inboard,442,Gulf Coast,good,67539.23,63651.66,12,2024-07-02,"[""generator"", ""AIS""]",
comp_b417a81ca607,brokerage,listing,Boston Whaler,170 Montauk,2024,19.66,outboard,30,Gulf Coast,poor,21068.57,,31,2023-10-09,"[""radar"", ""trailer"", ""autopilot""]",
comp_9021a5b92a4f,marketplace,sold,Beneteau,Oceanis 41.1,1978,40.11,sail_aux,1066,Atlantic Coast,good,53004.49,51200.77,15,2024-02-08,"[""AIS"", ""autopilot"", ""joystick""]",
comp_009dd74d7802,internal_sales,sold,Bayliner,VR5,2017,25.73,sterndrive,1384,Pacific Coast,excellent,31613.66,27472.86,34,2023-03-23,"[""solar""]",
comp_fc22b8b9c964,marketplace,sold,Sea Ray,SPX 190,2009,9.51,sterndrive,65,Great Lakes,excellent,6612.67,5707.16,9,2025-07-07,[],
comp_f546fdb5d9d9,marketplace,listing,Yamaha WaveRunner,FX HO,1996,10.59,jet,1182,Inland Lakes,very_good,1967.03,,10,2023-02-02,"[""radar"", ""generator""]",
comp_445a87df5b11,brokerage,sold,Tiara,38 LS,2006,48.49,sterndrive,1931,Maritimes,good,133197.03,121805.25,147,2026-01-26,[],
comp_177e943a724f,marketplace,sold,Bennington,20 SVL,1989,26.0,outboard,5675,Atlantic Coast,fair,7678.17,7365.06,145,2026-07-04,"[""joystick""]",
comp_6cfe069fe845,marketplace,listing,Boston Whaler,170 Montauk,2014,19.75,outboard,1323,Great Lakes,very_good,24650.95,,12,2023-03-28,[],
comp_a5a1a2d62890,internal_sales,sold,Chaparral,21 SSI,1977,20.81,outboard,1756,Inland Lakes,fair,4376.9,4032.04,64,2026-10-01,"[""trailer"", ""generator"", ""AIS""]",
comp_dbbd12963d07,marketplace,sold,Bennington,20 SVL,1982,18.23,outboard,1511,Inland Lakes,good,5072.16,4636.46,90,2024-12-02,[],
comp_f6757f6c062f,brokerage,sold,Boston Whaler,170 Montauk,2006,23.16,outboard,2678,Atlantic Coast,poor,10969.88,9816.31,40,2025-10-15,"[""radar"", ""autopilot""]",
comp_65a0f31bc210,marketplace,sold,Grady-White,336 Canyon,1999,12.66,outboard,2366,Atlantic Coast,good,6312.42,5818.57,26,2023-04-06,"[""radar"", ""joystick"", ""AIS""]",
comp_870d17033e0b,internal_sales,sold,Chaparral,280 OSX,2024,18.18,outboard,141,Maritimes,good,29663.87,27311.39,52,2024-12-10,"[""radar"", ""trailer"", ""joystick""]",
comp_f4a71324b92b,brokerage,sold,Hunter,31,2003,32.75,sail_aux,876,Great Lakes,good,56751.01,54462.87,124,2026-07-22,"[""joystick""]",
comp_9cd1686dae8b,brokerage,sold,Beneteau,Oceanis 41.1,1969,27.36,inboard,500,Atlantic Coast,good,25079.2,24452.3,52,2024-01-28,"[""autopilot"", ""solar""]",
comp_e7f8ddec9fa9,brokerage,listing,Bayliner,Element M17,2022,22.45,sterndrive,103,Great Lakes,very_good,35201.72,,79,2025-02-14,[],
comp_bdd859d526f0,marketplace,sold,Regal,LS4,2012,23.79,sterndrive,795,Great Lakes,very_good,24906.04,23294.83,42,2023-12-14,"[""generator"", ""radar""]",
comp_db1fd9630a24,internal_sales,listing,Sun Tracker,Party Barge 22 DLX,2013,23.06,outboard,1439,Gulf Coast,poor,7554.68,,71,2023-02-14,"[""trailer""]",
comp_ce91bd5a98b3,internal_sales,sold,Sea Ray,SLX 260,2018,16.44,sterndrive,271,Gulf Coast,fair,13894.44,13129.86,43,2024-05-22,"[""AIS"", ""generator"", ""autopilot""]",
comp_e62f656196f5,brokerage,sold,Grady-White,191 CE,1997,18.32,inboard,1249,Maritimes,good,8275.6,7598.73,41,2025-07-21,"[""radar"", ""autopilot"", ""generator""]",
comp_0b511b3afcb1,brokerage,sold,Chaparral,21 SSI,1968,17.06,outboard,1702,Inland Lakes,fair,3147.07,2794.59,61,2026-09-10,"[""joystick"", ""radar"", ""trailer""]",
comp_cadf902ebf4a,marketplace,sold,Lund,1975 Impact,1973,17.83,inboard,8206,Pacific Coast,fair,3803.9,3279.92,122,2025-07-17,[],
comp_5b8345e9d73d,internal_sales,sold,Formula,290 BR,2001,43.01,inboard,824,Maritimes,good,98575.5,86159.4,11,2026-07-20,"[""solar""]",
comp_07283f1f4a26,marketplace,listing,Harris,Cruiser 210,1971,22.04,outboard,186,Great Lakes,excellent,4482.56,,16,2025-06-19,"[""solar"", ""trailer"", ""joystick""]",
comp_ae363811f35c,marketplace,sold,Bayliner,Ciera 8,2017,15.24,sterndrive,449,Atlantic Coast,good,13317.45,11634.96,61,2024-07-15,[],
comp_813d2957f9d2,brokerage,sold,Regal,LS4,2024,25.22,sterndrive,41,Atlantic Coast,very_good,46212.94,42883.99,89,2026-03-09,"[""AIS""]",
comp_8c5c79ea771c,marketplace,sold,Sun Tracker,Party Barge 22 DLX,1999,21.36,outboard,1050,Maritimes,fair,6602.14,6413.59,15,2023-01-24,"[""AIS"", ""radar"", ""generator""]",
comp_86b84e7f193d,brokerage,listing,Alumacraft Pro,205 Bay,2015,40.52,outboard,996,Gulf Coast,very_good,114113.77,,27,2024-11-03,"[""joystick"", ""trailer""]",
comp_42d0a72f8487,marketplace,sold,Harris,Solstice 230,1971,21.04,outboard,3118,Inland Lakes,good,3296.57,2792.46,52,2023-12-04,"[""radar"", ""autopilot"", ""AIS""]",
comp_038b80640e16,marketplace,sold,Chaparral,280 OSX,2014,26.0,outboard,1389,Gulf Coast,fair,20494.12,17875.83,44,2024-10-02,"[""trailer""]",
comp_f99856331478,marketplace,listing,Carver,C34 Coupe,2022,31.25,inboard,428,Atlantic Coast,very_good,118788.35,,14,2025-10-24,"[""AIS"", ""solar"", ""trailer""]",
comp_d041d6ea2461,brokerage,listing,Hunter,36,1996,27.97,sail_aux,1344,Maritimes,good,34573.23,,36,2025-11-06,"[""joystick"", ""solar""]",
comp_7c82fabad38d,marketplace,sold,Boston Whaler,280 Vantage,2025,21.87,outboard,118,Great Lakes,fair,43462.87,38794.93,14,2025-10-13,"[""AIS"", ""joystick"", ""trailer""]",
comp_e3a1b180d01d,internal_sales,sold,SafeBoat,25 Defender,2002,8.0,inboard,2139,Pacific Coast,very_good,7360.41,6275.81,90,2024-11-28,[],
comp_6458691e0905,internal_sales,sold,Tracker,Pro Team 175,2017,26.0,inboard,293,Gulf Coast,fair,19332.52,17035.32,61,2024-03-19,"[""trailer"", ""joystick""]",
comp_2b47eafbc675,brokerage,sold,Chaparral,280 OSX,2023,20.36,sterndrive,282,Inland Lakes,good,35093.59,30253.0,73,2023-06-17,"[""solar"", ""AIS"", ""joystick""]",
comp_26b95904026c,internal_sales,sold,Chaparral,23 SSi,2022,13.56,sterndrive,180,Atlantic Coast,poor,8340.01,7079.46,17,2023-03-25,"[""radar"", ""autopilot"", ""joystick""]",
comp_52b7237dad0e,marketplace,sold,Regal,28 Express,1984,21.82,sterndrive,669,Pacific Coast,fair,6023.26,5297.57,16,2024-11-14,"[""generator"", ""joystick"", ""radar""]",
comp_6765cfeb7010,internal_sales,sold,Harris,Solstice 230,2024,22.96,outboard,41,Atlantic Coast,fair,26436.03,24088.58,166,2026-09-15,"[""joystick"", ""generator""]",
comp_5c3cd2459cda,internal_sales,sold,Bayliner,Ciera 8,2017,20.95,outboard,915,Pacific Coast,good,20342.42,18625.47,52,2025-05-11,"[""generator"", ""AIS""]",
comp_f28f34f33f42,brokerage,sold,Bayliner,Element M17,2026,18.9,sterndrive,0,Gulf Coast,very_good,49163.36,41638.33,36,2023-05-24,"[""generator"", ""autopilot"", ""trailer""]",
comp_768fb058dd1a,marketplace,sold,Chaparral,280 OSX,2019,22.39,sterndrive,252,Inland Lakes,poor,14172.76,11935.38,60,2025-06-01,"[""trailer"", ""generator""]",
comp_b2cc97a14437,marketplace,listing,Regal,26 XO,2010,16.92,sterndrive,1474,Great Lakes,fair,8919.99,,110,2024-08-25,"[""AIS"", ""autopilot"", ""trailer""]",
comp_2cced300672f,marketplace,sold,Chaparral,21 SSI,2016,25.37,outboard,179,Atlantic Coast,very_good,24800.14,22816.88,56,2025-06-08,"[""generator"", ""radar"", ""autopilot""]",
comp_cb8c7f60409f,marketplace,sold,Sea Ray,SDX 250,2001,36.77,sterndrive,2968,Maritimes,good,70828.04,69371.81,85,2024-07-22,[],
comp_6acb0211701c,marketplace,sold,Sea Ray,Sundancer 320,1985,34.99,inboard,13489,Maritimes,very_good,50574.05,48569.73,58,2025-07-12,"[""radar""]",
comp_16a455468244,marketplace,sold,Regal,28 Express,2017,20.28,outboard,174,Pacific Coast,good,22344.04,19239.3,14,2026-05-10,"[""autopilot""]",
comp_89102177f72a,marketplace,listing,Regal,26 XO,1979,20.54,outboard,881,Gulf Coast,good,5593.61,,34,2023-02-10,"[""trailer""]",
comp_c8efc71f4700,marketplace,sold,Bayliner,Element M17,2026,18.9,sterndrive,0,Gulf Coast,good,37724.01,31724.88,39,2023-04-27,"[""radar""]",
comp_e8b286f2ef13,brokerage,sold,Regal,26 XO,2014,19.0,sterndrive,1273,Great Lakes,excellent,17908.98,16740.73,61,2023-08-18,[],
comp_881a82cb2f20,marketplace,listing,Harris,Solstice 230,2024,22.96,outboard,34,Atlantic Coast,fair,28161.37,,79,2023-07-12,"[""generator""]",
comp_1944efe0d306,marketplace,sold,Lund,1650 Angler,1982,13.97,inboard,1407,Pacific Coast,very_good,4813.56,4235.15,17,2024-04-05,[],
comp_80da8588bc7f,marketplace,sold,Sun Tracker,Party Barge 22 DLX,2007,23.28,outboard,611,Pacific Coast,very_good,10764.18,10504.76,80,2024-11-15,"[""trailer"", ""radar""]",
comp_2946bac04857,marketplace,listing,Regal,28 Express,1990,22.11,outboard,4288,Gulf Coast,very_good,11715.52,,55,2024-01-25,"[""autopilot"", ""trailer""]",
comp_2a13273b07ad,marketplace,listing,Tracker,Pro Team 175,1982,21.65,outboard,2772,Inland Lakes,fair,6175.64,,46,2023-05-24,"[""joystick""]",
comp_744f18064ef1,marketplace,sold,Formula,290 BR,2006,28.95,inboard,855,Atlantic Coast,very_good,71402.35,65193.35,28,2025-05-10,"[""autopilot"", ""joystick""]",
comp_a72ff539540b,brokerage,listing,Tracker,Pro Team 175,2014,28.29,outboard,859,Great Lakes,poor,16403.99,,44,2026-02-18,"[""autopilot"", ""trailer""]",
comp_fb0caa3a0774,brokerage,sold,Sea Ray,SLX 260,2018,16.44,sterndrive,499,Gulf Coast,fair,13786.16,12186.48,37,2024-08-06,[],
comp_c0458bce80e1,marketplace,sold,Catalina,445,2013,46.27,inboard,1544,Gulf Coast,excellent,143086.35,138014.22,18,2023-10-09,"[""generator"", ""autopilot"", ""solar""]",
comp_c68592ca7110,brokerage,sold,Chaparral,21 SSI,2022,20.36,sterndrive,200,Atlantic Coast,very_good,29078.68,28042.86,24,2026-04-24,"[""radar""]",
comp_19d51d275b4c,brokerage,listing,Bayliner,DX2000,2009,19.94,outboard,552,Maritimes,good,12582.36,,93,2025-12-03,"[""trailer""]",
comp_4b5e9f993bd3,marketplace,sold,Chaparral,280 OSX,2003,26.0,sterndrive,1573,Maritimes,fair,14038.67,12914.72,147,2026-09-13,"[""solar"", ""radar"", ""AIS""]",
comp_387e6131dc45,brokerage,listing,Bayliner,VR5,2009,19.66,sterndrive,857,Gulf Coast,very_good,14880.31,,22,2025-07-12,[],
comp_b2695180e831,marketplace,listing,Beneteau,Oceanis 31,1966,38.57,sail_aux,1415,Gulf Coast,excellent,43977.58,,87,2025-11-09,"[""solar""]",
comp_7bc5b1fa8065,brokerage,listing,Bennington,24 LXSB,1987,21.27,outboard,835,Inland Lakes,very_good,6644.1,,117,2026-06-02,[],
comp_651609ec04e9,brokerage,sold,Carver,C34 Coupe,2010,48.16,inboard,766,Maritimes,good,113233.94,102355.68,56,2024-12-18,"[""trailer"", ""autopilot""]",
comp_e3f7463e4bdc,brokerage,sold,Lund,1875 Pro-V,2016,22.58,inboard,2190,Maritimes,good,20030.0,18919.2,80,2025-10-15,"[""radar"", ""solar"", ""joystick""]",
comp_7e5c478acdba,brokerage,sold,Sun Tracker,Party Barge 22 DLX,2015,26.0,outboard,340,Inland Lakes,fair,13077.25,11498.39,60,2026-05-07,"[""generator"", ""solar"", ""autopilot""]",
comp_ab8d2d5f2993,marketplace,sold,Harris,Cruiser 210,1987,22.85,outboard,4426,Great Lakes,poor,3478.09,3133.68,21,2024-02-18,"[""AIS"", ""generator""]",
comp_45ade4ec157e,internal_sales,sold,Harris,Cruiser 210,2015,26.0,outboard,870,Maritimes,very_good,17383.21,16259.15,39,2024-07-25,"[""radar"", ""autopilot""]",
comp_3f58efd2e31f,brokerage,sold,Sea Ray,SDX 250,1995,39.36,sterndrive,2402,Gulf Coast,fair,49181.54,42890.73,31,2024-11-04,"[""trailer""]",
comp_38c958d8da2e,marketplace,listing,SafeBoat,25 Defender,2003,44.81,inboard,4666,Pacific Coast,good,69818.53,,96,2026-12-20,"[""AIS"", ""trailer""]",
comp_1847e3b9e336,internal_sales,sold,Sea Ray,SDX 250,2008,37.62,inboard,4450,Atlantic Coast,good,88174.08,84478.59,111,2025-12-12,"[""autopilot"", ""joystick""]",
comp_25da6372a9a0,brokerage,sold,Yamaha WaveRunner,FX HO,2015,11.77,jet,195,Great Lakes,good,4914.86,4523.07,58,2023-01-17,"[""solar"", ""joystick""]",
comp_86af5fd42d39,internal_sales,sold,Bennington,24 LXSB,2003,21.26,outboard,968,Great Lakes,fair,8818.09,8288.7,50,2025-09-23,"[""AIS""]",
comp_40fb9f0c8e20,marketplace,sold,Jeanneau,Sun Odyssey 349,2006,35.71,sail_aux,840,Inland Lakes,fair,62910.26,52999.45,32,2023-01-07,[],
comp_d7fe35b9700e,brokerage,sold,Beneteau,Oceanis 41.1,1993,39.44,inboard,0,Pacific Coast,fair,56803.49,49042.67,124,2026-07-04,"[""radar"", ""joystick"", ""trailer""]",
comp_194e34eddf77,brokerage,sold,Chaparral,280 OSX,1998,18.94,sterndrive,1641,Maritimes,very_good,9714.31,8947.85,170,2023-08-04,"[""radar"", ""autopilot""]",
comp_990a8013bbd7,marketplace,sold,Beneteau,First 27,2009,19.87,inboard,763,Atlantic Coast,good,40178.31,36888.01,23,2026-04-13,"[""trailer""]",
comp_a9ad61e7c37d,marketplace,listing,Tiara,44 Coupe,2004,40.81,sterndrive,2176,Atlantic Coast,very_good,106750.26,,24,2024-11-22,"[""AIS"", ""generator""]",
comp_fec370a7961f,marketplace,sold,Sea Ray,SPX 190,1988,23.69,sterndrive,2399,Pacific Coast,good,10895.27,9314.8,62,2025-07-18,"[""autopilot"", ""AIS"", ""radar""]",
comp_0cfb13bf0f36,marketplace,listing,Chaparral,23 SSi,2021,16.48,outboard,1110,Great Lakes,very_good,20689.8,,19,2025-01-02,[],
comp_582ab33c5fa6,marketplace,sold,Grady-White,336 Canyon,1989,26.0,outboard,5210,Great Lakes,good,10764.77,9323.93,31,2024-09-08,"[""autopilot"", ""AIS"", ""generator""]",
comp_9ae70d4edd0c,brokerage,sold,Formula,350 CBR,1993,42.44,sterndrive,1809,Gulf Coast,good,71881.94,69118.24,19,2023-01-22,[],
comp_67fff6ce03f7,internal_sales,listing,Grady-White,257 Fisherman,2006,26.0,inboard,893,Great Lakes,fair,15980.24,,138,2026-10-14,"[""solar"", ""radar""]",
comp_f167930fcbe0,brokerage,sold,Catalina,355,2023,30.96,inboard,79,Atlantic Coast,fair,89431.39,82665.1,55,2026-01-22,[],
comp_ac9ace3a34e1,marketplace,sold,Regal,LS4,2019,17.73,outboard,82,Pacific Coast,poor,11376.9,10057.46,13,2026-09-05,[],
comp_ea295506c057,brokerage,sold,Sun Tracker,Party Barge 22 DLX,1982,23.21,outboard,3229,Gulf Coast,good,5359.34,5237.77,44,2024-01-02,"[""radar""]",
comp_36cb4c00d6dd,marketplace,sold,Grady-White,191 CE,2015,26.0,outboard,897,Atlantic Coast,good,28372.4,24387.07,266,2026-09-13,"[""radar""]",
comp_3693eeedfa53,marketplace,sold,Formula,290 BR,2013,35.55,inboard,1680,Inland Lakes,very_good,105582.47,102440.7,19,2025-01-11,[],
comp_3cfef569dce9,brokerage,sold,Bennington,22 SSB,1988,13.54,outboard,1787,Maritimes,very_good,3989.16,3720.97,12,2025-11-13,[],
comp_f5596f6b993c,marketplace,listing,Tracker,Targa V-18,2019,19.38,inboard,723,Great Lakes,poor,12436.02,,52,2026-07-22,"[""joystick"", ""generator""]",
comp_56430e334ab3,brokerage,listing,Grady-White,191 CE,1991,26.0,inboard,2700,Inland Lakes,good,12118.99,,9,2023-04-23,"[""radar""]",
comp_a6295bbf73a9,internal_sales,sold,Jeanneau,Sun Odyssey 349,1987,32.48,inboard,1512,Inland Lakes,good,52842.58,44630.61,195,2023-11-19,"[""autopilot""]",
comp_0384a06e346e,brokerage,sold,Regal,28 Express,2017,26.0,sterndrive,312,Pacific Coast,excellent,30393.38,26655.24,13,2026-07-19,[],
comp_b0e366a2edf2,marketplace,listing,Bayliner,Element M17,2026,18.9,sterndrive,0,Gulf Coast,fair,31864.23,,64,2023-12-03,"[""generator"", ""solar""]",
comp_d6e8f75d168e,internal_sales,listing,Bayliner,DX2000,1973,22.88,sterndrive,2820,Inland Lakes,very_good,6311.52,,177,2025-02-27,"[""autopilot"", ""joystick"", ""trailer""]",
comp_a3dcffd1a199,marketplace,listing,Sun Tracker,Bass Buggy 18 DLX,2019,18.01,outboard,395,Pacific Coast,good,14051.49,,46,2024-02-12,"[""radar""]",
comp_d13ae73d4df4,marketplace,sold,Lund,1650 Angler,2012,15.61,outboard,1463,Maritimes,good,12910.53,11492.42,86,2026-08-24,"[""joystick""]",
comp_1da89cf77e80,marketplace,sold,Tracker,Pro Team 175,2016,21.75,outboard,352,Atlantic Coast,good,19483.68,18137.44,19,2026-12-01,"[""trailer"", ""AIS"", ""joystick""]",
comp_6d534dd40d95,brokerage,listing,Formula,290 BR,2012,28.4,sterndrive,705,Gulf Coast,good,74970.16,,45,2026-08-05,"[""autopilot""]",
comp_e583b01f42e0,internal_sales,listing,Formula,350 CBR,2006,48.44,sterndrive,1608,Pacific Coast,very_good,159094.32,,20,2025-01-02,"[""AIS"", ""joystick"", ""trailer""]",
comp_b26c1e8a7d54,marketplace,sold,Tracker,Grizzly 1860,2026,20.66,outboard,667,Atlantic Coast,very_good,58940.53,57751.44,29,2024-07-17,[],
comp_3f42f62dbd9a,marketplace,sold,Chaparral,23 SSi,1977,19.24,outboard,6952,Great Lakes,excellent,7356.25,6971.82,28,2023-12-06,"[""trailer"", ""radar"", ""autopilot""]",
comp_4e222a89c8b3,brokerage,sold,Regal,28 Express,2009,21.69,sterndrive,52,Maritimes,very_good,19614.93,19194.6,31,2023-06-18,"[""joystick"", ""trailer""]",
comp_d85dfc855962,marketplace,sold,Sea Ray,SPX 190,1990,26.0,outboard,3190,Gulf Coast,fair,9549.37,8963.62,172,2026-06-03,"[""solar"", ""radar"", ""joystick""]",
comp_e218290c2bef,internal_sales,sold,Chaparral,21 SSI,2024,15.63,sterndrive,142,Gulf Coast,fair,22081.54,19174.47,79,2023-11-02,"[""AIS"", ""autopilot""]",
comp_063145806ae7,marketplace,listing,Formula,290 BR,1991,36.78,inboard,2579,Pacific Coast,good,63679.06,,15,2026-06-23,"[""solar""]",
comp_2884dd016fd9,marketplace,sold,Sun Tracker,Bass Buggy 18 DLX,2017,14.7,outboard,701,Gulf Coast,poor,4567.16,4437.96,111,2023-08-10,"[""AIS"", ""generator""]",
comp_488e3ac31433,marketplace,sold,Boston Whaler,280 Vantage,2008,13.27,outboard,529,Inland Lakes,fair,8732.86,7592.81,55,2026-03-09,"[""radar""]",
comp_a98eaecac729,marketplace,sold,HarborCat,26 WB,2010,11.55,outboard,1872,Atlantic Coast,excellent,18051.16,17302.01,14,2023-06-08,"[""autopilot""]",
comp_b54223a6a920,marketplace,sold,Hunter,31,2020,42.06,sail_aux,74,Maritimes,very_good,145867.35,134546.14,63,2026-04-03,"[""solar"", ""AIS"", ""trailer""]",
comp_f563ca52d321,internal_sales,sold,Grady-White,191 CE,1984,16.94,inboard,2035,Atlantic Coast,good,6330.9,5725.76,28,2023-11-05,"[""autopilot"", ""trailer""]",
comp_5b2dd391e253,brokerage,sold,Regal,26 XO,1976,18.67,outboard,5032,Gulf Coast,fair,3632.91,3418.81,55,2026-02-23,"[""autopilot"", ""generator"", ""joystick""]",
comp_b4f0bae9fb8e,brokerage,sold,Harris,Cruiser 210,2012,26.0,outboard,239,Pacific Coast,very_good,18965.66,17842.1,23,2026-02-12,"[""trailer""]",
comp_b9903ae8f5c8,marketplace,sold,Sun Tracker,Bass Buggy 18 DLX,1985,16.18,outboard,2945,Atlantic Coast,fair,2579.51,2500.44,63,2024-12-11,"[""joystick"", ""radar"", ""trailer""]",
comp_b164ef6c9e40,marketplace,sold,Hunter,31,2014,40.41,inboard,1007,Gulf Coast,fair,75819.99,66817.78,18,2023-04-02,"[""generator""]",
comp_e9752ebb76be,marketplace,listing,Grady-White,336 Canyon,2001,12.66,outboard,1927,Atlantic Coast,very_good,6839.25,,37,2023-08-04,[],
comp_02485f91d045,marketplace,sold,Tracker,Grizzly 1860,1998,13.15,inboard,3006,Pacific Coast,excellent,6336.32,5745.48,107,2024-07-12,"[""autopilot""]",
comp_153ae0bc758e,brokerage,listing,Formula,290 BR,2018,35.25,inboard,742,Pacific Coast,fair,89662.71,,16,2026-04-11,[],
comp_4f78507b3f42,internal_sales,sold,Sun Tracker,Party Barge 22 DLX,1979,27.11,outboard,1321,Great Lakes,good,6333.97,5592.41,32,2024-04-06,"[""solar""]",
comp_322be8bd37bc,marketplace,sold,Bennington,24 LXSB,1975,26.0,outboard,1596,Gulf Coast,poor,2230.06,1914.44,78,2023-12-22,"[""trailer""]",
comp_72652abd37f2,brokerage,sold,Sun Tracker,Party Barge 22 DLX,2011,23.06,outboard,983,Gulf Coast,fair,10462.34,9790.93,40,2025-04-05,"[""joystick""]",
comp_9cb611bb4c01,brokerage,listing,Beneteau,First 27,2019,43.7,sail_aux,205,Inland Lakes,fair,113051.93,,55,2026-11-27,"[""AIS"", ""autopilot"", ""generator""]",
comp_8babd85cbfbb,marketplace,sold,Lund,1975 Impact,2016,22.68,inboard,928,Maritimes,very_good,25435.13,22287.91,524,2025-08-25,"[""joystick"", ""radar""]",
comp_5264b104878b,marketplace,listing,Lund,1650 Angler,2003,24.25,inboard,2242,Gulf Coast,good,16321.02,,18,2025-07-17,"[""generator""]",
comp_6797d599f58c,internal_sales,listing,Sea Ray,SPX 190,1985,19.33,sterndrive,2798,Gulf Coast,fair,5499.45,,95,2024-08-12,"[""AIS""]",
comp_028a18ddcb15,marketplace,listing,Jeanneau,Sun Odyssey 349,2023,16.13,sail_aux,47,Gulf Coast,poor,27052.66,,44,2026-02-13,"[""radar"", ""trailer""]",
comp_ee611a7a34be,internal_sales,sold,Bayliner,Element M17,2003,15.6,outboard,1223,Gulf Coast,very_good,8663.18,7997.54,129,2024-01-01,[],
comp_9ff57facb86c,marketplace,sold,Boston Whaler,230 Outrage,2012,13.93,outboard,1567,Maritimes,good,11115.59,10296.92,58,2025-06-27,[],
comp_09e0f2d824f5,brokerage,sold,Bayliner,DX2000,1963,21.61,outboard,9365,Pacific Coast,very_good,4381.24,3779.2,70,2024-03-09,[],
comp_585dcc72c734,marketplace,sold,Bayliner,VR5,1988,15.26,outboard,698,Gulf Coast,fair,4387.07,3989.06,16,2024-08-13,"[""AIS""]",
comp_05521c873d8c,marketplace,sold,Sun Tracker,Party Barge 22 DLX,1973,18.66,outboard,1542,Atlantic Coast,fair,2346.19,2016.31,39,2024-08-23,"[""trailer""]",
comp_13dc251f1436,brokerage,sold,Sea Ray,Sundancer 320,2006,16.14,sterndrive,620,Maritimes,fair,8489.19,7849.97,38,2024-08-12,"[""AIS""]",
comp_a27080c5f07a,brokerage,sold,Sun Tracker,Bass Buggy 18 DLX,1993,19.65,outboard,564,Atlantic Coast,very_good,6183.5,5482.26,10,2024-01-28,[],
comp_8edcad1d060d,marketplace,sold,Chaparral,280 OSX,2020,22.64,outboard,495,Great Lakes,very_good,32196.18,30285.78,19,2026-04-11,[],
comp_b758cdc98142,marketplace,listing,Sun Tracker,Party Barge 22 DLX,1977,19.46,outboard,566,Atlantic Coast,good,3345.07,,31,2023-07-12,"[""radar"", ""generator""]",
comp_a05855cacc71,marketplace,listing,Bayliner,DX2000,2017,19.14,outboard,187,Maritimes,poor,9474.18,,83,2025-02-27,[],
comp_e60b39b1938d,marketplace,sold,Beneteau,Oceanis 41.1,2010,23.66,sail_aux,1023,Inland Lakes,fair,44272.06,42075.64,139,2025-06-02,"[""solar""]",
