vessel_id,hin,make,model,year_built,boat_type,hull_material,hull_form,loa_ft,beam_ft,draft_ft,dry_weight_lb,propulsion_type,engine_count,engine_fuel,engine_hours_total,saltwater_history,submersion_history,fire_history,storage_type,overall_condition_grade,condition_score,last_survey_date,region_market,created_at,synthetic_fmv_usd,hours_ratio,original_msrp_estimate,low_hours_idle_risk
ves_7273c7a853d8,3R5UAL4YUKPY,Harris,Solstice 230,1985,pontoon,aluminum,pontoon,23.99,7.38,1.02,12871,outboard,1,gasoline,291,False,none,False,wet_slip,fair,55,2018-03-01,Great Lakes,2023-08-07T00:00:00,4584.01,0.16,50571.51,True
ves_4aaa1c2323b1,RVFRG1U60L0Z,Sea Ray,SLX 260,2010,runabout,FRP,planing,25.04,5.57,3.92,13540,outboard,1,gasoline,614,False,none,False,wet_slip,very_good,89,2025-07-07,Great Lakes,2021-03-11T00:00:00,22502.25,0.7,69754.34,False
ves_6b5563e8c2f4,2UEPXP826KTJ,Carver,C40 Command Bridge,1996,cruiser,FRP,planing,35.94,9.77,2.69,54200,sterndrive,2,gasoline,1028,True,none,False,wet_slip,fair,63,2022-06-28,Maritimes,2020-05-11T00:00:00,50946.31,0.36,237075.33,False
ves_e85c97dcf495,4E116TAHUYHV,Tiara,38 LS,2006,cruiser,steel,semi_displacement,28.06,7.71,3.77,37156,inboard,1,diesel,558,False,none,False,wet_slip,fair,60,,Inland Lakes,2016-02-21T00:00:00,46713.69,0.29,190142.01,True
ves_bbe230212bed,X8BH0WSDSFF8,Chaparral,280 OSX,1984,runabout,FRP,planing,18.6,4.31,2.27,7190,outboard,1,gasoline,3819,False,none,False,wet_slip,fair,55,,Great Lakes,2024-05-04T00:00:00,4933.21,1.65,46684.97,False
ves_adebceae0fad,5HSREYBRRAED,Kawasaki Jet Ski,STX 160,1992,PWC,FRP,planing,11.83,4.02,1.06,917,jet,1,gasoline,653,False,none,False,dry_stack,good,70,,Inland Lakes,2020-10-03T00:00:00,1441.47,0.55,17651.0,False
ves_6647655670db,36DGD2YGSNN5,Bayliner,DX2000,1996,runabout,aluminum,planing,12.29,4.07,1.56,6779,sterndrive,1,gasoline,880,False,none,False,trailered,good,79,2021-04-12,Great Lakes,2022-09-30T00:00:00,4764.98,0.53,24540.89,False
ves_216327f6caf4,DL1A1T6V48KN,Boston Whaler,280 Vantage,2002,fishing,aluminum,planing,36.28,11.66,4.7,54477,outboard,1,gasoline,8423,True,none,False,wet_slip,fair,49,2021-07-13,Gulf Coast,2019-03-28T00:00:00,22122.4,4.13,145055.81,False
ves_b82ef7fe4a1f,2HSCF3XTPXST,Sea Ray,SLX 260,2007,runabout,aluminum,planing,17.19,4.12,0.72,6280,outboard,1,gasoline,573,False,none,False,wet_slip,good,70,2023-05-23,Great Lakes,2017-01-05T00:00:00,10399.72,0.55,41967.88,False
ves_09252b95e92d,0VL5WAWGJTHG,Regal,28 Express,2010,runabout,FRP,planing,17.82,4.34,2.23,9296,outboard,1,gasoline,1289,True,none,False,trailered,very_good,85,2023-04-16,Maritimes,2013-06-25T00:00:00,13735.04,1.46,44056.4,False
ves_4d4f3133f393,L54AHEKC0K4J,Chaparral,21 SSI,2004,runabout,aluminum,planing,17.41,4.61,2.09,9295,outboard,1,gasoline,1194,True,none,False,trailered,fair,61,,Gulf Coast,2024-12-14T00:00:00,8804.67,0.99,42717.11,False
ves_c7a94159f732,3SULG1C7RN6Z,Grady-White,336 Canyon,1987,fishing,FRP,semi_displacement,26.0,6.91,4.07,19731,outboard,1,gasoline,3948,False,unknown,False,wet_slip,good,68,2022-04-21,Great Lakes,2019-01-17T00:00:00,9961.27,1.19,82599.89,False
ves_f2595bc067f0,HTMTCG4ZX49H,Jeanneau,Leader 10.5,2016,sailboat,FRP,displacement,29.65,7.24,4.37,38884,sail_aux,1,diesel,233,True,none,False,wet_slip,excellent,98,2025-09-19,Atlantic Coast,2017-04-02T00:00:00,87804.05,0.58,158164.61,False
ves_bf78d7c86f5e,3X2VJN31MW2A,Beneteau,Oceanis 41.1,2004,sailboat,wood,displacement,36.23,10.6,3.8,87168,inboard,0,diesel,2393,True,none,False,wet_slip,fair,63,2018-07-20,Atlantic Coast,2019-01-28T00:00:00,65804.12,2.72,207325.08,False
ves_e130f327298b,SWRNKBCS7E63,Grady-White,336 Canyon,1980,fishing,aluminum,planing,19.95,5.48,1.32,11215,outboard,1,gasoline,3203,True,none,False,trailered,fair,49,,Pacific Coast,2012-12-24T00:00:00,4553.06,0.82,57761.84,False
ves_fb6e986d0744,X5945L75TSU8,Regal,LS4,2009,runabout,FRP,planing,24.0,6.31,3.57,15613,outboard,1,gasoline,214,True,none,False,dry_stack,fair,58,,Maritimes,2020-07-11T00:00:00,14035.66,0.23,65876.21,True
ves_2b1070eb73f5,DP31B17AZW13,Tracker,Pro Team 175,1985,fishing,aluminum,planing,23.64,6.57,2.91,16741,outboard,1,diesel,1631,False,none,False,dry_stack,fair,57,2021-05-13,Great Lakes,2013-10-26T00:00:00,6737.41,0.47,66812.06,False
ves_8ed83e346266,JB2BF4J6MDT1,Tiara,44 Coupe,1986,cruiser,steel,planing,29.89,8.58,2.64,45683,sterndrive,1,gasoline,3481,False,none,False,wet_slip,fair,63,,Inland Lakes,2018-07-20T00:00:00,34653.81,0.92,207060.98,False
ves_e3d7ab48e36b,SNBKSJ7HP6T0,Sea Ray,SLX 260,2001,runabout,aluminum,planing,17.97,6.1,1.29,11516,outboard,1,gasoline,2021,True,none,False,wet_slip,fair,63,2025-09-05,Gulf Coast,2022-02-16T00:00:00,8577.34,1.47,44555.22,False
ves_f338eaec1611,HCZ40E9YA38G,Sun Tracker,Party Barge 22 DLX,1990,pontoon,aluminum,pontoon,21.66,6.41,1.54,8722,outboard,1,gasoline,1368,True,none,False,trailered,poor,36,,Maritimes,2016-03-02T00:00:00,3317.0,0.84,40547.03,True
ves_daa8bc494074,UXSFU5S61YB8,Parker,2320 Sport Cabin,1971,workboat,FRP,displacement,35.28,9.75,5.57,56714,jet,1,gasoline,8346,True,none,False,dry_stack,fair,48,,Maritimes,2018-08-08T00:00:00,14609.12,0.69,245892.34,False
ves_fe262ed8c4bc,FVR2SW07Z4YZ,Bayliner,VR5,2011,runabout,aluminum,planing,23.17,6.51,2.86,18586,outboard,1,gasoline,601,True,none,False,wet_slip,very_good,87,2025-11-01,Atlantic Coast,2015-09-18T00:00:00,18890.12,0.73,57796.92,False
ves_12a87c360979,VR0MWAJUCDVJ,Tracker,Grizzly 1860,2023,fishing,FRP,planing,20.32,4.7,3.11,12652,inboard,1,diesel,451,True,unknown,False,trailered,excellent,93,2023-11-07,Gulf Coast,2014-11-18T00:00:00,34448.81,1.77,54478.76,False
ves_69f1d82b3eae,WFSH3R155W4W,Sea Ray,Sundancer 320,2008,runabout,aluminum,planing,21.26,6.55,1.38,13461,sterndrive,1,gasoline,2546,False,none,False,wet_slip,good,71,2024-05-09,Great Lakes,2013-02-19T00:00:00,14424.42,2.57,55930.49,False
ves_56b27dda6381,CRVV6ERTN4HR,Sun Tracker,Bass Buggy 18 DLX,1994,pontoon,aluminum,pontoon,22.05,5.54,2.15,7349,outboard,1,gasoline,1803,False,none,True,dry_stack,fair,49,2022-10-06,Inland Lakes,2022-07-20T00:00:00,2740.42,1.25,41532.5,False
ves_d9e504bbe7a3,XTBFRBUCM75U,Hunter,31,2024,sailboat,wood,displacement,32.63,9.92,4.62,80397,inboard,1,diesel,76,True,none,False,trailered,excellent,98,2021-03-08,Atlantic Coast,2021-10-27T00:00:00,128730.86,0.95,147858.03,False
ves_2302948d9294,C6FXTXH29A63,Yamaha WaveRunner,FX HO,2008,PWC,composite,planing,12.45,4.0,0.95,860,jet,1,gasoline,1677,True,none,False,trailered,fair,62,,Pacific Coast,2024-09-03T00:00:00,3018.26,2.66,21180.51,False
ves_895a119cdc64,LWA3FRH6HK8V,Chaparral,280 OSX,2008,runabout,FRP,planing,20.94,4.65,2.08,12041,outboard,1,gasoline,823,True,none,False,unknown,good,68,2023-05-06,Gulf Coast,2014-06-24T00:00:00,13708.04,0.83,54777.86,False
ves_47cba761526a,9UAVW8K57ZY1,Carver,C40 Command Bridge,1970,cruiser,FRP,semi_displacement,37.34,10.5,4.35,63933,inboard,1,gasoline,1743,True,none,False,wet_slip,fair,46,,Pacific Coast,2015-09-05T00:00:00,22899.73,0.33,249711.85,False
ves_f793c492b5b4,K8CJ9YG5G6AK,HarborCat,36 Pilot,1985,workboat,FRP,semi_displacement,28.59,9.4,2.63,60712,inboard,1,gasoline,19376,True,none,False,dry_stack,poor,34,2018-09-19,Atlantic Coast,2016-09-11T00:00:00,13742.66,2.15,185163.74,False
ves_ef844f8f7adc,RF4GG5LWBCXD,Catalina,355,2022,sailboat,wood,displacement,30.96,8.94,4.09,53807,inboard,1,diesel,58,True,none,False,wet_slip,excellent,90,,Atlantic Coast,2019-04-24T00:00:00,105192.18,0.36,149723.99,False
ves_89bd4847b43e,A6VLE5ZW4T6W,Tracker,Pro Team 175,2018,fishing,FRP,planing,23.95,7.81,3.11,23740,inboard,1,gasoline,643,True,none,False,wet_slip,very_good,89,2018-07-20,Pacific Coast,2021-06-04T00:00:00,27898.09,0.95,68028.21,False
ves_7b645c568f40,VRZRNTJGCW5C,Sea-Doo,RXT-X 300,2020,PWC,composite,planing,11.25,4.08,1.22,826,jet,1,gasoline,170,True,none,False,trailered,good,79,2020-06-16,Pacific Coast,2012-11-22T00:00:00,6405.83,0.81,18471.99,False
ves_10beb69891f5,YH6EKR20F2AT,Tracker,Pro Team 175,2022,fishing,aluminum,planing,26.0,7.34,3.78,22025,inboard,1,diesel,582,True,none,False,wet_slip,excellent,91,,Atlantic Coast,2013-11-09T00:00:00,43637.32,1.71,75991.9,False
ves_56cfff14c63e,W3HJCCW8HGSJ,Bayliner,Ciera 8,1984,runabout,aluminum,planing,24.62,7.81,3.55,24519,outboard,1,gasoline,1862,True,none,False,wet_slip,fair,60,,Gulf Coast,2017-03-05T00:00:00,7016.93,0.81,62719.84,False
ves_24e6b6e0043c,G0ZD2UNH6FPB,Boston Whaler,230 Outrage,1966,fishing,FRP,semi_displacement,26.0,7.75,3.23,20366,inboard,1,diesel,1402,True,none,False,unknown,poor,31,,Maritimes,2024-10-03T00:00:00,3405.2,0.27,92511.88,True
ves_26f2f107f8e3,HBJAZSXBMTDJ,Carver,C34 Coupe,1987,cruiser,FRP,planing,30.12,8.31,3.17,32707,sterndrive,1,gasoline,3627,True,unknown,False,wet_slip,fair,55,,Atlantic Coast,2016-06-13T00:00:00,29296.97,0.98,186777.15,False
ves_067e06f225a9,G85EFXKEJUX1,Harris,Cruiser 210,2019,pontoon,aluminum,pontoon,22.32,7.11,0.98,11143,outboard,1,gasoline,679,True,saltwater,False,wet_slip,fair,52,2018-05-02,Maritimes,2012-06-29T00:00:00,6324.21,2.16,45888.08,False
ves_129e2bb693c0,T0K7EFFF4G0J,Sun Tracker,Party Barge 22 DLX,2009,pontoon,aluminum,pontoon,26.0,7.71,2.17,12011,outboard,1,gasoline,2118,True,none,False,trailered,good,69,2018-07-27,Pacific Coast,2013-05-31T00:00:00,12226.92,2.77,51873.28,False
ves_50852628ccb5,Z0HUR4BUBMUW,Sea Ray,Sundancer 320,2005,runabout,aluminum,planing,18.49,5.04,0.91,8920,sterndrive,1,gasoline,375,False,none,False,wet_slip,good,78,,Inland Lakes,2018-04-09T00:00:00,10735.34,0.32,46301.58,True
ves_1221656c5df8,DKLDFU54853U,Tracker,Targa V-18,1975,fishing,FRP,planing,24.59,7.52,2.93,21940,inboard,1,diesel,1668,True,none,False,wet_slip,good,65,2025-01-28,Atlantic Coast,2021-01-21T00:00:00,5748.48,0.38,70477.34,False
ves_76312f84f468,HA84MJ1R9ZE2,Tiara,38 LS,2014,cruiser,steel,semi_displacement,42.26,10.55,3.5,72266,inboard,2,gasoline,178,False,none,False,wet_slip,excellent,94,2022-05-08,Great Lakes,2024-12-10T00:00:00,148457.54,0.16,330479.96,True
ves_427714fce32f,F4GS42F2WYRY,Lund,1875 Pro-V,1980,fishing,aluminum,semi_displacement,21.74,5.82,2.48,16420,inboard,1,gasoline,2048,True,none,False,dry_stack,fair,51,2021-12-20,Pacific Coast,2022-02-13T00:00:00,5241.96,0.52,64861.83,False
ves_872230765a8d,865XXK5E75WU,Bayliner,DX2000,2018,runabout,aluminum,planing,19.14,5.37,2.73,12311,outboard,1,gasoline,223,True,none,False,wet_slip,excellent,90,2018-12-26,Maritimes,2012-08-17T00:00:00,19996.51,0.51,44636.96,False
ves_b3b5d41ebeb2,NX79KD5GYF9M,Chaparral,21 SSI,2019,runabout,FRP,planing,21.28,7.08,2.32,17326,outboard,1,gasoline,301,False,none,False,wet_slip,very_good,88,2019-08-14,Inland Lakes,2025-01-05T00:00:00,26453.0,0.78,55989.49,False
ves_754ea39858fa,G1VTKYFKZW2J,Chaparral,23 SSi,1967,runabout,FRP,planing,26.0,8.66,2.24,23369,sterndrive,1,gasoline,3300,True,none,False,wet_slip,poor,35,2022-05-01,Pacific Coast,2012-07-18T00:00:00,3562.27,1.02,73380.5,False
ves_dc65da7f9a11,JKEVG9CYJ1KL,Sea Ray,SLX 260,2009,cruiser,steel,planing,29.29,6.86,3.62,37336,sterndrive,1,gasoline,2676,False,none,False,wet_slip,very_good,81,2023-06-28,Great Lakes,2021-11-01T00:00:00,63829.26,1.66,179845.2,False
ves_048ed2bd10e3,W7N056V193LN,Catalina,355,1990,sailboat,steel,displacement,36.23,9.2,2.22,68997,inboard,1,diesel,2491,False,none,False,wet_slip,good,65,2023-05-07,Inland Lakes,2022-10-15T00:00:00,45368.29,1.73,185150.46,False
ves_a41765e23690,5ZB3D290S1F0,Catalina,355,2002,sailboat,wood,displacement,42.5,11.09,6.45,112787,sail_aux,1,diesel,767,False,none,False,trailered,excellent,90,,Great Lakes,2020-11-08T00:00:00,90336.92,0.8,229648.71,False
ves_e19818b51c5e,4HVSWHDS36EH,Chaparral,23 SSi,1979,runabout,FRP,planing,19.24,4.47,2.85,11381,outboard,1,gasoline,5014,False,none,False,trailered,fair,48,,Great Lakes,2014-09-06T00:00:00,4079.83,1.94,48876.74,False
ves_4489205afd0c,99B17C10TBZE,Sun Tracker,Bass Buggy 18 DLX,2006,pontoon,aluminum,pontoon,23.3,7.78,1.68,12990,outboard,1,gasoline,824,False,none,False,wet_slip,good,73,2020-02-17,Great Lakes,2018-02-27T00:00:00,10024.08,0.92,44727.67,False
ves_6056afa6bcce,E6CVNCNCXW92,Sea Ray,Sundancer 320,2003,runabout,aluminum,planing,16.14,5.01,2.18,8884,sterndrive,1,gasoline,873,True,none,False,wet_slip,good,73,2024-07-07,Maritimes,2013-09-17T00:00:00,8729.02,0.69,38561.53,False
ves_858dd7bba5bf,880UF4F4MVXG,Lund,1875 Pro-V,1988,fishing,FRP,semi_displacement,21.45,5.02,1.23,10828,inboard,1,diesel,5420,False,none,False,dry_stack,fair,52,,Great Lakes,2024-02-05T00:00:00,6627.84,1.68,63725.95,False
ves_7d391cb7f682,209LBK5CJES0,Lund,1650 Angler,2006,fishing,FRP,semi_displacement,24.22,7.37,1.18,17952,outboard,1,diesel,2021,True,none,False,wet_slip,very_good,81,2018-07-02,Gulf Coast,2017-10-08T00:00:00,18125.1,1.19,75052.07,False
ves_e64d5b6118cf,81HTT5PV8NHJ,Grady-White,191 CE,2024,fishing,aluminum,semi_displacement,26.0,8.68,4.12,31136,outboard,1,diesel,140,False,none,False,trailered,excellent,92,,Inland Lakes,2024-03-25T00:00:00,60795.56,0.82,82599.89,False
ves_f7cad92274a5,9RHNJS8B006J,Boston Whaler,280 Vantage,2014,fishing,aluminum,semi_displacement,21.93,6.29,1.99,13663,inboard,1,diesel,855,True,none,False,wet_slip,very_good,83,,Maritimes,2023-12-16T00:00:00,22980.26,0.84,73529.15,False
ves_f11f3bc4e04b,MJ49DHKWLLXR,Bayliner,Element M17,1970,runabout,aluminum,planing,26.0,7.54,4.04,19421,outboard,1,gasoline,4529,True,none,False,wet_slip,poor,44,2019-06-09,Pacific Coast,2018-02-17T00:00:00,4081.52,1.47,67510.06,False
ves_c8d2652b7774,YCBFCTP3B8VW,SafeBoat,25 Defender,1995,workboat,steel,displacement,23.99,8.05,0.99,30569,jet,1,gasoline,8134,False,none,False,wet_slip,good,78,2024-02-09,Inland Lakes,2015-01-22T00:00:00,24678.02,1.19,146081.8,False
ves_bd5c4d35e342,Z2J09GXS6HU5,Regal,26 XO,2008,runabout,FRP,planing,22.89,6.47,2.64,17319,sterndrive,1,gasoline,1079,True,none,False,wet_slip,excellent,94,,Maritimes,2020-05-01T00:00:00,19564.02,1.09,61802.2,False
ves_e47f124d7ff8,F296SPZDDV87,Bayliner,Element M17,2009,runabout,aluminum,planing,17.93,5.88,0.82,10725,sterndrive,1,gasoline,911,False,none,False,wet_slip,excellent,92,2025-10-08,Great Lakes,2019-06-26T00:00:00,13120.06,0.97,40879.71,False
ves_8aee8ef8cb22,UHJG20Y0KN92,Sun Tracker,Bass Buggy 18 DLX,2001,pontoon,aluminum,pontoon,21.37,5.61,0.91,9087,outboard,1,gasoline,609,False,none,False,trailered,fair,62,2019-11-11,Great Lakes,2014-09-04T00:00:00,6859.25,0.54,39805.33,False
ves_f8d2f4091db3,8W7B0YH3WB7T,Bayliner,Element M17,2021,runabout,aluminum,planing,22.45,6.78,1.34,19919,sterndrive,1,gasoline,150,False,none,False,wet_slip,excellent,98,2020-04-24,Great Lakes,2012-12-01T00:00:00,32640.51,0.55,55372.49,False
ves_d1daebb5648f,7DJPX71XM6YZ,Harris,Cruiser 210,2019,pontoon,aluminum,pontoon,26.0,8.8,1.63,14673,outboard,1,gasoline,234,True,none,False,dry_stack,very_good,86,2020-05-26,Maritimes,2019-12-18T00:00:00,24417.84,0.74,56384.0,False
ves_2d7da97ab609,12ZKVCVFZ5T7,Sun Tracker,Bass Buggy 18 DLX,1983,pontoon,aluminum,pontoon,26.0,6.57,2.01,13603,outboard,1,gasoline,2097,True,none,False,wet_slip,fair,54,2019-08-07,Atlantic Coast,2021-02-03T00:00:00,4756.7,1.08,51873.28,False
ves_547b6c4e0b80,AL377NVXVDFR,Bayliner,DX2000,2007,runabout,FRP,planing,19.2,5.26,1.07,12245,outboard,1,gasoline,1672,False,none,False,wet_slip,good,65,2024-06-26,Inland Lakes,2013-11-21T00:00:00,10555.02,1.6,44833.55,False
ves_385bc725562f,V68J96UNHYL6,Sea Ray,SLX 260,1989,cruiser,steel,planing,38.28,11.26,3.18,79148,sterndrive,2,diesel,4245,False,none,False,wet_slip,fair,58,,Great Lakes,2020-02-14T00:00:00,44081.36,1.21,258225.13,False
ves_fbc1a06730d2,5UYWAT0SDH6W,Formula,350 CBR,1982,cruiser,FRP,planing,43.43,12.43,4.66,70224,sterndrive,2,gasoline,4828,False,none,False,wet_slip,fair,50,2023-05-22,Great Lakes,2022-04-23T00:00:00,44682.88,1.16,342941.09,False
ves_e806f4e0fa91,PSF50EHD9NKL,Tracker,Pro Team 175,1981,fishing,aluminum,semi_displacement,21.65,6.73,2.48,14105,outboard,1,diesel,2004,False,none,False,dry_stack,fair,64,2020-09-30,Inland Lakes,2018-07-14T00:00:00,5736.29,0.52,59366.86,False
ves_54458efe980a,B2TAPEC4ZEDE,Catalina,445,2023,sailboat,steel,displacement,40.53,10.82,3.75,106138,inboard,1,diesel,51,True,none,False,wet_slip,excellent,92,2022-07-28,Pacific Coast,2015-04-21T00:00:00,161722.03,0.42,215372.83,False
ves_8102e8898ee0,HM2JRABW641R,Regal,26 XO,2024,runabout,aluminum,planing,12.32,3.5,1.41,5884,sterndrive,1,gasoline,42,True,saltwater,False,trailered,good,66,,Pacific Coast,2020-05-04T00:00:00,7117.78,0.38,26762.47,False
ves_f5616daf3de4,SC25RPDJ9VRX,Grady-White,336 Canyon,2001,fishing,FRP,planing,12.66,3.75,0.87,5444,outboard,1,gasoline,1765,True,none,False,wet_slip,fair,62,2025-06-25,Atlantic Coast,2012-12-09T00:00:00,5389.09,0.83,31273.76,False
ves_14710dc49c31,8DZ1X33KW1M7,Sun Tracker,Party Barge 22 DLX,1985,pontoon,aluminum,pontoon,23.95,7.85,1.73,10705,outboard,1,gasoline,1244,True,none,False,trailered,fair,53,2019-10-18,Maritimes,2020-06-26T00:00:00,4467.2,0.67,46431.12,False
ves_26cde3be3dbc,DU1CENP7PYWA,Hunter,36,1991,sailboat,wood,displacement,23.66,5.46,1.29,27849,sail_aux,1,diesel,1017,True,none,False,wet_slip,fair,58,2023-11-22,Gulf Coast,2021-02-20T00:00:00,22191.65,0.73,95823.78,False
ves_050dc0aaf93c,86G7XP0X3CRK,HarborCat,36 Pilot,2019,workboat,aluminum,planing,16.02,4.85,0.72,17614,inboard,1,gasoline,1787,True,none,False,dry_stack,excellent,95,2020-04-11,Maritimes,2025-07-12T00:00:00,39529.3,1.16,84712.64,False
ves_d8c673b9eb2d,86LZLJ8MDCED,Bayliner,Ciera 8,2009,runabout,FRP,planing,24.41,7.56,1.52,21882,outboard,1,gasoline,606,False,freshwater,False,wet_slip,good,72,2018-10-31,Inland Lakes,2025-09-30T00:00:00,11976.93,0.65,61981.33,False
ves_def92f05771b,VB94MGGKSNTZ,Boston Whaler,280 Vantage,2024,fishing,aluminum,semi_displacement,11.49,3.5,1.1,4971,inboard,1,diesel,303,True,none,False,trailered,good,76,,Maritimes,2019-11-24T00:00:00,19648.92,1.78,30721.02,False
ves_92cfd714a430,F84YGCRP7UCE,Carver,C40 Command Bridge,2009,cruiser,steel,planing,26.22,7.18,2.72,28464,inboard,1,gasoline,349,False,none,False,dry_stack,good,73,2024-02-09,Great Lakes,2019-08-09T00:00:00,46944.13,0.22,154925.06,True
ves_8202fc324fc7,Y1JF9ZDG4REY,Beneteau,First 27,1989,sailboat,wood,displacement,30.57,7.5,2.42,49317,sail_aux,1,diesel,4068,False,none,False,wet_slip,fair,56,,Inland Lakes,2012-07-13T00:00:00,35850.21,2.75,164860.87,False
ves_c09dc586550b,EFUK1K1X0GFA,Tracker,Targa V-18,2022,fishing,aluminum,semi_displacement,23.39,6.79,3.03,18357,inboard,1,diesel,207,True,none,False,wet_slip,very_good,87,2023-04-07,Gulf Coast,2018-12-23T00:00:00,36573.87,0.61,65866.55,False
ves_9371b5213e12,1FSL1LJUWU8K,Boston Whaler,170 Montauk,2025,fishing,aluminum,semi_displacement,19.66,5.85,2.13,11989,outboard,1,diesel,34,True,none,False,wet_slip,excellent,97,2021-05-22,Gulf Coast,2024-06-21T00:00:00,57025.33,0.4,63425.12,False
ves_000e3bf63289,5Y4JWXN7XM2X,Bayliner,Ciera 8,2008,runabout,aluminum,planing,18.4,4.46,1.37,8887,outboard,1,gasoline,171,True,none,False,trailered,good,68,2022-05-02,Gulf Coast,2019-05-10T00:00:00,9743.94,0.17,42323.02,True
ves_02ca4b97d678,B6P5VE38JWST,Formula,350 CBR,2006,cruiser,FRP,semi_displacement,27.35,9.24,1.46,37043,sterndrive,1,diesel,1056,True,none,False,wet_slip,good,65,2019-11-10,Maritimes,2022-06-08T00:00:00,47632.64,0.56,183691.05,True
ves_c5dfcd25901b,2Y4GAGTR9R50,Formula,290 BR,2017,cruiser,steel,semi_displacement,38.01,12.6,4.06,67747,sterndrive,1,gasoline,510,True,none,False,wet_slip,excellent,93,2019-09-18,Pacific Coast,2017-02-12T00:00:00,142456.28,0.6,286394.86,False
ves_834e936c717d,7Z7G55XEWCHB,Boston Whaler,230 Outrage,2007,fishing,FRP,semi_displacement,19.19,4.97,1.75,10643,inboard,1,gasoline,125,True,freshwater,False,trailered,fair,57,2023-09-16,Maritimes,2018-03-13T00:00:00,7935.39,0.08,61400.96,True
ves_bc2c23a0b5d5,N541APPUEGM0,Harris,Solstice 230,1985,pontoon,aluminum,pontoon,17.44,4.84,0.87,6073,outboard,1,gasoline,2032,True,none,False,wet_slip,fair,51,2019-02-21,Maritimes,2018-07-31T00:00:00,3088.83,1.1,32896.15,False
ves_69995de04145,FJXHSWHM0K91,Regal,28 Express,2002,runabout,aluminum,planing,24.04,7.48,2.68,24098,outboard,1,gasoline,323,False,none,False,wet_slip,good,72,,Great Lakes,2016-07-05T00:00:00,14361.61,0.24,66016.53,False
ves_cc53eb4e1804,N19838358LFB,Sun Tracker,Party Barge 22 DLX,2013,pontoon,aluminum,pontoon,23.48,7.81,0.89,10287,outboard,1,gasoline,450,False,none,False,dry_stack,excellent,97,2024-06-30,Inland Lakes,2020-12-11T00:00:00,15410.88,0.77,45215.42,False
ves_204eaf0fc8c8,5P4GSWC5TZF5,Boston Whaler,280 Vantage,2022,fishing,aluminum,semi_displacement,24.27,7.66,1.56,24527,outboard,1,diesel,312,True,none,False,wet_slip,very_good,87,2017-12-19,Gulf Coast,2023-04-05T00:00:00,46814.95,0.92,84309.89,False
ves_e2d3ca5d08ad,VVU9GJ3DUJJS,Carver,C34 Coupe,2017,cruiser,steel,semi_displacement,16.34,5.31,1.42,13992,inboard,1,gasoline,1141,True,none,False,wet_slip,good,66,2018-02-18,Atlantic Coast,2022-08-11T00:00:00,31757.35,1.33,81779.09,False
ves_501da7992bea,068XAF6ZE2P4,Tiara,44 Coupe,1975,cruiser,steel,planing,25.94,6.64,3.36,28782,sterndrive,1,diesel,823,True,none,False,wet_slip,poor,38,,Atlantic Coast,2021-02-20T00:00:00,14626.48,0.17,170961.22,True
ves_e53f02254fcd,A4NJWLUF0TF0,Sun Tracker,Bass Buggy 18 DLX,1979,pontoon,aluminum,pontoon,22.94,5.37,1.68,8640,outboard,1,gasoline,3071,True,none,False,wet_slip,fair,49,2020-11-28,Gulf Coast,2022-03-07T00:00:00,3351.41,1.45,43812.06,False
ves_3708b9a15e08,H4J7ER1FGGX0,Sea Ray,SPX 190,2004,runabout,aluminum,planing,19.34,5.49,2.85,13252,outboard,1,gasoline,208,True,none,False,dry_stack,good,67,2022-03-05,Maritimes,2019-03-07T00:00:00,9945.85,0.17,49209.39,True
ves_2d93dba814e5,JH1Z4XJSUFSV,Regal,26 XO,2005,runabout,FRP,planing,21.29,6.63,3.09,13466,outboard,1,gasoline,846,True,none,False,trailered,very_good,85,,Atlantic Coast,2025-04-16T00:00:00,15030.64,0.73,56014.56,False
ves_23725c497ba8,0XJ130M7EBEA,Hunter,36,1987,sailboat,steel,displacement,27.0,6.68,3.42,39548,sail_aux,1,diesel,2663,True,none,False,wet_slip,fair,62,2025-11-22,Maritimes,2020-01-05T00:00:00,25591.53,1.71,114510.19,False
ves_cb2ef0cfeae0,2EW4SDSF4H6D,Regal,LS4,1975,runabout,aluminum,planing,17.9,4.33,2.67,7410,outboard,1,gasoline,446,False,none,False,unknown,fair,49,2022-05-13,Great Lakes,2018-12-15T00:00:00,3059.23,0.16,44348.29,True
ves_17ed6ac8b0d6,BY4UETE8690D,Sea Ray,SDX 250,1993,cruiser,FRP,planing,33.56,9.74,3.38,63768,sterndrive,1,diesel,3117,True,none,False,wet_slip,fair,64,,Maritimes,2014-09-08T00:00:00,43550.91,0.99,216124.53,False
ves_7936eea2016c,C3RXS3XUE0H9,Beneteau,First 27,2011,sailboat,FRP,displacement,47.04,15.56,5.87,152301,sail_aux,0,diesel,743,True,none,False,trailered,excellent,93,,Atlantic Coast,2024-09-16T00:00:00,142391.1,1.24,294981.85,False
ves_f3013cf096ad,08NSKA3BRZAY,Chaparral,23 SSi,1975,runabout,aluminum,planing,26.0,8.02,3.96,27008,outboard,1,gasoline,562,False,none,False,trailered,fair,50,2020-10-28,Inland Lakes,2025-11-10T00:00:00,5125.91,0.2,73380.5,True
ves_fb336a5d367b,06FG9J2ED4JS,Carver,C40 Command Bridge,1981,cruiser,FRP,planing,34.45,10.02,3.03,44293,sterndrive,1,gasoline,6761,True,none,False,wet_slip,fair,56,2018-03-03,Pacific Coast,2019-05-08T00:00:00,30583.51,1.58,223903.1,False
ves_9a575271d46b,6X3HZP5W6THF,Regal,26 XO,1975,runabout,aluminum,planing,18.67,4.85,1.64,9522,outboard,1,gasoline,4207,True,none,False,trailered,poor,43,2020-12-26,Gulf Coast,2022-05-10T00:00:00,3251.41,1.5,46921.7,False
ves_5bdfa68d4a69,5SG6GJHADRJN,Carver,C34 Coupe,1998,cruiser,FRP,semi_displacement,31.31,7.73,2.95,38284,inboard,1,diesel,5943,True,none,False,unknown,fair,56,2021-06-29,Gulf Coast,2016-11-27T00:00:00,41131.1,2.23,196864.76,False
ves_8f0c6d380efd,DL428B14MZPM,Boston Whaler,170 Montauk,1995,fishing,aluminum,planing,16.4,5.41,1.37,11699,outboard,1,diesel,6220,True,none,False,wet_slip,fair,61,2020-11-09,Maritimes,2019-09-22T00:00:00,7072.9,2.36,49679.3,False
ves_a61c256d1f60,SB1Z78Z9X1UM,Grady-White,336 Canyon,2017,fishing,aluminum,semi_displacement,21.66,4.99,3.46,14750,inboard,1,gasoline,416,True,none,False,wet_slip,very_good,80,,Atlantic Coast,2025-04-22T00:00:00,22584.35,0.54,64533.33,False
ves_63147cdde871,1ZMMSXZBZKN8,Tracker,Pro Team 175,2022,fishing,aluminum,semi_displacement,23.75,5.82,3.51,16790,outboard,1,gasoline,213,True,none,False,wet_slip,very_good,86,2023-07-27,Atlantic Coast,2013-09-24T00:00:00,37016.31,0.63,67237.43,False
ves_db198101a01f,DBKKH0E02GYW,Grady-White,191 CE,2026,fishing,FRP,planing,19.44,6.08,1.83,14915,inboard,1,gasoline,0,True,none,False,wet_slip,good,77,,Pacific Coast,2018-08-28T00:00:00,49582.51,0.0,55767.07,False
ves_6e69347abe13,2CMXRG8KYESZ,Bayliner,Element M17,1973,runabout,aluminum,planing,16.04,3.83,0.99,6647,outboard,1,gasoline,1402,True,none,False,trailered,poor,40,2018-02-26,Atlantic Coast,2018-09-22T00:00:00,2200.56,0.48,35163.07,False
ves_69ec8056de74,381Z1G7RL5EC,Bayliner,VR5,1979,runabout,aluminum,planing,24.74,5.52,1.65,13226,sterndrive,1,gasoline,4782,False,none,False,dry_stack,fair,49,2024-02-29,Great Lakes,2019-04-12T00:00:00,5337.92,1.85,63140.55,False
ves_5f5dc4b4f1c9,GYPN3TVWSGD2,Sea Ray,SPX 190,1996,runabout,aluminum,planing,20.48,6.11,1.4,16310,sterndrive,1,gasoline,1542,True,none,False,wet_slip,fair,64,2025-06-05,Gulf Coast,2013-01-25T00:00:00,8903.72,0.93,53164.6,False
ves_f7741deaa5c7,W278TF1M010M,Harris,Solstice 230,2021,pontoon,aluminum,pontoon,20.56,6.17,1.21,8158,outboard,1,gasoline,476,True,none,False,trailered,very_good,80,,Pacific Coast,2015-11-23T00:00:00,19788.4,2.12,41059.43,False
ves_f96df0a3c525,37S7WF2C9KH5,Sea Ray,SPX 190,2012,runabout,FRP,planing,16.0,5.23,2.21,9806,sterndrive,1,gasoline,374,True,none,False,wet_slip,good,74,,Pacific Coast,2022-01-05T00:00:00,11403.22,0.49,38086.0,False
ves_991278f0ce32,2XU6A3H3KKGG,Parker,2320 Sport Cabin,1988,workboat,aluminum,displacement,35.56,9.57,3.78,73952,jet,2,diesel,3769,True,none,False,wet_slip,fair,61,2021-09-04,Atlantic Coast,2013-04-09T00:00:00,28687.05,0.45,248579.6,False
ves_b66b66413235,SD7U0BYWWU8G,Formula,350 CBR,1978,cruiser,steel,semi_displacement,33.23,7.87,4.79,41476,sterndrive,2,diesel,8482,True,none,False,wet_slip,poor,41,2022-04-24,Gulf Coast,2020-10-11T00:00:00,24997.01,1.86,238860.73,False
ves_1c4d75486ed6,EW92JBMNNDSC,Bayliner,Ciera 8,2002,runabout,aluminum,planing,26.0,6.52,1.47,16358,outboard,1,gasoline,2102,True,none,False,wet_slip,good,66,2024-03-30,Maritimes,2015-08-27T00:00:00,13823.63,1.59,67510.06,False
ves_beb56e21d9d6,LTFVB1DLPRRP,Sea Ray,SPX 190,1983,runabout,aluminum,planing,22.39,5.66,0.95,15238,outboard,1,gasoline,980,True,none,False,wet_slip,fair,59,2022-03-02,Gulf Coast,2019-11-09T00:00:00,6438.96,0.41,59971.96,False
ves_834085fad187,6TP6W2GA90VW,Carver,C34 Coupe,2016,cruiser,FRP,semi_displacement,30.25,6.69,1.71,34650,inboard,2,diesel,1421,False,none,False,wet_slip,very_good,88,,Inland Lakes,2023-06-20T00:00:00,84430.11,1.5,187864.07,False
ves_0d55cf413024,8VT321CNYR7Z,Tracker,Pro Team 175,1980,fishing,aluminum,semi_displacement,26.0,7.79,1.59,25119,outboard,1,gasoline,3458,True,none,False,wet_slip,fair,59,2025-09-28,Gulf Coast,2014-07-07T00:00:00,6747.12,0.88,75991.9,False
ves_84e818384c48,0TV6H7DE7N9H,Lund,1975 Impact,1989,fishing,aluminum,planing,21.26,6.22,1.48,17829,outboard,1,diesel,3391,True,none,False,wet_slip,fair,52,2022-04-24,Atlantic Coast,2017-05-01T00:00:00,6746.19,1.08,62946.86,False
ves_46af75b5e254,XDA5UPLL8FJ4,Sun Tracker,Party Barge 22 DLX,2024,pontoon,aluminum,pontoon,16.59,4.24,1.47,4100,outboard,1,gasoline,126,True,none,False,trailered,very_good,89,,Pacific Coast,2016-04-05T00:00:00,20310.84,1.4,28290.3,False
ves_f820671b560e,G19WLECWV6Y4,Lund,1975 Impact,2015,fishing,aluminum,planing,20.12,5.63,2.25,11335,outboard,1,gasoline,950,True,none,False,wet_slip,very_good,81,2024-07-31,Pacific Coast,2022-11-21T00:00:00,18488.14,1.02,58440.78,False
ves_9c64206b8b55,1TDDGBDH351H,Tracker,Pro Team 175,2012,fishing,aluminum,planing,24.21,7.44,2.41,25261,outboard,1,gasoline,778,True,none,False,dry_stack,excellent,95,2025-08-10,Pacific Coast,2013-08-13T00:00:00,22471.61,0.65,69025.45,False
ves_0858cfdee808,8NNTNZ3VLC8P,Sea Ray,Sundancer 320,2016,runabout,aluminum,planing,23.53,5.94,2.61,16048,outboard,1,gasoline,899,True,none,False,trailered,good,68,2024-11-01,Maritimes,2015-02-10T00:00:00,20400.84,1.63,64127.9,False
ves_de1630161a16,GMCV0X4HGCAJ,Boston Whaler,280 Vantage,2025,fishing,aluminum,planing,21.87,7.1,2.8,22025,outboard,1,gasoline,122,False,none,False,unknown,excellent,98,2025-06-19,Great Lakes,2022-01-25T00:00:00,66367.58,1.44,73239.69,False
ves_7d9b97361875,LHJDLG375M1Z,Lund,1875 Pro-V,1983,fishing,FRP,semi_displacement,22.65,5.58,3.59,12364,outboard,1,diesel,1661,True,none,False,wet_slip,fair,61,2021-04-19,Pacific Coast,2025-03-30T00:00:00,6810.24,0.45,68562.41,False
ves_cc0f2e35bdf9,RYG4S7Z1KDAL,Catalina,355,1992,sailboat,wood,displacement,32.2,9.78,2.44,78050,inboard,0,diesel,1475,True,none,False,wet_slip,good,68,,Maritimes,2014-07-21T00:00:00,41545.85,1.08,157922.01,False
ves_751b6a4855cb,5F85XH8BG23C,Beneteau,Oceanis 41.1,1996,sailboat,wood,displacement,39.44,8.85,4.4,82555,inboard,0,diesel,830,True,none,False,trailered,fair,58,2019-08-08,Pacific Coast,2013-05-24T00:00:00,59524.98,0.69,232569.91,False
ves_680ade68c364,5HGRAYZV0GCL,Sun Tracker,Party Barge 22 DLX,1981,pontoon,aluminum,pontoon,27.11,6.18,1.56,13054,outboard,1,gasoline,1469,False,none,False,wet_slip,good,67,2021-12-14,Great Lakes,2014-11-06T00:00:00,5472.74,0.73,54889.78,False
ves_cb019f287373,H569J8AD479M,Sea Ray,SLX 260,1974,runabout,FRP,planing,15.6,3.5,2.25,7343,outboard,1,gasoline,3379,True,none,False,wet_slip,fair,46,2018-12-05,Maritimes,2012-11-30T00:00:00,2578.09,1.18,36826.93,False
ves_32f56b6f48ef,9WXPNPVZJM9X,Regal,28 Express,2016,runabout,aluminum,planing,25.26,7.98,4.04,22528,outboard,1,gasoline,1046,True,none,False,wet_slip,good,70,2019-04-10,Atlantic Coast,2023-04-21T00:00:00,22911.87,1.9,70582.37,False
ves_d2c644f93892,TKDVPCZ5GR1S,Formula,290 BR,2006,cruiser,steel,semi_displacement,41.36,13.98,5.47,78607,inboard,2,gasoline,607,False,none,False,wet_slip,good,65,,Inland Lakes,2014-06-07T00:00:00,83238.64,0.32,321002.43,True
ves_5d44c925e6ab,R0NNV5MEMM9H,Formula,350 CBR,2005,cruiser,FRP,semi_displacement,40.35,10.59,3.0,85082,sterndrive,1,gasoline,159,True,none,False,wet_slip,fair,58,,Maritimes,2017-06-06T00:00:00,72741.85,0.08,310471.86,True
ves_68c754a8b674,W8ZEXRME9L32,Chaparral,23 SSi,2013,runabout,aluminum,planing,13.27,4.0,0.88,7150,outboard,1,gasoline,417,True,none,False,wet_slip,excellent,90,2018-08-09,Gulf Coast,2023-10-30T00:00:00,10529.46,0.58,29582.45,False
ves_a87f01c8fb99,1H1TVB09958C,Boston Whaler,170 Montauk,1979,fishing,FRP,semi_displacement,21.93,6.05,2.49,14389,inboard,1,diesel,7619,True,none,False,trailered,fair,55,2022-06-06,Atlantic Coast,2019-03-30T00:00:00,6050.15,1.91,73516.89,False
ves_bb6a14af3543,EKB6YCFEDMTE,Catalina,445,2014,sailboat,FRP,displacement,26.34,6.38,3.52,39288,sail_aux,1,diesel,329,True,none,False,wet_slip,excellent,94,2021-02-23,Atlantic Coast,2012-12-29T00:00:00,62214.49,0.69,120401.85,False
ves_e76be32b5f18,EZ9GVWFV512B,Hunter,36,2008,sailboat,steel,displacement,25.86,6.17,3.57,35750,sail_aux,1,diesel,493,True,none,False,wet_slip,good,72,2018-03-03,Gulf Coast,2015-04-06T00:00:00,40745.17,0.68,108059.7,False
ves_06f201c4d58a,FWPZP39KLMRT,Chaparral,280 OSX,2020,runabout,aluminum,planing,17.64,5.74,1.27,12194,sterndrive,1,gasoline,321,True,none,False,trailered,excellent,90,2020-01-02,Atlantic Coast,2021-07-14T00:00:00,22396.8,0.97,43463.54,False
ves_e3fd7d80437a,SGVENX85YWK0,Chaparral,280 OSX,1997,runabout,aluminum,planing,22.34,6.39,1.13,16064,outboard,1,gasoline,148,True,none,False,trailered,fair,47,2018-09-05,Maritimes,2018-10-18T00:00:00,7777.19,0.09,59782.2,True
ves_e8535b8e0d22,8GMFUJNTEEB9,Parker,2820 XLD,2023,workboat,aluminum,planing,22.82,7.35,2.27,30487,outboard,1,diesel,742,True,none,False,dry_stack,excellent,98,,Atlantic Coast,2025-03-11T00:00:00,89881.53,1.12,136595.1,False
ves_5de74052242d,209ASL9J5LMK,Jeanneau,Leader 10.5,2006,sailboat,FRP,displacement,34.09,10.27,3.68,80598,sail_aux,1,diesel,1201,False,none,False,trailered,good,74,2025-01-05,Inland Lakes,2015-01-18T00:00:00,70542.48,1.5,190979.5,False
ves_a6bc93e0b7f3,CXGUTM110ET1,SafeBoat,33 Full Cabin,2019,workboat,aluminum,displacement,36.2,11.0,4.4,90528,inboard,2,diesel,2108,False,none,False,wet_slip,very_good,84,,Great Lakes,2020-11-22T00:00:00,108380.19,1.37,254650.08,False
ves_2ec3d3d2e488,HR3YH777PL3B,Harris,Cruiser 210,1978,pontoon,aluminum,pontoon,23.92,7.77,1.96,10539,outboard,1,gasoline,1890,True,none,False,trailered,poor,44,2019-04-12,Gulf Coast,2020-06-04T00:00:00,3504.12,0.88,50387.71,False
ves_53320d7735c8,VFP577LR3KM9,Sea Ray,SDX 250,2013,runabout,FRP,planing,22.67,6.37,0.92,17226,sterndrive,1,gasoline,834,False,none,False,wet_slip,very_good,88,,Inland Lakes,2019-12-17T00:00:00,21349.32,1.17,60996.38,False
ves_a2b58afa0c32,GM7C9HF7JA43,Regal,26 XO,2008,runabout,FRP,planing,21.19,5.32,2.46,12938,outboard,1,gasoline,442,True,none,False,wet_slip,good,69,,Maritimes,2017-08-01T00:00:00,12944.57,0.45,55657.76,True
ves_fc3f0c413d84,NAAHA1PX30GK,Jeanneau,Sun Odyssey 349,2012,sailboat,wood,displacement,30.14,8.92,4.58,46893,inboard,1,diesel,575,True,none,False,wet_slip,very_good,82,2023-02-20,Maritimes,2016-05-02T00:00:00,72541.74,1.03,161755.81,False
ves_fff3255ab4ce,2JHR5LGP92YD,Tiara,44 Coupe,2007,cruiser,steel,semi_displacement,37.27,9.54,4.66,61403,inboard,2,diesel,1852,True,none,False,unknown,good,71,2018-02-12,Gulf Coast,2022-04-15T00:00:00,85684.19,1.03,278900.59,False
ves_5b8cfaf17137,VDM85ANVNC9R,Boston Whaler,170 Montauk,2025,fishing,aluminum,semi_displacement,20.21,6.28,0.87,17460,inboard,1,gasoline,89,True,none,False,wet_slip,excellent,91,2018-09-02,Maritimes,2022-02-02T00:00:00,56386.2,1.05,65820.97,False
ves_d9d75e7ac124,VZZURN62ATM3,Tiara,44 Coupe,2026,cruiser,FRP,planing,17.72,5.35,1.66,17557,sterndrive,1,diesel,0,True,none,False,wet_slip,good,76,,Gulf Coast,2014-07-15T00:00:00,90029.3,0.0,102213.11,False
ves_5556fb3d9d9a,7HTE1RRX3ZAT,Regal,26 XO,2010,runabout,aluminum,planing,16.92,3.89,2.06,8863,sterndrive,1,gasoline,1359,False,freshwater,False,dry_stack,good,68,2025-09-20,Great Lakes,2020-04-28T00:00:00,7857.72,1.54,41071.09,False
ves_3f20828ebc95,SSTPRNSZKGHF,Lund,1650 Angler,1979,fishing,FRP,semi_displacement,17.27,4.67,2.01,9522,outboard,1,diesel,1976,True,none,False,trailered,fair,46,,Pacific Coast,2014-11-04T00:00:00,3497.79,0.49,47527.76,False
ves_f867ee478529,47C9Z2M6H6XA,Harris,Solstice 230,1970,pontoon,aluminum,pontoon,21.04,5.17,1.71,8734,outboard,1,gasoline,2937,False,none,False,trailered,fair,47,2025-06-03,Inland Lakes,2025-08-17T00:00:00,2410.85,1.17,42356.09,False
ves_93cea3c27fd9,U5MJRGUS41NK,Carver,C40 Command Bridge,2010,cruiser,steel,semi_displacement,42.94,10.4,6.19,81628,inboard,2,diesel,2475,True,none,False,wet_slip,good,79,2021-07-15,Pacific Coast,2022-07-15T00:00:00,107735.32,1.63,301486.31,False
ves_b91ee79700b2,G5YT00TZB3HZ,Lund,1650 Angler,2019,fishing,aluminum,semi_displacement,18.28,4.09,2.75,7650,outboard,1,diesel,735,False,none,False,trailered,excellent,90,,Great Lakes,2021-06-06T00:00:00,22995.02,1.24,51330.34,False
ves_8dc1e17c44c4,32EFLYRXXVU2,Sun Tracker,Party Barge 22 DLX,2013,pontoon,aluminum,pontoon,27.76,6.52,1.4,12492,outboard,1,gasoline,497,True,none,False,trailered,good,70,2022-03-31,Maritimes,2019-10-22T00:00:00,15212.62,0.85,56670.35,False
ves_10f3b9631988,GE7DB2FGTKF1,Beneteau,Oceanis 31,1967,sailboat,wood,displacement,38.57,9.92,3.65,81623,sail_aux,1,diesel,1406,True,freshwater,False,trailered,poor,29,2024-11-15,Gulf Coast,2018-12-14T00:00:00,15616.82,0.6,225602.57,False
ves_0932a05b719c,M64WZ7RF5W03,Sea Ray,Sundancer 320,2005,runabout,FRP,planing,18.25,5.33,1.37,8749,sterndrive,1,gasoline,1928,True,none,False,wet_slip,good,71,2018-03-16,Maritimes,2020-01-24T00:00:00,10723.83,1.67,45497.42,False
ves_140a9259080c,342SL11RTF4S,Regal,26 XO,2024,runabout,aluminum,planing,17.13,4.27,2.71,8981,sterndrive,1,gasoline,95,False,none,False,wet_slip,excellent,98,2023-11-30,Great Lakes,2014-04-21T00:00:00,32916.91,0.86,41784.08,False
ves_19b5ffaa788d,BKDBMGVUJ5AR,Formula,290 BR,1983,cruiser,steel,semi_displacement,33.82,9.71,1.39,42818,inboard,2,diesel,771,False,none,False,wet_slip,poor,34,2022-06-07,Inland Lakes,2023-11-14T00:00:00,24062.14,0.19,244632.54,True
ves_30297734b5f0,7MNT1AHS15SC,Regal,28 Express,2020,runabout,aluminum,planing,20.28,4.79,2.19,9355,outboard,1,gasoline,233,True,none,False,trailered,very_good,84,2019-12-09,Pacific Coast,2021-06-04T00:00:00,25693.9,0.71,52483.48,False
ves_366b2846576e,PHS4XALUH2SA,Tracker,Grizzly 1860,2012,fishing,aluminum,semi_displacement,25.86,6.01,3.01,20915,outboard,1,gasoline,3582,False,none,False,wet_slip,good,70,,Great Lakes,2024-12-12T00:00:00,19655.64,3.01,75451.5,False
ves_f0ba3fad2536,GJ8RXZ5NB1ZJ,Bennington,22 SSB,2006,pontoon,aluminum,pontoon,19.68,6.25,2.05,8712,outboard,1,gasoline,1661,True,unknown,False,trailered,good,65,2018-03-01,Maritimes,2020-04-08T00:00:00,8965.1,1.85,43366.84,False
ves_0f25059dd37f,K5VT06A91MB0,Beneteau,First 27,1982,sailboat,steel,displacement,42.86,12.14,5.48,98182,sail_aux,1,diesel,1367,True,none,False,wet_slip,fair,50,2025-04-03,Pacific Coast,2020-07-14T00:00:00,45749.87,0.78,260123.7,False
ves_a275d4bcce03,MCNG8NGC18TD,Tracker,Grizzly 1860,1966,fishing,FRP,semi_displacement,25.61,7.66,2.56,29391,inboard,1,diesel,3781,False,none,False,wet_slip,poor,38,2024-07-28,Great Lakes,2017-09-03T00:00:00,3320.85,0.74,74473.51,False
ves_dbb3761da844,WEPGGR1NNSM3,Sea Ray,Sundancer 320,2023,runabout,FRP,planing,24.01,8.09,2.83,17390,sterndrive,1,gasoline,201,True,none,False,wet_slip,very_good,80,,Maritimes,2023-07-11T00:00:00,38414.08,1.22,65913.85,False
ves_4f40f213b383,034XSP1T0552,Carver,C34 Coupe,2008,cruiser,steel,planing,31.94,10.36,4.06,51196,sterndrive,1,gasoline,732,False,none,False,wet_slip,good,68,2022-05-22,Inland Lakes,2025-11-20T00:00:00,61805.28,0.43,202207.1,False
ves_dfb84b88e780,9KGC6ZKJT0SR,Sea Ray,Sundancer 320,2007,cruiser,FRP,semi_displacement,26.79,9.07,1.2,43785,inboard,1,gasoline,2004,True,none,False,wet_slip,very_good,84,2019-10-27,Gulf Coast,2020-02-22T00:00:00,55284.53,1.11,159451.24,False
ves_14dd9f5731e2,YZ43HRA1DWCX,Jeanneau,Leader 10.5,2006,sailboat,FRP,displacement,40.71,13.36,3.69,102195,sail_aux,1,diesel,730,False,none,False,wet_slip,very_good,88,2025-05-26,Great Lakes,2013-10-12T00:00:00,101693.57,0.91,242683.65,False
ves_9e8a020497dc,2TF294JJ7N82,Harris,Cruiser 210,2012,pontoon,aluminum,pontoon,22.72,6.7,1.83,8714,outboard,1,gasoline,882,True,none,False,trailered,good,71,2025-06-23,Gulf Coast,2013-01-28T00:00:00,12363.85,1.4,46991.39,False
ves_8be788072519,WLZ5K5CRN0KF,Regal,26 XO,1967,runabout,FRP,planing,22.3,6.22,1.55,14669,outboard,1,gasoline,3071,False,none,False,trailered,fair,53,2025-10-03,Inland Lakes,2023-05-16T00:00:00,3694.78,0.95,59628.24,False
ves_ff6780a8e47e,7KB1CTLDVNUD,Tiara,38 LS,1991,cruiser,steel,planing,11.21,3.5,0.67,6878,sterndrive,1,diesel,3788,True,none,False,wet_slip,fair,60,2023-02-16,Atlantic Coast,2015-06-19T00:00:00,10113.85,1.14,55105.95,False
ves_817bc725d2b8,FMN96BCSWY82,Sea Ray,SPX 190,2016,cruiser,steel,semi_displacement,42.86,10.1,6.7,65915,sterndrive,1,diesel,634,False,none,False,dry_stack,excellent,91,2019-05-02,Great Lakes,2022-05-15T00:00:00,138601.1,0.67,300760.43,False
ves_25cc994c12e4,R3SK4WY5JPJN,Chaparral,23 SSi,2005,runabout,aluminum,planing,15.87,5.07,1.46,7744,outboard,1,gasoline,1752,True,none,False,trailered,fair,58,,Maritimes,2022-10-17T00:00:00,7738.8,1.52,37676.69,False
ves_b733bb3a43c3,33W5UKNGJMBU,Lund,1875 Pro-V,1992,fishing,FRP,planing,26.0,7.2,3.67,20052,outboard,1,gasoline,6180,True,none,False,wet_slip,fair,60,,Maritimes,2013-03-04T00:00:00,10629.74,2.14,82599.89,False
ves_a5ce0f7fe83d,AU3RNPEM58X6,Bennington,24 LXSB,2016,pontoon,aluminum,pontoon,22.96,5.36,0.88,6837,outboard,1,gasoline,578,False,none,False,trailered,very_good,88,2021-06-12,Inland Lakes,2020-05-10T00:00:00,18496.32,1.28,53376.28,False
ves_651a99de29a6,1DNV52WV6L4V,Boston Whaler,280 Vantage,2002,fishing,aluminum,semi_displacement,26.0,6.71,2.62,24924,outboard,1,diesel,1683,False,none,False,trailered,good,79,2025-08-03,Great Lakes,2024-09-01T00:00:00,19458.62,0.82,92511.88,False
ves_36310bef9454,FTXLHFH50F19,Sea Ray,SDX 250,2005,cruiser,steel,planing,37.62,10.33,3.83,50581,inboard,2,diesel,5611,True,none,False,wet_slip,fair,55,2020-12-05,Atlantic Coast,2022-04-22T00:00:00,62040.79,2.81,252200.45,False
ves_4dc8d43a218a,NATA688A8SP7,Tracker,Pro Team 175,2024,fishing,FRP,planing,28.54,6.97,3.45,23864,outboard,1,diesel,109,True,none,False,trailered,excellent,94,2024-07-21,Pacific Coast,2015-09-18T00:00:00,64473.65,0.64,86185.64,False
ves_fff097721440,WYFDG3MLVM60,Boston Whaler,170 Montauk,2015,fishing,aluminum,planing,19.75,6.4,1.21,16794,outboard,1,gasoline,1710,False,none,False,wet_slip,very_good,85,,Great Lakes,2025-02-01T00:00:00,20913.6,1.83,63810.65,False
ves_780b004cf194,DGF7V4XTZJ88,Sea Ray,Sundancer 320,2001,runabout,FRP,planing,26.0,8.43,2.82,26627,sterndrive,1,gasoline,1144,True,none,False,dry_stack,good,73,2023-09-07,Gulf Coast,2014-11-05T00:00:00,15643.52,0.83,73380.5,False
ves_0722dab5cfcd,PANVTEWW9XAH,Sea Ray,SPX 190,2022,cruiser,FRP,planing,37.59,9.24,4.48,60915,sterndrive,1,gasoline,823,False,none,False,wet_slip,good,75,2022-02-08,Inland Lakes,2018-06-01T00:00:00,144442.58,2.17,251961.09,False
ves_188e023a4b65,Y63DWXBPYZEK,Lund,1975 Impact,2015,fishing,FRP,semi_displacement,22.68,7.36,3.04,19667,inboard,1,diesel,1142,True,none,False,wet_slip,very_good,86,,Maritimes,2019-08-08T00:00:00,22706.88,1.22,68685.6,False
ves_11b640fb4420,05WPWMH0CNF5,Beneteau,First 27,1966,sailboat,FRP,displacement,34.2,8.87,4.11,63450,sail_aux,1,diesel,3631,True,none,False,dry_stack,poor,40,2023-05-13,Gulf Coast,2014-07-17T00:00:00,21440.88,1.51,191825.12,False
ves_b5a8f1159121,CFY6CGWBWPXN,Chaparral,21 SSI,1991,runabout,aluminum,planing,20.4,5.82,0.83,14535,outboard,1,gasoline,1954,True,none,False,wet_slip,fair,52,2022-07-17,Pacific Coast,2021-07-28T00:00:00,6651.7,1.02,52888.47,False
ves_5d91e88b1526,KVSLEWY5DJB7,Tracker,Targa V-18,2008,fishing,aluminum,planing,14.78,3.94,1.39,5821,outboard,1,gasoline,988,False,none,False,wet_slip,good,73,2022-12-27,Inland Lakes,2024-10-04T00:00:00,8437.06,0.65,35454.0,False
ves_44000415be1e,6G6W67RRKT02,Chaparral,23 SSi,2020,runabout,aluminum,planing,26.0,7.65,2.49,22221,outboard,1,gasoline,554,False,none,False,trailered,very_good,88,,Great Lakes,2021-10-11T00:00:00,37183.44,1.68,73380.5,False
ves_cfb054491d3f,G2GXEW623SSL,Formula,290 BR,2002,cruiser,steel,semi_displacement,43.01,9.59,3.48,68640,inboard,1,diesel,1087,True,none,False,wet_slip,fair,59,2020-05-01,Maritimes,2015-01-27T00:00:00,80863.26,0.48,338414.07,False
ves_99a568cfd102,2EG1X8DFPJAK,Tracker,Pro Team 175,2017,fishing,aluminum,semi_displacement,26.0,8.26,3.28,31367,outboard,1,diesel,1185,True,none,False,trailered,good,78,2022-07-29,Gulf Coast,2022-07-18T00:00:00,26111.43,1.55,75991.9,False
ves_de018f503167,2JVD0DAZHVBS,Lund,1975 Impact,2006,fishing,FRP,semi_displacement,24.96,5.67,3.8,15548,inboard,1,diesel,1118,True,none,False,wet_slip,good,73,2020-04-21,Gulf Coast,2016-03-17T00:00:00,17519.59,0.66,78172.78,False
ves_225253782488,KVJJAEBK84JF,Formula,350 CBR,2004,cruiser,steel,semi_displacement,26.09,8.25,2.73,31777,inboard,1,gasoline,1074,True,none,False,wet_slip,very_good,86,,Pacific Coast,2022-10-24T00:00:00,56410.72,0.51,172350.58,False
ves_fc8ef2e6b7af,9U30CC70H7FK,Harris,Solstice 230,1973,pontoon,aluminum,pontoon,25.09,6.77,1.05,12356,outboard,1,gasoline,1410,True,none,True,wet_slip,poor,32,,Pacific Coast,2014-01-31T00:00:00,1482.83,0.59,53743.05,False
ves_85e730c83408,Y3ZVVLCWTD7L,Yamaha WaveRunner,VX Cruiser,2014,PWC,FRP,planing,11.47,4.36,1.08,1074,jet,1,gasoline,216,True,none,False,dry_stack,very_good,86,,Gulf Coast,2013-01-16T00:00:00,4329.84,0.51,18961.32,False
ves_ac0f16f190e9,K50MTS8MCYFK,Sea Ray,Sundancer 320,1999,runabout,FRP,planing,21.56,6.39,2.19,13313,sterndrive,1,gasoline,3213,True,none,False,wet_slip,fair,61,2019-05-24,Gulf Coast,2012-07-14T00:00:00,10108.21,2.16,56977.99,False
ves_14b27c8f2865,W7R117TK4AV5,Parker,2320 Sport Cabin,1974,workboat,steel,displacement,35.4,11.06,3.78,81982,inboard,1,gasoline,2121,True,none,False,trailered,poor,42,2020-09-08,Atlantic Coast,2017-04-28T00:00:00,13638.59,0.19,247014.33,True
ves_7fd1283710f9,NYMXAAEA3GG5,Formula,350 CBR,1998,cruiser,FRP,semi_displacement,37.66,11.94,4.97,65173,sterndrive,2,gasoline,2082,False,none,False,wet_slip,good,65,2018-06-29,Inland Lakes,2018-01-03T00:00:00,65276.64,0.78,282870.66,False
ves_a4c38692f9fc,HMTV6E6U4XTL,Bayliner,VR5,2015,runabout,FRP,planing,20.68,5.88,1.27,14539,outboard,1,gasoline,1041,True,none,False,wet_slip,good,71,2023-12-16,Gulf Coast,2024-03-25T00:00:00,15767.76,1.72,49558.52,False
ves_94eb346a53d8,4PG5TGCEET5B,Tracker,Targa V-18,2010,fishing,aluminum,semi_displacement,19.79,4.96,2.29,11766,outboard,1,diesel,2066,False,none,False,wet_slip,good,68,2019-12-19,Great Lakes,2014-09-23T00:00:00,12635.89,1.52,52554.18,False
ves_dc337be07329,A17HZYW2DF0Y,Chaparral,23 SSi,2026,runabout,aluminum,planing,26.0,5.77,2.1,19926,outboard,1,gasoline,0,True,none,False,wet_slip,very_good,80,2023-06-30,Maritimes,2024-02-01T00:00:00,67069.78,0.0,73380.5,False
ves_0cb57769f8fe,JCNBS81EW85B,Hunter,31,2013,sailboat,steel,displacement,40.41,12.64,2.9,103528,inboard,1,diesel,939,True,none,False,wet_slip,very_good,87,,Gulf Coast,2025-01-22T00:00:00,94337.87,1.81,197389.57,False
ves_d2c6f91a6042,CSJAMDWG6LEG,Tracker,Grizzly 1860,1998,fishing,FRP,semi_displacement,26.0,7.1,3.64,23630,outboard,1,gasoline,309,True,none,False,wet_slip,fair,48,,Gulf Coast,2023-05-01T00:00:00,9337.12,0.13,75991.9,True
ves_41ca255935d2,UK3L0L5SCJG1,Bennington,24 LXSB,2023,pontoon,aluminum,pontoon,25.3,7.63,1.44,12556,outboard,1,gasoline,67,False,none,False,wet_slip,very_good,86,2024-09-03,Inland Lakes,2022-05-09T00:00:00,36291.66,0.5,60852.9,False
ves_6fec03f8dc80,CM8FWZ3ASNHG,Regal,28 Express,2026,runabout,FRP,planing,24.47,5.64,3.8,14944,sterndrive,1,gasoline,0,True,none,False,dry_stack,very_good,88,,Pacific Coast,2017-10-10T00:00:00,66300.41,0.0,67625.88,False
ves_0fa57bb11eea,D0VP4TY6CGDM,Jeanneau,Sun Odyssey 349,2008,sailboat,steel,displacement,35.71,9.67,4.95,61914,sail_aux,1,diesel,687,False,freshwater,False,trailered,good,76,2025-07-18,Inland Lakes,2022-05-07T00:00:00,57357.01,0.95,203308.35,False
ves_8405e8c55eea,1RE78D4KP6M1,Tiara,44 Coupe,2014,cruiser,FRP,semi_displacement,40.92,10.2,4.93,79415,inboard,1,diesel,1523,True,none,False,wet_slip,very_good,86,2023-10-14,Pacific Coast,2017-07-07T00:00:00,132989.11,1.34,316441.61,False
ves_697aa8abe65c,LLRF38P76UA4,Bayliner,VR5,2021,runabout,FRP,planing,18.25,5.35,1.84,10435,outboard,1,gasoline,223,True,none,False,trailered,very_good,86,2022-09-20,Maritimes,2020-05-11T00:00:00,22375.06,0.81,41880.42,False
ves_d10695a64417,G58SFA3PJZVS,Regal,LS4,2001,runabout,FRP,planing,16.12,4.53,2.24,8502,outboard,1,gasoline,864,True,none,False,dry_stack,good,75,,Pacific Coast,2023-11-09T00:00:00,8362.95,0.63,38482.5,False
ves_98521f80cc60,E1YCV4UPFYD9,Regal,LS4,2004,runabout,FRP,planing,18.88,5.44,1.64,12229,sterndrive,1,gasoline,307,True,none,False,wet_slip,good,74,,Maritimes,2017-09-23T00:00:00,11218.58,0.25,47632.82,False
ves_e7f445be4816,7PRXZU94UDE0,Jeanneau,Leader 10.5,2008,sailboat,steel,displacement,34.36,10.53,1.96,61562,sail_aux,1,diesel,1978,False,none,False,trailered,fair,61,2018-10-01,Great Lakes,2018-02-23T00:00:00,64940.58,2.75,193019.25,False
ves_edab4abb140d,GLUHK8KPBV3J,Lund,1975 Impact,2014,fishing,aluminum,semi_displacement,26.0,6.2,1.74,20481,outboard,1,gasoline,1209,False,none,False,wet_slip,excellent,91,2025-03-01,Inland Lakes,2015-04-06T00:00:00,27640.84,1.19,82599.89,False
ves_1cc142042c76,56WJWLTR70VD,Tracker,Grizzly 1860,1999,fishing,FRP,planing,13.15,3.85,0.75,7467,inboard,1,diesel,2278,True,none,False,wet_slip,good,65,2020-01-31,Pacific Coast,2022-07-25T00:00:00,5075.62,0.99,30289.57,False
ves_e6692205b481,PCXZK05LWHB2,Tracker,Grizzly 1860,1990,fishing,aluminum,planing,26.0,8.29,3.12,23398,outboard,1,gasoline,2965,True,none,False,trailered,fair,53,2023-12-17,Pacific Coast,2014-09-09T00:00:00,8494.49,0.97,75991.9,False
ves_4e10d10a55e0,CJHWB2R5ZFXD,Tiara,44 Coupe,1991,cruiser,FRP,semi_displacement,35.93,11.94,5.22,66189,sterndrive,1,gasoline,1820,True,none,False,wet_slip,fair,62,2020-08-28,Pacific Coast,2021-07-07T00:00:00,49812.97,0.55,265516.74,False
ves_875aa9ba5c87,K4010AVZZW5F,Harris,Cruiser 210,1983,pontoon,aluminum,pontoon,21.08,5.61,1.07,8291,outboard,1,gasoline,1993,True,none,False,trailered,poor,43,2021-07-27,Atlantic Coast,2021-01-20T00:00:00,3385.23,1.03,42470.69,False
ves_efc70019b8ba,YE1FA3U3M6JN,Carver,C40 Command Bridge,1974,cruiser,steel,semi_displacement,29.21,7.02,1.43,36460,sterndrive,1,gasoline,2056,True,none,False,wet_slip,poor,41,,Pacific Coast,2021-09-20T00:00:00,16972.62,0.42,179239.99,False
ves_6bf19b3dc676,V3M8SBHU8E07,Hunter,36,2015,sailboat,wood,displacement,25.96,7.64,3.01,36570,sail_aux,0,diesel,269,True,none,False,wet_slip,good,78,2018-07-24,Gulf Coast,2013-03-16T00:00:00,49861.85,0.61,108582.45,False
ves_65fe1499e7be,3ZDVVE9NMGLX,Boston Whaler,230 Outrage,2008,fishing,FRP,semi_displacement,27.75,8.52,3.75,29409,outboard,1,gasoline,1878,True,none,False,dry_stack,good,65,2021-12-23,Gulf Coast,2018-10-19T00:00:00,22176.89,1.23,101028.84,False
ves_44592ca823fd,LGPK9RNH36EH,Catalina,445,1983,sailboat,steel,displacement,43.11,11.98,2.64,93292,inboard,1,diesel,2001,True,none,False,dry_stack,fair,52,,Maritimes,2022-12-12T00:00:00,43054.53,1.16,234107.33,False
ves_a15aba5e70ea,JPJF4HEB74CN,Parker,2820 XLD,2004,workboat,steel,displacement,41.69,12.09,5.07,112578,inboard,1,diesel,3553,True,none,False,wet_slip,fair,61,2022-07-31,Pacific Coast,2023-06-22T00:00:00,57464.03,0.73,308115.99,False
ves_2100259c0cdd,BFKUZZL9S9EG,Sea Ray,Sundancer 320,2015,runabout,aluminum,planing,25.13,7.43,1.6,21047,outboard,1,gasoline,294,True,none,False,wet_slip,good,78,2022-02-01,Maritimes,2012-12-03T00:00:00,23844.56,0.49,70092.08,False
ves_b67e1b7f6734,14P9R3HXH6HJ,Sea Ray,SPX 190,2023,cruiser,steel,planing,28.5,6.71,4.1,32938,inboard,1,diesel,204,False,none,False,unknown,excellent,98,2022-01-18,Inland Lakes,2014-10-09T00:00:00,128651.1,0.72,173405.49,False
ves_9a0d5e1a74c0,4NE70MA8G25F,Tiara,44 Coupe,2004,cruiser,FRP,planing,38.26,12.36,3.33,88080,inboard,2,diesel,2779,True,none,False,wet_slip,good,65,2022-10-08,Maritimes,2023-03-21T00:00:00,77486.67,1.33,289010.01,False
ves_543727e94192,UU2Z7289UK6G,Chaparral,21 SSI,1994,runabout,FRP,planing,20.21,6.7,1.42,14504,sterndrive,1,gasoline,1548,True,unknown,False,wet_slip,good,65,,Pacific Coast,2023-02-25T00:00:00,8323.9,0.88,52221.07,False
ves_984e01a5dddd,86NV889TYBC4,Regal,28 Express,2024,runabout,FRP,planing,26.0,7.12,1.75,17259,outboard,1,gasoline,114,True,none,False,wet_slip,excellent,98,2025-03-03,Pacific Coast,2023-03-22T00:00:00,57808.14,1.04,73380.5,False
ves_4f36193f4f68,77L9D2T81ZVX,Lund,1975 Impact,1972,fishing,FRP,planing,22.85,5.16,1.02,11989,outboard,1,diesel,5684,True,none,False,wet_slip,fair,51,2020-07-11,Gulf Coast,2024-07-06T00:00:00,4410.83,1.24,69382.03,False
ves_df45e43246ed,FEWHYLBXC649,Regal,LS4,2021,runabout,FRP,planing,23.3,5.23,2.35,16580,sterndrive,1,gasoline,206,False,none,False,trailered,good,77,2022-07-12,Great Lakes,2016-06-11T00:00:00,31192.57,0.75,63289.89,False
ves_1fef2833ed8a,YLW04N8EPVTD,Chaparral,280 OSX,2015,runabout,aluminum,planing,16.69,4.77,2.33,10550,outboard,1,gasoline,37,True,none,False,wet_slip,good,74,,Maritimes,2019-03-23T00:00:00,13217.5,0.06,40346.01,True
ves_3f763b32b4d1,4XN32T96MBM8,Yamaha WaveRunner,VX Cruiser,1995,PWC,FRP,planing,12.45,4.27,0.81,916,jet,1,gasoline,588,True,none,False,trailered,fair,59,,Pacific Coast,2021-02-11T00:00:00,1735.98,0.54,21180.51,False
ves_158872ca5d3d,P3UVLTS2SHKN,Carver,C40 Command Bridge,1983,cruiser,steel,planing,29.33,9.86,3.98,49149,sterndrive,1,gasoline,3913,True,none,False,wet_slip,fair,55,2025-04-22,Maritimes,2025-04-09T00:00:00,25581.71,0.96,180243.71,False
ves_f67980dff85f,8BDFXWE30F2J,Bayliner,DX2000,2007,runabout,aluminum,planing,22.07,6.84,3.03,14965,sterndrive,1,gasoline,185,True,none,False,wet_slip,good,69,2025-07-22,Gulf Coast,2020-08-06T00:00:00,12216.22,0.18,54125.72,True
ves_f882799baa25,PKGMPU53TD80,Sea Ray,SDX 250,2014,runabout,aluminum,planing,16.82,4.59,1.91,7548,outboard,1,gasoline,253,True,none,False,wet_slip,good,79,2021-04-14,Maritimes,2023-05-11T00:00:00,13581.52,0.38,40762.27,False
ves_e6a5415717db,ST1W0HS51A2T,Grady-White,336 Canyon,2012,fishing,FRP,semi_displacement,21.34,6.97,2.51,21662,inboard,1,diesel,861,True,saltwater,False,wet_slip,poor,41,2025-06-01,Pacific Coast,2019-02-22T00:00:00,5269.34,0.72,63277.98,True
ves_0a9644e044ca,4GLT9EZ3X6BD,Regal,LS4,2002,runabout,aluminum,planing,24.35,6.7,3.43,15789,sterndrive,1,gasoline,901,True,freshwater,False,dry_stack,good,67,,Atlantic Coast,2021-10-08T00:00:00,10005.23,0.68,67165.5,False
ves_8776435a35ab,3X57JTMXVNF3,Harris,Cruiser 210,2020,pontoon,aluminum,pontoon,26.0,7.42,2.11,11236,outboard,1,gasoline,368,True,none,False,wet_slip,good,79,2019-05-14,Maritimes,2017-08-24T00:00:00,24856.97,1.36,56384.0,False
ves_7a12902121ea,0LHA468HRPNU,Sea Ray,SLX 260,1986,runabout,FRP,planing,25.95,7.99,2.73,24047,outboard,1,gasoline,2286,True,none,False,dry_stack,poor,42,2025-01-11,Pacific Coast,2019-06-08T00:00:00,6959.17,1.04,73201.98,False
ves_6f072af9278f,6FA7JX2P14TE,Carver,C40 Command Bridge,2023,cruiser,FRP,semi_displacement,34.63,10.48,5.01,58510,inboard,2,gasoline,520,True,unknown,False,wet_slip,very_good,88,2019-06-29,Pacific Coast,2023-10-03T00:00:00,154241.37,1.82,225498.46,False
ves_84a7946f93fb,TL98Y6JFX4KT,Bennington,22 SSB,2012,pontoon,aluminum,pontoon,21.16,6.69,1.58,8834,outboard,1,gasoline,422,False,none,False,wet_slip,good,77,2024-01-07,Great Lakes,2023-04-09T00:00:00,13331.63,0.67,47831.53,False
ves_9a2b75d65ae3,5DNKDRMC7TL6,Lund,1650 Angler,2002,fishing,aluminum,semi_displacement,25.22,7.92,2.69,22474,inboard,1,diesel,822,True,none,False,wet_slip,fair,63,,Atlantic Coast,2016-02-07T00:00:00,14231.31,0.4,79285.06,False
ves_5e0308468dc2,UPAM3ES8GYBV,Regal,LS4,2021,runabout,aluminum,planing,17.73,5.44,2.59,11809,outboard,1,gasoline,89,True,none,False,wet_slip,good,78,,Pacific Coast,2023-02-26T00:00:00,21772.95,0.32,43768.84,False
ves_89843d3e31ba,5XJPDVXDE1F2,Boston Whaler,230 Outrage,1994,fishing,FRP,planing,14.2,3.5,1.62,6348,inboard,1,diesel,4535,False,none,False,trailered,fair,59,2019-01-18,Inland Lakes,2020-03-02T00:00:00,5522.82,1.67,40870.1,False
ves_560086b46e4b,G09N8517U4F4,Bayliner,VR5,2023,runabout,aluminum,planing,26.0,5.92,2.85,18698,sterndrive,1,gasoline,142,True,none,False,wet_slip,excellent,98,2022-01-01,Pacific Coast,2017-08-19T00:00:00,45775.45,0.86,67510.06,False
ves_f6c1b8851531,WKJWS4VDEC9G,Harris,Cruiser 210,2014,pontoon,aluminum,pontoon,26.0,8.23,1.96,13218,outboard,1,gasoline,298,True,none,False,dry_stack,very_good,83,2020-09-02,Pacific Coast,2014-06-09T00:00:00,17621.84,0.55,56384.0,False
ves_508704a0ca62,3WX65TYMPMFT,Lund,1975 Impact,2004,fishing,aluminum,semi_displacement,26.0,8.18,2.65,21434,outboard,1,gasoline,797,False,none,False,trailered,fair,64,2025-02-03,Great Lakes,2023-07-04T00:00:00,14639.2,0.43,82599.89,True
ves_47f31235b071,WFJJANHBNBP7,Grady-White,336 Canyon,2025,fishing,aluminum,semi_displacement,13.67,3.5,1.53,6235,inboard,1,diesel,92,False,unknown,False,wet_slip,excellent,98,2021-08-07,Great Lakes,2022-08-20T00:00:00,31415.75,1.08,34668.72,False
ves_bf7a41e24fec,5SNV2DYAG438,Bennington,22 SSB,1966,pontoon,aluminum,pontoon,20.6,5.55,1.34,7064,outboard,1,gasoline,1029,True,none,False,dry_stack,poor,26,2025-10-22,Pacific Coast,2012-11-29T00:00:00,1558.85,0.38,46123.77,True
ves_003dc412e9b6,H8Z54BLVN7Z5,Bennington,24 LXSB,1998,pontoon,aluminum,pontoon,17.52,3.91,1.96,5447,outboard,1,gasoline,1279,False,none,False,wet_slip,fair,60,2020-09-20,Inland Lakes,2020-09-07T00:00:00,5710.82,1.02,37066.55,False
ves_26d2adfa3eef,7JMNL8G38WSP,Sun Tracker,Party Barge 22 DLX,1979,pontoon,aluminum,pontoon,20.14,6.54,1.06,7361,outboard,1,gasoline,959,False,none,False,wet_slip,fair,48,2025-01-22,Inland Lakes,2013-05-27T00:00:00,2774.59,0.45,36735.78,False
ves_23c912109f84,ZCUK9GD56HGG,Sea Ray,SPX 190,2011,runabout,FRP,planing,9.51,3.5,1.21,3191,sterndrive,1,gasoline,67,False,none,False,wet_slip,good,75,,Great Lakes,2013-04-11T00:00:00,5538.01,0.08,18878.56,True
ves_19495498e716,53AS7YV9LFU0,Chaparral,280 OSX,2025,runabout,aluminum,planing,17.01,5.27,2.02,8982,sterndrive,1,gasoline,73,False,none,False,trailered,very_good,88,2023-10-07,Great Lakes,2016-08-01T00:00:00,34910.37,1.33,41370.94,False
ves_36041b7976ed,EFYX2L4D2CKD,Grady-White,257 Fisherman,2018,fishing,FRP,planing,18.54,6.09,1.3,15572,inboard,1,diesel,1106,True,none,False,wet_slip,good,74,2025-12-01,Maritimes,2014-03-26T00:00:00,18753.25,1.63,52316.84,False
ves_986f4f0d6574,5Z2NWFCY1JVP,Yamaha WaveRunner,VX Cruiser,2005,PWC,composite,planing,12.31,3.9,1.07,859,jet,1,gasoline,474,True,none,False,wet_slip,very_good,80,,Pacific Coast,2023-10-23T00:00:00,3151.54,0.64,20859.61,False
ves_9760e174cfb6,9ZHDH5WA6YSR,Harris,Solstice 230,2003,pontoon,aluminum,pontoon,20.87,6.26,1.58,10545,outboard,1,gasoline,468,True,unknown,False,trailered,good,69,2018-12-30,Gulf Coast,2018-01-13T00:00:00,8253.33,0.45,41920.74,False
ves_d2ed289a51e1,J7P5E022T845,Lund,1975 Impact,1992,fishing,FRP,planing,26.0,6.34,2.8,18935,outboard,1,diesel,1434,True,none,False,dry_stack,fair,64,2021-04-06,Maritimes,2014-11-29T00:00:00,11101.55,0.5,82599.89,False
ves_7b26a8c33926,3HH0VCKH0W0W,Formula,290 BR,1991,cruiser,FRP,semi_displacement,36.78,8.6,2.14,53273,inboard,1,diesel,2453,True,none,False,wet_slip,fair,56,,Pacific Coast,2019-04-19T00:00:00,48058.76,0.74,274013.39,False
ves_0bedc042caee,5Y17JJ9655KX,Tracker,Pro Team 175,2017,fishing,aluminum,semi_displacement,17.92,5.79,2.27,10419,inboard,1,gasoline,688,True,none,False,dry_stack,very_good,88,2019-09-07,Atlantic Coast,2023-11-21T00:00:00,17261.13,0.9,45982.09,False
ves_31d2dad478e3,HFNDN79BHMBU,Tiara,38 LS,2009,cruiser,FRP,semi_displacement,48.49,13.34,4.76,101979,sterndrive,1,gasoline,2030,True,none,False,wet_slip,very_good,83,2019-09-26,Maritimes,2021-04-11T00:00:00,143769.7,1.26,397923.2,False
ves_6fc1790f157c,GLVKMTFKW3LD,Sea Ray,SLX 260,1972,runabout,aluminum,planing,23.48,5.34,2.38,15911,outboard,1,gasoline,10055,True,none,False,trailered,poor,16,2024-09-28,Maritimes,2018-08-06T00:00:00,2553.82,3.39,63932.93,False
ves_d106bb571592,1HUDX63E7B3R,Chaparral,23 SSi,2020,runabout,FRP,planing,20.76,5.07,1.47,11970,sterndrive,1,gasoline,272,True,none,False,trailered,very_good,80,2020-05-15,Maritimes,2025-06-22T00:00:00,25589.49,0.82,54168.88,False
ves_9663db5f05c4,5CA6VLAD7UT1,Regal,26 XO,1985,runabout,FRP,planing,22.29,7.26,3.22,20426,outboard,1,gasoline,1808,False,none,False,trailered,good,65,2021-04-11,Inland Lakes,2018-01-04T00:00:00,7254.34,0.8,59617.83,False
ves_fb1e0cdd0fbe,P9XYT5USXYP6,Beneteau,First 27,2007,sailboat,wood,displacement,30.71,6.86,1.47,45307,sail_aux,1,diesel,1249,True,none,False,unknown,good,69,,Atlantic Coast,2018-07-11T00:00:00,59515.22,1.64,165901.74,False
ves_e55ec8c8536b,5HZ1Z1MAH60N,Bayliner,Ciera 8,2026,runabout,FRP,planing,22.2,7.07,1.9,19967,sterndrive,1,gasoline,0,True,none,False,trailered,good,79,2018-07-01,Maritimes,2015-12-03T00:00:00,49383.7,0.0,54525.45,False
ves_471cf69a242a,PAN2HU98LNME,Sea Ray,Sundancer 320,2022,runabout,aluminum,planing,21.8,6.31,2.53,15736,outboard,1,gasoline,193,True,saltwater,False,wet_slip,good,75,2019-03-26,Maritimes,2012-09-12T00:00:00,13505.1,0.88,57856.62,False
ves_f21fe62ceb81,43UH680CRDU3,Sea Ray,Sundancer 320,2017,runabout,aluminum,planing,22.94,7.23,1.79,22668,sterndrive,1,gasoline,344,False,none,False,trailered,very_good,89,,Great Lakes,2013-12-13T00:00:00,25666.63,0.69,61964.14,False
ves_e18fc4e23b9a,YTSG7SYDYSE5,Grady-White,191 CE,2010,fishing,FRP,planing,25.42,6.02,1.63,19773,outboard,1,gasoline,789,False,none,False,trailered,very_good,88,2025-10-04,Great Lakes,2023-09-30T00:00:00,23187.3,0.58,80109.9,False
ves_c95e3b62a97e,DDV12G3RA616,Harris,Cruiser 210,2026,pontoon,aluminum,pontoon,22.1,7.43,2.18,12772,outboard,1,gasoline,0,False,none,False,wet_slip,excellent,91,2018-06-06,Inland Lakes,2016-04-15T00:00:00,45507.64,0.0,45267.72,False
ves_ae4f083e1cc3,9TZ375MSJCDJ,Hunter,36,2016,sailboat,steel,displacement,34.85,9.46,2.07,77808,sail_aux,1,diesel,410,False,none,False,trailered,very_good,88,2018-11-18,Inland Lakes,2018-11-25T00:00:00,82738.3,1.02,161657.07,False
ves_5b91e42fe746,D4ZNNNEYN76Y,Sun Tracker,Party Barge 22 DLX,1978,pontoon,aluminum,pontoon,18.78,6.07,1.56,8666,outboard,1,gasoline,3187,False,none,False,wet_slip,fair,49,2020-05-04,Inland Lakes,2012-12-01T00:00:00,2481.86,1.48,33432.77,False
ves_00982fcef539,1P2MA0AEZBHK,Bennington,22 SSB,2009,pontoon,aluminum,pontoon,14.18,3.9,1.49,4027,outboard,1,gasoline,524,True,none,False,trailered,very_good,86,2022-04-24,Gulf Coast,2019-05-17T00:00:00,7691.23,0.68,27853.33,False
ves_bf0f710f8147,MTGBJ1HYPW6S,Tracker,Targa V-18,2003,fishing,FRP,planing,20.17,5.28,1.9,12252,outboard,1,gasoline,1676,True,none,False,wet_slip,very_good,83,2025-10-14,Maritimes,2017-08-07T00:00:00,12122.39,0.86,53952.33,False
ves_c231e772edcc,NVKXSDUJ98PF,Sea Ray,SDX 250,2018,cruiser,steel,planing,46.17,14.82,4.46,120896,inboard,1,gasoline,689,True,none,False,wet_slip,very_good,87,2025-07-05,Maritimes,2015-05-03T00:00:00,167068.77,0.91,332520.7,False
ves_7d372530f46e,CPRN5S2PW41L,Formula,350 CBR,2018,cruiser,steel,semi_displacement,43.56,9.95,2.66,64189,inboard,2,diesel,453,False,none,False,wet_slip,excellent,97,2018-11-15,Inland Lakes,2017-07-02T00:00:00,187731.42,0.6,344252.98,False
ves_c4409d1b3bbf,M5RTEZFV99FU,Sea Ray,SLX 260,2025,runabout,aluminum,planing,19.1,5.68,2.36,9725,sterndrive,1,gasoline,17,False,none,False,wet_slip,excellent,98,2025-10-01,Great Lakes,2020-10-13T00:00:00,44292.07,0.31,48391.99,False
ves_363f5c46a2d7,TAWVZ22A79K2,Chaparral,23 SSi,2007,runabout,FRP,planing,25.11,8.35,3.63,21156,sterndrive,1,gasoline,546,False,unknown,False,wet_slip,very_good,87,,Great Lakes,2020-10-14T00:00:00,20299.47,0.52,70027.75,False
ves_42d8df5dbedd,B0JJWA8ZYR34,Chaparral,21 SSI,2023,runabout,aluminum,planing,25.44,8.37,3.07,23589,sterndrive,1,gasoline,95,True,freshwater,False,dry_stack,very_good,82,,Maritimes,2016-11-04T00:00:00,30440.38,0.58,71250.36,False
ves_3ffaf6bc65cb,Y5WFLGMC8BMN,Carver,C34 Coupe,2010,cruiser,FRP,planing,35.13,9.33,5.52,59408,sterndrive,1,diesel,2459,True,none,False,wet_slip,good,69,2024-10-23,Maritimes,2024-05-01T00:00:00,74624.77,1.62,229898.09,False
ves_3d240da4a243,J37E1PJPW47L,Alumacraft Pro,Trophy 195,2012,workboat,steel,planing,27.09,8.95,1.99,52491,inboard,1,gasoline,2723,True,none,False,dry_stack,very_good,87,2024-10-14,Pacific Coast,2012-12-28T00:00:00,52472.49,0.88,172187.78,False
ves_dd1a0e8b9fd7,CFV6ZW2M3SM4,HarborCat,26 WB,2016,workboat,steel,semi_displacement,36.89,9.36,5.34,55329,inboard,2,gasoline,1455,False,none,False,wet_slip,excellent,93,2020-11-02,Inland Lakes,2015-08-16T00:00:00,94324.47,0.66,261145.32,False
ves_8fe604849141,H0EG9X35LTP9,Tracker,Targa V-18,2017,fishing,FRP,planing,26.0,6.47,1.08,18849,inboard,1,gasoline,279,True,none,False,wet_slip,very_good,83,,Maritimes,2024-11-21T00:00:00,27318.95,0.36,75991.9,False
ves_d44c63488895,86EFS5J7ULLB,Grady-White,191 CE,2005,fishing,aluminum,semi_displacement,26.0,5.87,3.86,16178,inboard,1,gasoline,472,False,none,False,trailered,good,78,,Great Lakes,2023-08-21T00:00:00,17328.86,0.26,82599.89,True
ves_9a92faf87bdc,G1W5DAD1NS0S,Bayliner,Ciera 8,2009,runabout,FRP,planing,21.86,5.02,1.5,14171,sterndrive,1,gasoline,844,False,none,False,trailered,excellent,93,2018-11-28,Great Lakes,2021-05-28T00:00:00,17281.96,0.9,53410.08,False
ves_d457c8a671ae,P24HRPGZXMA2,Bayliner,VR5,2026,runabout,FRP,planing,17.29,4.0,2.58,7559,outboard,1,gasoline,0,True,none,False,trailered,excellent,98,2019-01-09,Pacific Coast,2018-10-19T00:00:00,41389.89,0.0,38922.22,False
ves_7f49240d8a55,LTGX1JYMX7EY,Sea Ray,SPX 190,2014,runabout,aluminum,planing,26.0,6.71,2.4,19181,outboard,1,gasoline,977,True,none,False,trailered,very_good,89,2019-08-24,Atlantic Coast,2025-06-30T00:00:00,26690.13,1.48,73380.5,False
ves_91e843094965,VNK1PCS5YJUX,Bennington,20 SVL,2007,pontoon,aluminum,pontoon,26.0,7.57,1.13,13042,outboard,1,gasoline,1768,False,none,False,trailered,good,70,2020-06-08,Inland Lakes,2025-01-01T00:00:00,14159.54,2.07,63150.08,False
ves_db004f0a5999,1XM5AE8ENDKP,Sun Tracker,Bass Buggy 18 DLX,2011,pontoon,aluminum,pontoon,18.63,5.56,1.64,5600,outboard,1,gasoline,719,True,none,False,wet_slip,excellent,93,2019-03-18,Pacific Coast,2023-01-28T00:00:00,10280.66,1.07,33069.15,False
ves_d5ea70e53324,5NU7F021L754,Regal,28 Express,2003,runabout,FRP,planing,18.03,4.99,0.82,8790,sterndrive,1,gasoline,545,False,none,False,wet_slip,good,77,2019-07-25,Inland Lakes,2014-07-23T00:00:00,10526.98,0.43,44767.69,False
ves_774e262ee62f,YJ7NKNAA9082,Bennington,22 SSB,1970,pontoon,aluminum,pontoon,13.73,4.03,1.09,3231,outboard,1,gasoline,1918,True,none,False,dry_stack,poor,43,2025-03-22,Pacific Coast,2016-07-25T00:00:00,1439.06,0.76,26665.8,False
ves_bc1aa1fea702,980D14SS7C0B,Alumacraft Pro,Trophy 195,2008,workboat,steel,planing,38.84,11.21,3.94,69430,inboard,1,diesel,2703,True,none,False,dry_stack,good,76,2022-02-13,Maritimes,2022-07-29T00:00:00,68578.64,0.68,280032.54,False
ves_3c98d025f140,L4TW91W3FGZK,Sea Ray,SPX 190,1991,runabout,FRP,planing,23.69,6.96,1.27,18534,sterndrive,1,gasoline,2266,True,unknown,False,wet_slip,poor,43,,Pacific Coast,2019-11-10T00:00:00,7245.6,1.18,64701.54,False
ves_782b1a414439,JN8M9H5PMNDM,Formula,290 BR,2011,cruiser,FRP,planing,30.81,8.24,2.79,43603,inboard,2,diesel,968,True,none,False,wet_slip,very_good,82,2018-02-18,Maritimes,2021-08-03T00:00:00,81198.76,0.68,215686.45,False
ves_dc2aa3b6de51,ADUACGPA1U87,Chaparral,21 SSI,2001,runabout,FRP,planing,23.03,5.92,3.2,12773,sterndrive,1,gasoline,1572,True,none,False,wet_slip,good,65,2024-11-24,Pacific Coast,2018-05-02T00:00:00,12253.81,1.14,62314.37,False
ves_080c33d5deba,2JBHUS05793N,Sun Tracker,Party Barge 22 DLX,2001,pontoon,aluminum,pontoon,18.67,4.93,1.39,6586,outboard,1,gasoline,358,True,none,False,trailered,good,75,,Gulf Coast,2025-10-27T00:00:00,6523.3,0.32,33174.2,False
ves_75ea24b82352,G1VNK9CJ8FW6,Sea-Doo,RXT-X 300,2021,PWC,composite,planing,11.69,3.81,1.12,783,jet,1,gasoline,218,True,freshwater,False,wet_slip,very_good,83,2018-03-08,Gulf Coast,2022-02-14T00:00:00,5565.01,1.25,19453.94,False
ves_915adbd444f3,7HJ8FYREY114,Beneteau,Oceanis 31,2007,sailboat,FRP,displacement,42.98,12.19,6.0,114392,sail_aux,1,diesel,1325,False,none,False,wet_slip,good,79,2023-02-20,Great Lakes,2020-08-28T00:00:00,103144.42,1.74,261171.5,False
ves_6d7af2e347ac,4X0JRG2A6XKV,Chaparral,21 SSI,2014,runabout,FRP,planing,24.67,6.76,1.24,16459,sterndrive,1,gasoline,1118,False,none,False,wet_slip,very_good,80,,Great Lakes,2020-12-24T00:00:00,22985.34,1.69,68359.57,False
ves_d5f74faad33a,KPRDM82WLB2Y,Sun Tracker,Bass Buggy 18 DLX,2022,pontoon,aluminum,pontoon,26.0,5.93,1.99,11903,outboard,1,gasoline,161,True,none,False,unknown,excellent,91,2022-04-17,Pacific Coast,2016-06-01T00:00:00,29787.53,0.89,51873.28,False
ves_5a2d6917ab57,W6LJ57VKPPNA,Tiara,38 LS,1975,cruiser,FRP,semi_displacement,27.56,8.02,1.85,40376,sterndrive,1,gasoline,2975,True,none,False,wet_slip,poor,30,,Gulf Coast,2017-10-07T00:00:00,15230.76,0.61,185576.38,False
ves_db9d5097803d,2SCHS28WM1F6,Carver,C34 Coupe,2024,cruiser,steel,semi_displacement,33.37,9.45,3.38,57670,inboard,2,diesel,141,False,none,False,wet_slip,excellent,94,2024-05-12,Inland Lakes,2017-04-27T00:00:00,173866.24,0.74,214547.96,False
ves_05a7456938ad,M174WJGXEM2B,Grady-White,336 Canyon,2015,fishing,FRP,planing,23.65,7.89,1.91,21798,outboard,1,gasoline,218,True,unknown,False,wet_slip,very_good,86,2019-05-19,Maritimes,2017-01-22T00:00:00,24024.61,0.23,72671.57,False
ves_b4f817da6b95,LFTCFH9W0L4A,Harris,Cruiser 210,1967,pontoon,aluminum,pontoon,23.75,5.51,1.54,7444,outboard,1,gasoline,2269,False,none,False,trailered,poor,29,2018-09-16,Inland Lakes,2020-04-27T00:00:00,1830.23,0.85,49886.34,True
ves_d08873b41aa1,NKWPJPZUJ4ET,Grady-White,336 Canyon,1982,fishing,aluminum,planing,23.71,7.98,1.6,19177,inboard,1,diesel,3382,False,none,False,wet_slip,fair,63,2025-08-13,Inland Lakes,2020-01-17T00:00:00,7184.27,0.9,72929.94,False
ves_a993241d30f1,X41BSEUHH3EY,Tracker,Pro Team 175,2014,fishing,aluminum,planing,14.16,3.65,0.82,5996,inboard,1,gasoline,457,True,none,False,wet_slip,very_good,83,2024-04-22,Atlantic Coast,2023-11-24T00:00:00,10459.95,0.45,33468.34,False
ves_d6d8143f8939,W8GZVUGDLX1M,Boston Whaler,170 Montauk,1991,fishing,FRP,semi_displacement,22.75,6.03,2.2,13820,inboard,1,gasoline,3231,True,none,False,trailered,fair,61,,Gulf Coast,2018-02-24T00:00:00,9752.26,1.09,77232.22,False
ves_2644a064dc19,0S36M5Z69VU4,Carver,C40 Command Bridge,1966,cruiser,steel,semi_displacement,25.4,5.68,3.97,23993,inboard,1,gasoline,7394,True,none,False,wet_slip,poor,36,,Maritimes,2014-03-20T00:00:00,10695.45,1.3,148389.37,False
ves_9890b2d2c83e,8A49J789H2AN,Parker,2820 XLD,2002,workboat,aluminum,semi_displacement,31.97,7.68,2.23,52208,inboard,1,diesel,4568,True,freshwater,False,trailered,good,70,,Atlantic Coast,2025-09-23T00:00:00,29917.15,0.87,215306.22,False
ves_89fd960d3dfa,HYSHVW7VTPA2,Formula,290 BR,2010,cruiser,FRP,planing,34.24,10.32,2.34,60068,inboard,2,diesel,807,True,none,False,wet_slip,good,69,2021-11-04,Maritimes,2021-01-05T00:00:00,80757.01,0.53,248789.82,False
ves_166207a939d0,M2ZAG48NF9K3,Parker,2320 Sport Cabin,2001,workboat,aluminum,semi_displacement,29.66,10.08,1.72,64227,outboard,1,diesel,4477,True,none,False,trailered,good,76,,Maritimes,2023-02-11T00:00:00,38625.25,0.81,194577.54,False
ves_755a2cc5d6ee,5LJZ4AZNHNVC,Parker,2820 XLD,2016,workboat,steel,displacement,17.51,5.52,1.67,20571,outboard,1,gasoline,1215,False,none,False,trailered,excellent,91,,Great Lakes,2022-11-22T00:00:00,33949.56,0.55,95544.3,False
ves_24e5af45e1ce,291JHGBJKZ9A,Lund,1875 Pro-V,2015,fishing,FRP,semi_displacement,22.58,7.42,1.26,20229,inboard,1,diesel,2232,True,none,False,trailered,very_good,82,,Maritimes,2020-08-02T00:00:00,21790.94,2.39,68266.57,False
ves_3f6629106000,TS4N7G9MNKRH,Chaparral,23 SSi,2006,runabout,aluminum,planing,18.29,5.52,1.76,12652,sterndrive,1,gasoline,986,True,none,False,wet_slip,good,68,2024-09-26,Gulf Coast,2022-12-04T00:00:00,10753.15,0.9,45627.13,False
ves_b6156429bbeb,DWHU0UZ3SXDM,Boston Whaler,230 Outrage,1991,fishing,FRP,planing,23.14,6.46,1.77,17915,inboard,1,diesel,18154,True,unknown,False,dry_stack,poor,5,2021-03-28,Gulf Coast,2024-12-22T00:00:00,3848.01,6.1,79065.12,False
ves_fa4549ae8e0c,Y000SUP1FGJH,Regal,LS4,1987,runabout,aluminum,planing,23.97,6.31,3.05,17816,sterndrive,1,gasoline,2659,True,none,False,trailered,poor,38,2024-07-26,Maritimes,2024-12-20T00:00:00,6083.6,1.24,65747.26,False
ves_3f5226e82282,TZ05H4E739BL,Harris,Solstice 230,1988,pontoon,aluminum,pontoon,15.15,4.41,1.47,3974,outboard,1,gasoline,919,True,none,False,trailered,fair,53,2019-11-09,Maritimes,2019-09-29T00:00:00,2863.0,0.54,27196.21,False
ves_c94913d09fb4,PA969TWRVUHL,Formula,350 CBR,2006,cruiser,FRP,planing,39.78,12.39,6.03,85538,inboard,2,diesel,1015,True,none,False,wet_slip,good,76,2019-08-13,Atlantic Coast,2020-11-13T00:00:00,95778.65,0.53,304589.36,False
ves_022071c25501,TJ3VXDAZRUMT,Chaparral,21 SSI,2005,runabout,aluminum,planing,25.32,7.53,3.5,24264,outboard,1,gasoline,2271,True,none,False,wet_slip,fair,58,2025-02-04,Atlantic Coast,2025-07-16T00:00:00,14541.24,1.97,70794.64,False
ves_e8b2f8829041,0K7F8M6MMN8M,Sun Tracker,Bass Buggy 18 DLX,2020,pontoon,aluminum,pontoon,26.84,6.13,2.11,11923,outboard,1,gasoline,134,False,none,False,dry_stack,excellent,96,2021-02-28,Inland Lakes,2019-07-26T00:00:00,27586.31,0.5,54140.47,False
ves_d09975a26c8e,G11BHACJSFUK,Bayliner,VR5,1975,runabout,FRP,planing,21.58,5.02,1.9,9664,sterndrive,1,gasoline,1747,True,none,False,wet_slip,fair,55,2025-11-23,Atlantic Coast,2025-08-03T00:00:00,4234.9,0.62,52498.86,False
ves_68cbd0983d0e,HBCGVG93KARB,Carver,C34 Coupe,1994,cruiser,steel,planing,37.76,11.17,4.13,57421,sterndrive,1,diesel,1160,False,none,False,wet_slip,good,74,2023-01-11,Great Lakes,2020-10-22T00:00:00,57937.79,0.38,253489.14,False
ves_502188bd003f,CKM4YM4KWVZG,Grady-White,191 CE,2011,fishing,aluminum,planing,26.0,8.35,1.8,23316,outboard,1,gasoline,255,True,saltwater,False,wet_slip,poor,44,2025-01-28,Atlantic Coast,2019-10-24T00:00:00,6956.61,0.2,82599.89,True
ves_74d39f5ae70f,H4UKFXJM1ZX8,Alumacraft Pro,205 Bay,2011,workboat,FRP,displacement,25.21,6.43,1.47,36310,jet,1,diesel,5400,True,none,False,wet_slip,good,74,2025-04-10,Maritimes,2016-05-20T00:00:00,41068.71,1.64,156209.44,False
ves_a55e9b29114a,RFS0APB07JHD,Grady-White,336 Canyon,2005,fishing,FRP,semi_displacement,21.29,6.09,1.41,17487,inboard,1,diesel,3653,True,none,False,wet_slip,fair,60,2019-07-20,Pacific Coast,2018-01-21T00:00:00,11987.71,2.05,63069.31,False
ves_0f5cfdca09cd,0DGE7LBK0KFS,Tracker,Pro Team 175,2013,fishing,aluminum,planing,22.32,7.11,2.38,17829,outboard,1,gasoline,691,True,none,False,wet_slip,fair,59,2021-04-07,Atlantic Coast,2024-02-29T00:00:00,14773.74,0.63,61828.34,True
ves_6c903013d640,CM9LA246T9WR,Regal,26 XO,2024,runabout,FRP,planing,20.13,5.13,2.17,13596,sterndrive,1,gasoline,67,True,none,False,trailered,excellent,98,,Pacific Coast,2016-05-22T00:00:00,40926.04,0.61,51950.71,False
ves_8b03ad11b07d,67X21LD04NUG,HarborCat,36 Pilot,1967,workboat,steel,displacement,33.56,8.48,2.96,60659,jet,2,gasoline,17872,True,none,False,wet_slip,poor,41,,Gulf Coast,2023-07-20T00:00:00,11028.09,1.38,229882.97,False
ves_7cbd0e7e1a3d,FC7CDXFWAZV2,Sea Ray,SPX 190,1979,runabout,aluminum,planing,18.54,5.4,2.73,13469,outboard,1,gasoline,1445,False,none,False,wet_slip,good,77,2023-01-04,Inland Lakes,2014-09-03T00:00:00,5319.64,0.56,46476.7,False
ves_97696205fb03,K6FFRPKL9Y5J,Regal,28 Express,1992,runabout,FRP,planing,20.32,5.85,2.93,12682,outboard,1,gasoline,732,True,none,False,wet_slip,fair,52,2024-03-21,Pacific Coast,2018-04-15T00:00:00,6273.58,0.39,52617.14,True
ves_f284b9a0fce2,WF8G6XLVLEU0,Tracker,Grizzly 1860,1973,fishing,aluminum,planing,26.0,8.64,3.15,29763,outboard,1,gasoline,7458,False,unknown,False,trailered,fair,46,,Inland Lakes,2017-12-19T00:00:00,4671.33,1.66,75991.9,False
ves_a1995594eb3b,J509X0F395TC,Regal,28 Express,1971,runabout,aluminum,planing,19.34,6.29,1.2,16391,outboard,1,gasoline,2020,True,none,False,trailered,fair,47,2019-01-29,Atlantic Coast,2024-08-11T00:00:00,3190.52,0.67,49220.79,False
ves_39bfdff69602,6GFMG24N2YEX,Tiara,44 Coupe,2000,cruiser,FRP,planing,27.57,6.95,2.68,36468,inboard,1,diesel,2380,True,none,False,wet_slip,fair,62,2020-10-10,Atlantic Coast,2018-03-18T00:00:00,43617.62,0.96,185650.09,False
ves_e277710fc559,47PDPB4UTMFK,Kawasaki Jet Ski,Ultra 310LX,2019,PWC,composite,planing,10.51,4.4,0.89,836,jet,1,gasoline,240,True,none,False,wet_slip,excellent,98,2021-12-22,Pacific Coast,2024-05-03T00:00:00,5543.04,0.98,15045.39,False
ves_290c2d60c1f5,77L4Z1ANEKXX,Lund,1875 Pro-V,2004,fishing,aluminum,planing,19.89,5.95,1.92,15246,outboard,1,gasoline,1695,False,none,False,trailered,very_good,83,2021-04-30,Great Lakes,2025-07-28T00:00:00,13322.46,0.91,57540.99,False
ves_b1265b1596e2,PN3L1PZPNA00,Chaparral,280 OSX,1969,runabout,FRP,planing,18.03,5.38,2.32,11961,outboard,1,gasoline,2353,True,none,False,wet_slip,poor,33,2025-08-14,Pacific Coast,2025-07-12T00:00:00,2237.08,0.75,44773.92,False
ves_dcf70585f91b,640ML41V4VGF,Grady-White,257 Fisherman,2002,fishing,aluminum,semi_displacement,26.0,6.34,3.82,16817,inboard,1,diesel,1091,True,none,False,trailered,fair,61,,Gulf Coast,2023-07-25T00:00:00,14507.87,0.53,82599.89,False
ves_3b137b0f5c1d,Z632A0R9VUTW,Sea Ray,Sundancer 320,2009,runabout,FRP,planing,14.02,4.49,0.59,7077,sterndrive,1,gasoline,962,False,none,False,trailered,very_good,82,2024-08-19,Great Lakes,2016-08-03T00:00:00,9397.09,1.03,31891.07,False
ves_4c7c23b866f0,N2D4J1M2XL4R,Sea Ray,SDX 250,1974,cruiser,FRP,planing,26.05,6.99,2.7,35932,sterndrive,1,diesel,4683,False,freshwater,False,wet_slip,poor,43,,Great Lakes,2023-08-29T00:00:00,10760.92,0.95,153517.77,False
ves_ea50f2cf7aba,1BJ6ZMSRWNS1,Carver,C40 Command Bridge,2005,cruiser,steel,semi_displacement,50.14,12.91,6.66,88712,inboard,2,gasoline,2431,True,none,False,trailered,good,76,2025-02-22,Atlantic Coast,2020-01-19T00:00:00,114001.29,1.22,371717.62,False
ves_6933427964fe,P2G8B3E8EP31,Sea Ray,SLX 260,2024,cruiser,FRP,planing,34.16,7.58,4.52,33467,inboard,2,diesel,154,True,none,False,wet_slip,excellent,93,,Gulf Coast,2018-11-10T00:00:00,177950.96,0.81,221371.96,False
ves_41d987125a0d,NBB9KP0HPBXJ,Bennington,22 SSB,1989,pontoon,aluminum,pontoon,25.92,7.31,1.32,15253,outboard,1,gasoline,941,True,none,True,wet_slip,fair,50,2024-08-30,Pacific Coast,2020-12-17T00:00:00,3617.29,0.57,62899.09,False
ves_e2025af2a7c7,NU2GWLP8454U,Chaparral,280 OSX,1983,runabout,FRP,planing,15.59,5.02,0.67,8663,sterndrive,1,gasoline,2820,True,none,False,dry_stack,fair,55,2024-02-02,Maritimes,2018-09-28T00:00:00,3773.91,1.19,36801.66,False
ves_78dc7954eca0,Z2BHMX4MZSEP,Sun Tracker,Bass Buggy 18 DLX,2012,pontoon,aluminum,pontoon,15.6,3.55,1.15,2972,outboard,1,gasoline,397,False,none,False,wet_slip,very_good,85,,Inland Lakes,2017-07-22T00:00:00,7794.01,0.63,26020.28,False
ves_fbd2bba372b0,E34XXNND88CU,Grady-White,336 Canyon,2021,fishing,aluminum,planing,26.0,8.71,3.98,26212,inboard,1,gasoline,498,True,none,False,wet_slip,very_good,88,2022-11-29,Gulf Coast,2016-06-11T00:00:00,42700.63,1.17,82599.89,False
ves_c20822ada0ca,CYBE7G3WUXZ2,Chaparral,21 SSI,2021,runabout,FRP,planing,18.35,4.35,2.1,10230,outboard,1,gasoline,214,True,none,False,wet_slip,very_good,80,,Pacific Coast,2024-02-07T00:00:00,23229.24,0.78,45848.22,False
ves_bb6e5180b6ee,4RLFN0ADTCHD,Harris,Cruiser 210,2015,pontoon,aluminum,pontoon,22.99,6.81,1.74,10291,outboard,1,gasoline,126,True,none,False,trailered,fair,64,2018-04-26,Gulf Coast,2019-01-25T00:00:00,12793.37,0.25,47743.91,True
ves_05048091e1fc,HS78UX7RFTVF,Regal,LS4,1976,runabout,FRP,planing,22.32,5.08,1.29,10731,outboard,1,gasoline,3296,True,none,False,unknown,poor,40,2021-01-06,Gulf Coast,2017-12-22T00:00:00,4089.25,1.2,59718.74,False
ves_51f74505428f,9XW6K9GJR015,Bennington,20 SVL,1987,pontoon,aluminum,pontoon,26.0,8.71,1.14,13595,outboard,1,gasoline,4662,True,none,False,trailered,poor,42,,Atlantic Coast,2014-05-17T00:00:00,5597.68,2.66,63150.08,False
ves_1cf94fb3cbc1,ZTHFZ4PK2949,Bayliner,Ciera 8,2022,runabout,aluminum,planing,20.28,5.79,1.86,11548,outboard,1,gasoline,404,True,none,False,trailered,very_good,80,2020-12-13,Pacific Coast,2018-05-29T00:00:00,26227.93,1.84,48267.07,False
ves_b1048b773e46,SHRHDCUSEGUR,Chaparral,21 SSI,2015,runabout,aluminum,planing,16.07,3.63,2.27,5702,sterndrive,1,gasoline,543,True,none,False,dry_stack,very_good,88,2018-10-12,Gulf Coast,2016-10-25T00:00:00,14245.51,0.9,38330.13,False
ves_8925a38ec0ec,SLXELMY6KA74,Lund,1975 Impact,2022,fishing,FRP,planing,15.01,4.09,1.67,6523,inboard,1,diesel,382,False,none,False,wet_slip,excellent,96,2022-08-09,Great Lakes,2018-05-26T00:00:00,23524.15,1.12,39341.88,False
ves_47be9e28250f,R9LKGGWY58ZT,Regal,28 Express,1990,runabout,FRP,planing,21.17,6.67,3.15,13553,outboard,1,gasoline,2695,True,none,False,trailered,fair,58,2022-10-08,Gulf Coast,2014-12-24T00:00:00,7280.04,1.36,55586.02,False
ves_1c58a787f71c,40PFN1GU5MTZ,Sea Ray,Sundancer 320,2021,runabout,aluminum,planing,26.0,6.49,3.04,21294,outboard,1,gasoline,259,True,none,False,trailered,excellent,91,2023-04-16,Pacific Coast,2018-06-18T00:00:00,40892.4,0.94,73380.5,False
ves_10de0a626edf,VLW8VEVA6CPV,Boston Whaler,230 Outrage,1983,fishing,FRP,semi_displacement,16.98,4.75,0.7,11439,inboard,1,diesel,1739,True,saltwater,False,wet_slip,poor,35,2024-05-05,Pacific Coast,2012-08-03T00:00:00,1663.18,0.48,52065.39,False
ves_f4c63c01d69f,UKN4FVRC7ZS1,Chaparral,21 SSI,2009,runabout,FRP,planing,19.12,5.19,0.83,10151,sterndrive,1,gasoline,1076,True,none,False,wet_slip,good,70,,Pacific Coast,2016-05-31T00:00:00,12750.65,1.15,48458.52,False
ves_353f1b54285c,6M14GJ5X9Z6Z,Lund,1975 Impact,1981,fishing,FRP,semi_displacement,24.69,6.61,3.71,22318,outboard,1,gasoline,2589,False,none,False,trailered,good,70,2018-12-25,Great Lakes,2016-04-19T00:00:00,7919.77,0.68,77052.53,False
ves_2d0055134923,D2J2A66DFDUG,Tracker,Grizzly 1860,2001,fishing,aluminum,planing,13.67,4.3,0.96,6404,inboard,1,gasoline,3769,True,none,False,wet_slip,good,74,,Pacific Coast,2018-05-31T00:00:00,6212.13,1.77,31895.17,False
ves_368879ebfba0,WWA8NHEAKHGS,Harris,Cruiser 210,2004,pontoon,aluminum,pontoon,17.02,4.14,0.94,3738,outboard,1,gasoline,368,True,saltwater,False,wet_slip,fair,49,2024-04-17,Gulf Coast,2021-04-23T00:00:00,2319.14,0.37,31824.42,False
ves_5bf26dda2d2e,H4KBMKSL9N77,Regal,26 XO,1972,runabout,FRP,planing,21.86,5.55,3.37,13776,outboard,1,gasoline,2741,False,none,False,wet_slip,good,67,,Great Lakes,2019-05-22T00:00:00,4882.7,0.92,58046.59,False
ves_a4f14bfb3984,WC5CZJ66UALZ,Grady-White,336 Canyon,1969,fishing,aluminum,semi_displacement,15.18,4.72,1.12,10330,outboard,1,diesel,8433,False,none,False,dry_stack,poor,38,2025-11-26,Great Lakes,2014-08-30T00:00:00,1948.81,1.74,39942.54,False
ves_c2323e11ee4a,E717M9TJXZ2E,Beneteau,First 27,2018,sailboat,wood,displacement,43.7,12.11,4.36,105487,sail_aux,1,diesel,233,False,none,False,wet_slip,very_good,82,2021-08-11,Inland Lakes,2024-11-18T00:00:00,143388.64,0.73,267062.96,False
ves_8e11eed93dc0,DTHCE50BMXG5,Chaparral,21 SSI,2025,runabout,aluminum,planing,22.45,7.24,1.46,20831,outboard,1,gasoline,53,True,none,False,wet_slip,excellent,98,2025-04-22,Maritimes,2017-06-03T00:00:00,55103.53,0.96,60204.22,False
ves_b7652e7c8c4e,GPCJA03EYM8N,Chaparral,21 SSI,2012,runabout,aluminum,planing,19.09,5.79,2.53,12050,outboard,1,gasoline,1364,True,none,False,trailered,fair,59,2018-07-13,Maritimes,2021-03-28T00:00:00,12388.74,1.77,48341.88,False
ves_159cd9374d0b,YBRVT1ZELVES,Sun Tracker,Party Barge 22 DLX,2010,pontoon,aluminum,pontoon,23.28,5.23,1.87,7136,outboard,1,gasoline,566,True,none,False,trailered,good,79,2025-06-14,Pacific Coast,2014-04-12T00:00:00,11947.22,0.79,44680.87,False
ves_65da19f7b621,YDS8ECZE3F7J,Alumacraft Pro,Trophy 195,2006,workboat,aluminum,planing,17.13,4.24,0.69,15644,outboard,1,diesel,1018,False,none,False,wet_slip,good,77,2023-09-27,Inland Lakes,2019-10-28T00:00:00,19855.52,0.23,92703.78,True
ves_e88fa997438b,B7D11J44JH5H,Formula,350 CBR,2018,cruiser,FRP,semi_displacement,24.81,7.98,2.25,36984,sterndrive,1,gasoline,450,False,none,False,wet_slip,very_good,83,2021-10-10,Great Lakes,2017-08-23T00:00:00,78138.84,0.59,161020.8,False
ves_794b93aa11e1,CXZSVJ27HEET,Tracker,Targa V-18,2015,fishing,FRP,planing,20.7,6.79,2.83,17974,outboard,1,gasoline,573,True,none,False,trailered,good,79,2022-11-10,Gulf Coast,2013-09-12T00:00:00,17352.63,0.61,55856.79,False
ves_89e2635786fe,8UFPJRWPH0KC,Chaparral,23 SSi,1978,runabout,FRP,planing,26.69,7.99,1.32,27006,sterndrive,1,gasoline,6403,True,none,False,wet_slip,poor,39,2021-06-03,Maritimes,2020-08-14T00:00:00,5448.51,2.43,76019.64,False
ves_8b8e67731d07,15CRP1M4DWCZ,Sea Ray,Sundancer 320,1993,cruiser,FRP,semi_displacement,38.55,8.68,2.77,61113,sterndrive,1,diesel,3423,True,none,False,wet_slip,good,71,2021-09-26,Maritimes,2025-04-23T00:00:00,56425.37,1.09,260631.1,False
ves_e82dab4c7a7b,1V64TL16SJAU,Alumacraft Pro,Trophy 195,1984,workboat,FRP,displacement,18.02,4.19,1.83,16818,jet,1,gasoline,2931,True,none,False,wet_slip,fair,57,,Gulf Coast,2019-09-27T00:00:00,9715.56,0.32,99279.23,False
ves_911ed627a8b1,TM56B5A6CZ7P,Chaparral,23 SSi,1982,runabout,aluminum,planing,25.33,6.98,3.81,17955,sterndrive,1,gasoline,4428,True,none,False,trailered,fair,51,2022-06-06,Atlantic Coast,2016-09-22T00:00:00,6717.6,1.83,70830.86,False
ves_0e0d4650741b,RHCM95XCRDTT,Bayliner,Element M17,2006,runabout,FRP,planing,22.69,7.19,1.44,21269,sterndrive,1,gasoline,615,False,none,False,trailered,good,72,2025-06-21,Great Lakes,2025-07-12T00:00:00,13775.34,0.56,56161.23,False
ves_1b741379a4bd,4VKBX0Y307VB,Sea Ray,SPX 190,2015,cruiser,FRP,semi_displacement,42.47,12.21,6.52,95719,sterndrive,2,gasoline,1748,True,none,False,wet_slip,good,68,2018-10-30,Gulf Coast,2022-04-18T00:00:00,108145.37,1.67,297014.21,False
ves_6e4b024138d0,R93HD75XUNVS,Lund,1875 Pro-V,1999,fishing,FRP,semi_displacement,21.06,6.49,1.81,18327,inboard,1,gasoline,2043,True,none,False,wet_slip,good,73,,Gulf Coast,2018-07-09T00:00:00,11293.44,0.89,62166.95,False
ves_f84f960d5e5d,53RJS3JTVYXH,Regal,28 Express,2021,runabout,FRP,planing,21.77,7.32,1.01,15439,sterndrive,1,gasoline,569,True,none,False,dry_stack,very_good,84,2023-06-12,Gulf Coast,2024-01-24T00:00:00,30322.13,2.07,57749.96,False
ves_703a49421c60,4BLEJ914ZJ2S,Grady-White,191 CE,1969,fishing,FRP,planing,25.1,7.93,2.67,20802,outboard,1,gasoline,3107,False,none,False,dry_stack,fair,46,2025-08-24,Inland Lakes,2019-04-24T00:00:00,4295.33,0.64,78784.11,False
ves_166e69774e61,9FKA061X5M9U,Chaparral,23 SSi,2006,runabout,FRP,planing,16.53,5.37,2.0,10324,sterndrive,1,gasoline,686,True,none,False,wet_slip,very_good,81,,Gulf Coast,2023-09-20T00:00:00,10627.54,0.62,39818.59,False
ves_b2d3b5200497,4UXGZVLHVU85,Chaparral,23 SSi,2006,runabout,aluminum,planing,15.54,4.97,2.31,7967,sterndrive,1,gasoline,1070,True,none,False,wet_slip,good,70,,Pacific Coast,2020-11-15T00:00:00,8805.56,0.97,36616.87,False
ves_9ac189e4a5ec,NA8B0PV45J6V,Beneteau,First 27,1984,sailboat,steel,displacement,42.25,10.99,5.4,108078,inboard,1,diesel,709,True,none,False,wet_slip,fair,51,2019-12-22,Gulf Coast,2023-06-08T00:00:00,47290.99,0.42,255158.28,False
ves_07a0ceb9cd34,9YU69EXC4GXN,Sea Ray,SDX 250,2009,cruiser,steel,semi_displacement,20.34,5.29,0.95,18975,sterndrive,1,gasoline,2267,False,none,False,wet_slip,good,79,2024-04-09,Great Lakes,2013-05-16T00:00:00,38323.56,1.4,109959.48,False
ves_a33c62e3de6e,FPA4E8PMC3T1,Carver,C40 Command Bridge,2016,cruiser,FRP,planing,24.52,6.62,3.19,25822,inboard,1,gasoline,1113,True,none,False,wet_slip,good,75,2023-10-20,Maritimes,2012-10-17T00:00:00,56585.62,1.17,141478.46,False
ves_df632ba8764a,V35XS4HM6XHZ,Chaparral,280 OSX,2005,runabout,aluminum,planing,17.17,5.8,0.83,9322,sterndrive,1,gasoline,634,True,none,False,wet_slip,good,75,2024-10-07,Gulf Coast,2016-12-17T00:00:00,10269.89,0.55,41913.53,False
ves_120effe9491c,42TDU8RYCW53,Sea Ray,Sundancer 320,1969,cruiser,steel,planing,46.11,14.04,4.18,105377,sterndrive,1,diesel,951,True,none,False,wet_slip,poor,26,2021-01-26,Pacific Coast,2020-12-05T00:00:00,20136.12,0.18,331920.51,True
ves_1c2e7a0b752b,DP0NL2RVL0Y3,Harris,Cruiser 210,2003,pontoon,aluminum,pontoon,19.35,4.88,1.72,7537,outboard,1,gasoline,164,True,none,False,wet_slip,good,66,2018-09-07,Atlantic Coast,2021-01-20T00:00:00,6646.11,0.16,37837.87,True
ves_94fbe1a2eebb,12JUFEE93BAK,Sun Tracker,Bass Buggy 18 DLX,1998,pontoon,aluminum,pontoon,19.81,5.78,1.71,8322,outboard,1,gasoline,1009,True,none,False,trailered,good,75,2024-08-22,Atlantic Coast,2023-10-01T00:00:00,6459.53,0.8,35943.54,False
ves_c41b2e4cc2c1,FR3U7V9S1B82,Formula,290 BR,2017,cruiser,steel,semi_displacement,24.81,7.28,1.92,35436,sterndrive,1,diesel,1360,True,none,False,wet_slip,good,67,2021-03-18,Pacific Coast,2017-07-13T00:00:00,63194.49,1.59,161058.0,False
ves_20fc22d3fd67,P8SFK27RD8T3,Carver,C40 Command Bridge,2023,cruiser,FRP,semi_displacement,32.28,9.38,4.01,51465,sterndrive,1,gasoline,349,True,none,False,unknown,very_good,87,2024-02-17,Maritimes,2018-11-27T00:00:00,139111.92,1.22,205115.95,False
ves_4bbc33d57ee3,G4E1JALHLN5H,Tiara,38 LS,2017,cruiser,steel,planing,33.65,8.43,3.16,40163,sterndrive,1,diesel,886,True,none,False,wet_slip,very_good,89,2025-02-11,Atlantic Coast,2025-01-06T00:00:00,116945.79,1.04,243003.24,False
ves_4904fd7bc6bc,LKVP0T76PYJL,Hunter,36,2018,sailboat,wood,displacement,23.22,7.19,3.48,39462,sail_aux,1,diesel,290,True,none,False,trailered,very_good,83,2021-11-10,Pacific Coast,2014-02-17T00:00:00,50608.6,0.91,93425.82,False
ves_e4d392d6b302,6LEZRZANUV4W,Formula,290 BR,2020,cruiser,FRP,planing,21.15,4.68,2.34,17756,inboard,1,diesel,1245,True,none,False,wet_slip,very_good,87,2019-01-08,Pacific Coast,2017-08-27T00:00:00,73524.58,2.18,129789.82,False
ves_fbc96a545f6f,YU7PLARPFKKL,Harris,Cruiser 210,1966,pontoon,aluminum,pontoon,23.44,5.19,1.1,8483,outboard,1,gasoline,3436,True,none,False,wet_slip,fair,50,2021-09-25,Pacific Coast,2015-03-24T00:00:00,2570.49,1.27,49012.06,False
ves_23e4b5a9ef39,XFPLUK458TH4,Hunter,36,2026,sailboat,FRP,displacement,28.29,8.51,1.41,52832,inboard,1,diesel,0,True,none,False,wet_slip,excellent,97,2020-03-04,Gulf Coast,2018-01-30T00:00:00,128705.26,0.0,121983.95,False
ves_527f073a2c46,T9AUCU72CTUD,Regal,26 XO,1978,runabout,FRP,planing,22.93,7.09,2.95,21715,outboard,1,gasoline,1345,True,none,False,wet_slip,fair,49,2021-11-22,Gulf Coast,2013-01-21T00:00:00,5080.67,0.51,61927.91,False
ves_f7685e782b61,HD5DXGUNBYXL,Hunter,31,1971,sailboat,wood,displacement,25.42,7.38,2.66,43338,sail_aux,1,diesel,1597,True,none,False,trailered,poor,33,,Maritimes,2012-09-23T00:00:00,11741.19,0.73,105589.32,False
ves_2898a5a5fd1d,3MAWUZHY6F6F,Sea Ray,SPX 190,2005,cruiser,steel,semi_displacement,32.15,9.51,2.24,53434,inboard,1,gasoline,4710,True,none,False,wet_slip,fair,48,2020-05-11,Gulf Coast,2023-04-14T00:00:00,46061.57,2.36,204021.73,False
ves_eefbb9431e97,NJWD1VMUJX3R,Alumacraft Pro,205 Bay,1989,workboat,steel,planing,8.0,3.5,0.5,4308,inboard,1,diesel,5915,True,none,False,wet_slip,good,67,2018-05-24,Atlantic Coast,2021-09-01T00:00:00,4204.6,0.73,33172.69,False
ves_cc377c0bdc19,C1KP4ZVPY9UF,Boston Whaler,230 Outrage,2022,fishing,aluminum,semi_displacement,23.13,5.24,2.29,14314,inboard,1,diesel,133,True,none,False,wet_slip,excellent,92,,Atlantic Coast,2014-05-19T00:00:00,45730.38,0.39,78984.72,False
ves_0fedee5c527d,ZAL37YYGMZWL,Carver,C40 Command Bridge,2022,cruiser,FRP,planing,30.99,9.25,2.21,40525,inboard,1,diesel,283,True,none,False,trailered,very_good,88,2018-12-20,Gulf Coast,2015-06-03T00:00:00,125052.59,0.74,194130.19,False
ves_541dc1c35e25,R9G34U2BL9LW,Sun Tracker,Bass Buggy 18 DLX,2006,pontoon,aluminum,pontoon,25.16,7.99,0.95,13482,outboard,1,gasoline,1016,False,none,False,trailered,good,72,,Great Lakes,2012-07-03T00:00:00,11014.38,1.13,49627.65,False
ves_dc71cca799a4,KNMWWFMSP4FS,SafeBoat,25 Defender,2017,workboat,aluminum,displacement,19.75,5.61,1.64,19752,inboard,1,gasoline,3831,False,none,False,dry_stack,good,78,2018-08-23,Inland Lakes,2022-06-08T00:00:00,38598.13,1.93,112331.84,False
ves_6fec22069abe,XJ2XV42EZ8BR,Formula,350 CBR,2024,cruiser,steel,planing,24.84,6.97,3.8,29054,inboard,1,diesel,99,True,none,False,wet_slip,excellent,90,2024-08-02,Gulf Coast,2021-11-23T00:00:00,126462.47,0.52,161249.05,False
ves_da8690b20798,KVW17CT3ML2G,Sea Ray,SDX 250,2007,cruiser,FRP,semi_displacement,27.19,7.62,1.72,39328,inboard,1,diesel,2501,True,none,False,wet_slip,good,79,2021-04-03,Gulf Coast,2015-06-19T00:00:00,53934.92,1.39,162686.53,False
ves_2454d20e41fb,W4TH5907Y0HM,Carver,C40 Command Bridge,1994,cruiser,steel,planing,30.88,9.06,1.83,40442,inboard,1,diesel,7672,True,none,False,wet_slip,fair,54,2025-06-01,Gulf Coast,2016-05-19T00:00:00,35682.03,2.52,193233.04,False
ves_6788362cc37f,0T4YVBUMVZ3B,Bennington,24 LXSB,1995,pontoon,aluminum,pontoon,18.33,4.29,0.8,4280,outboard,1,gasoline,652,True,none,False,wet_slip,fair,63,2019-04-23,Pacific Coast,2015-11-15T00:00:00,5271.29,0.47,39380.15,True
ves_28880d47bea2,S6CEX0CKG19F,Tracker,Pro Team 175,2025,fishing,FRP,semi_displacement,21.59,5.67,1.14,13376,outboard,1,gasoline,98,True,none,False,wet_slip,excellent,98,2020-11-21,Maritimes,2018-04-25T00:00:00,53596.57,1.15,59146.28,False
ves_96c7c53c0d99,D07P4UMU9C2M,SafeBoat,25 Defender,2009,workboat,aluminum,displacement,32.33,7.34,2.81,48573,outboard,1,diesel,2837,True,unknown,False,wet_slip,good,73,,Maritimes,2019-07-02T00:00:00,53595.03,0.76,218559.44,False
ves_c79d1df64c92,63Y17AYYXZ5K,Grady-White,336 Canyon,2020,fishing,aluminum,semi_displacement,12.54,3.5,1.32,5398,inboard,1,gasoline,1174,True,none,False,trailered,good,68,2018-01-16,Pacific Coast,2015-07-13T00:00:00,12234.54,2.3,30863.28,False
ves_e2e58609e54a,0WVX56BKLZ43,Jeanneau,Leader 10.5,2024,sailboat,steel,displacement,35.81,9.65,5.17,77836,sail_aux,1,diesel,95,True,none,False,trailered,excellent,98,,Pacific Coast,2025-05-14T00:00:00,177722.25,1.19,204128.68,False
ves_b20154b0a205,23ZP3UX0GX92,Carver,C40 Command Bridge,2008,cruiser,FRP,semi_displacement,31.31,7.43,3.85,33203,inboard,2,gasoline,1010,True,none,False,wet_slip,very_good,84,,Gulf Coast,2020-11-03T00:00:00,69985.67,0.59,196868.41,False
ves_3e20fa63b85c,33NBRJ9F3BXS,Beneteau,Oceanis 41.1,1982,sailboat,wood,displacement,28.89,8.12,2.61,53338,inboard,0,diesel,1747,True,none,False,trailered,fair,48,2021-05-04,Pacific Coast,2022-02-27T00:00:00,26192.64,0.99,152738.32,False
ves_3b55868eb9cb,P66S5SM69HYL,Bennington,22 SSB,1977,pontoon,aluminum,pontoon,17.61,3.9,1.55,4546,outboard,1,gasoline,3849,True,freshwater,False,trailered,poor,35,2025-09-06,Pacific Coast,2020-05-26T00:00:00,1593.74,1.75,37331.99,False
ves_06b370fb4a52,B57DV2C02954,Grady-White,191 CE,2026,fishing,aluminum,semi_displacement,24.69,6.42,3.33,22772,inboard,1,diesel,0,False,none,False,wet_slip,excellent,98,,Great Lakes,2023-02-09T00:00:00,81923.17,0.0,77038.9,False
ves_07fdd9d55736,8STYV5Y5TUCJ,Chaparral,21 SSI,1993,runabout,aluminum,planing,17.8,4.74,2.43,9687,outboard,1,gasoline,1963,True,none,False,trailered,fair,61,,Gulf Coast,2022-07-28T00:00:00,6519.63,1.08,43997.56,False
ves_aed3c67545e7,V1TRBPWKAT09,Harris,Cruiser 210,2021,pontoon,aluminum,pontoon,25.76,8.66,1.71,14430,outboard,1,gasoline,220,False,none,False,wet_slip,excellent,90,2019-03-20,Great Lakes,2014-04-20T00:00:00,29277.15,0.98,55690.64,False
ves_aa1352c7e376,PRKUHNZ86ARN,Grady-White,257 Fisherman,1978,fishing,aluminum,semi_displacement,17.61,4.62,1.49,10986,outboard,1,diesel,2432,False,none,False,wet_slip,fair,51,2022-07-24,Inland Lakes,2017-09-26T00:00:00,3715.43,0.6,48815.97,False
ves_a7b56b38b95d,R6MCUUFNEJWD,Sea Ray,SPX 190,2010,cruiser,FRP,semi_displacement,16.36,4.89,2.05,14869,sterndrive,1,gasoline,1153,True,none,False,wet_slip,excellent,96,,Pacific Coast,2021-03-26T00:00:00,33833.05,0.76,81916.48,False
ves_0dca9bc0d782,A4H5N6AT3U8M,Sea Ray,SDX 250,1970,runabout,FRP,planing,22.07,5.03,2.91,14184,sterndrive,1,gasoline,7256,False,none,False,wet_slip,poor,41,2022-08-31,Inland Lakes,2018-07-09T00:00:00,3412.87,2.36,58831.46,False
ves_62902fa82ef1,78LME4WG5YMN,Sun Tracker,Party Barge 22 DLX,2005,pontoon,aluminum,pontoon,25.16,7.1,1.74,10306,outboard,1,gasoline,1842,False,freshwater,False,trailered,good,67,,Inland Lakes,2023-06-15T00:00:00,7317.1,1.95,49613.65,False
ves_ce6b5fae6905,LX73URT7W0KW,Sea Ray,Sundancer 320,2011,cruiser,steel,semi_displacement,36.37,11.97,4.77,73872,inboard,1,gasoline,1892,True,none,False,wet_slip,very_good,83,2018-08-07,Atlantic Coast,2018-05-29T00:00:00,91528.09,1.33,240974.77,False
ves_66cfccb13459,NPTV0BX41XNP,Formula,290 BR,2011,cruiser,steel,semi_displacement,36.48,10.8,2.14,56174,sterndrive,2,diesel,3589,True,none,False,wet_slip,fair,63,2018-02-17,Maritimes,2014-08-11T00:00:00,84738.54,2.52,271015.54,False
ves_9311c7afba8a,U05VH7JEX3KK,Boston Whaler,280 Vantage,2023,fishing,aluminum,semi_displacement,17.55,4.31,1.6,7576,inboard,1,diesel,185,True,unknown,False,trailered,very_good,80,2022-03-09,Gulf Coast,2012-08-30T00:00:00,30782.49,0.73,54427.56,False
ves_25c14bf23381,6R60YNTTBJH3,Boston Whaler,170 Montauk,2008,fishing,aluminum,semi_displacement,23.16,7.03,1.99,18017,outboard,1,diesel,2206,True,none,False,wet_slip,very_good,81,2022-06-05,Atlantic Coast,2016-04-22T00:00:00,20287.8,1.44,79115.15,False
ves_7da3439fe2e5,HL9F6NE4U65K,Grady-White,191 CE,1967,fishing,aluminum,planing,17.54,5.84,2.04,13676,inboard,1,diesel,7752,True,none,False,trailered,poor,28,2019-10-08,Pacific Coast,2018-06-25T00:00:00,1903.46,1.55,48553.04,False
ves_cf1ec11666c8,X6NZKNKPWMGB,Regal,28 Express,2008,runabout,aluminum,planing,18.56,4.57,2.07,10731,sterndrive,1,gasoline,1727,True,none,True,trailered,poor,42,2023-07-13,Maritimes,2013-12-05T00:00:00,4710.14,1.74,46558.77,False
ves_64c98d87b74e,BJ5H1B5P1D55,Sun Tracker,Bass Buggy 18 DLX,1966,pontoon,aluminum,pontoon,19.21,4.43,1.32,4522,outboard,1,gasoline,3643,False,none,False,wet_slip,fair,45,2022-01-16,Great Lakes,2016-12-08T00:00:00,1695.54,1.35,34481.06,False
ves_01ac1168d24c,907T9H6BA132,Bayliner,DX2000,2014,runabout,FRP,planing,14.74,4.42,1.16,8395,outboard,1,gasoline,1096,True,none,False,dry_stack,good,74,2025-01-04,Pacific Coast,2023-08-25T00:00:00,9976.48,1.66,31380.33,False
ves_c2ebd8ed7ccf,MAJKJ7CDPV03,Boston Whaler,280 Vantage,1973,fishing,aluminum,planing,20.65,5.97,0.99,17208,inboard,1,diesel,1317,True,saltwater,False,wet_slip,poor,20,2023-03-28,Gulf Coast,2022-05-11T00:00:00,1200.0,0.29,67802.6,True
ves_238e5cd1e121,BYB7CK3C1LLG,Boston Whaler,170 Montauk,1991,fishing,FRP,semi_displacement,18.94,6.12,3.03,13386,outboard,1,diesel,1457,True,none,False,wet_slip,fair,60,2025-09-16,Atlantic Coast,2025-07-22T00:00:00,7534.87,0.49,60333.9,False
ves_dd490cdb2ab4,TJX0G78NJR9J,Grady-White,336 Canyon,2025,fishing,aluminum,semi_displacement,24.67,6.35,2.92,15367,inboard,1,gasoline,171,True,none,True,wet_slip,good,75,,Atlantic Coast,2022-09-10T00:00:00,31464.31,2.01,76944.43,False
ves_4142d5c5f571,JX40KC1DNMAK,Bayliner,Element M17,1975,runabout,FRP,planing,23.52,7.54,2.69,20757,outboard,1,gasoline,9411,False,unknown,False,wet_slip,poor,38,2023-01-14,Great Lakes,2025-02-15T00:00:00,3806.33,3.36,58961.69,False
ves_ddbb5ed38d73,9YYMTY86GYTE,Hunter,36,2021,sailboat,FRP,displacement,32.3,10.04,3.01,72780,sail_aux,1,diesel,215,True,none,False,wet_slip,good,77,2022-11-23,Atlantic Coast,2017-09-11T00:00:00,86949.97,1.07,145893.73,False
ves_06edd361ecaf,M29NKRBNZKD0,Boston Whaler,280 Vantage,1992,fishing,aluminum,planing,20.23,6.71,3.07,20333,inboard,1,gasoline,3231,False,none,False,unknown,fair,51,2020-05-14,Great Lakes,2013-10-16T00:00:00,7639.15,1.12,65946.99,False
ves_504272ba9187,76XJWAETWPED,Bayliner,Ciera 8,2024,runabout,FRP,planing,23.5,6.84,1.09,17115,outboard,1,gasoline,176,False,freshwater,False,dry_stack,excellent,91,2021-04-21,Inland Lakes,2016-09-08T00:00:00,31585.42,1.6,58904.27,False
ves_d09295b416a3,HKP5KUXAHWG7,Regal,28 Express,1985,runabout,FRP,planing,25.68,8.55,1.54,26375,outboard,1,gasoline,7028,True,none,False,trailered,poor,35,,Pacific Coast,2020-09-06T00:00:00,6012.95,3.12,72180.89,False
ves_23b7baa7886c,8VRGF0S843DG,Sea Ray,Sundancer 320,1966,cruiser,steel,planing,28.06,8.31,3.14,41057,sterndrive,1,gasoline,3944,True,none,False,wet_slip,poor,36,2018-01-25,Gulf Coast,2019-08-10T00:00:00,12236.11,0.69,169764.6,False
ves_f6ff45152fad,G811CGGGHS03,Hunter,36,2011,sailboat,steel,displacement,47.38,15.18,2.86,175393,inboard,1,diesel,1553,True,none,False,trailered,good,71,2023-01-18,Maritimes,2017-01-22T00:00:00,97002.92,2.59,244674.34,False
ves_8d44c86f1282,B6TZZZSU5DX6,Sea Ray,SLX 260,2003,cruiser,steel,semi_displacement,34.35,9.57,3.03,63879,sterndrive,1,gasoline,2661,False,none,False,wet_slip,fair,63,2021-05-28,Great Lakes,2019-12-28T00:00:00,57098.28,1.22,223046.34,False
ves_a4664e3c3de3,GF2X8M1NT8ZY,Tiara,38 LS,2018,cruiser,steel,semi_displacement,38.31,11.11,4.26,67453,sterndrive,1,diesel,505,True,none,False,unknown,very_good,85,2022-08-07,Atlantic Coast,2016-01-27T00:00:00,142961.07,0.66,289481.93,False
ves_7738032c5926,2TKYZ2J1GVFX,Beneteau,First 27,1980,sailboat,FRP,displacement,32.76,10.67,4.78,87981,inboard,1,diesel,1270,True,none,False,wet_slip,fair,56,2025-01-05,Atlantic Coast,2020-11-06T00:00:00,32870.09,0.69,180967.17,False
ves_d193380931bd,753N3M21T0T4,Grady-White,191 CE,2024,fishing,aluminum,planing,21.29,5.19,2.74,10788,outboard,1,gasoline,319,False,none,False,trailered,very_good,84,2025-10-17,Great Lakes,2017-08-03T00:00:00,43390.32,1.88,63084.9,False
ves_d4fc9c925354,RZR6UD6584EL,Tracker,Grizzly 1860,2010,fishing,FRP,semi_displacement,24.27,8.17,2.32,19749,outboard,1,gasoline,2357,True,none,False,wet_slip,good,70,2019-04-03,Atlantic Coast,2025-05-24T00:00:00,16984.72,1.73,69230.37,False
ves_27446dffc0f4,J2P5WWYR93KX,Harris,Solstice 230,1978,pontoon,aluminum,pontoon,20.06,6.76,1.99,7961,outboard,1,gasoline,1367,False,freshwater,False,wet_slip,fair,45,2018-02-17,Inland Lakes,2025-09-27T00:00:00,2016.23,0.63,39731.23,False
ves_6f7e4cb09b84,8HYFG21317JY,Kawasaki Jet Ski,STX 160,1978,PWC,FRP,planing,10.79,4.48,1.18,1059,jet,1,gasoline,1687,False,none,False,trailered,poor,43,2018-09-30,Great Lakes,2021-10-14T00:00:00,1200.0,1.0,15589.02,False
ves_284a9a3d6e68,TBDD0GLAAAX1,Bayliner,Element M17,2020,runabout,aluminum,planing,19.15,4.69,2.21,9247,sterndrive,1,gasoline,246,True,unknown,False,trailered,excellent,97,,Gulf Coast,2019-01-09T00:00:00,24361.44,0.75,44672.85,False
ves_ee66023822eb,M9K5BCHWVGZM,Regal,LS4,2002,runabout,FRP,planing,21.8,5.0,3.45,12920,outboard,1,gasoline,314,False,none,False,dry_stack,good,72,2021-01-31,Inland Lakes,2012-08-27T00:00:00,11575.66,0.24,57837.21,True
ves_ac5690d8a506,8N2CZD7GFX2N,Harris,Solstice 230,2006,pontoon,aluminum,pontoon,25.4,6.06,1.89,8788,outboard,1,gasoline,422,False,none,False,trailered,good,72,,Great Lakes,2019-07-22T00:00:00,12124.67,0.47,54630.32,False
ves_442538ab6cf4,DCNFWMXDBDW1,Grady-White,257 Fisherman,1982,fishing,aluminum,semi_displacement,22.2,7.5,1.94,19101,outboard,1,diesel,2252,True,none,False,wet_slip,poor,35,2022-10-22,Pacific Coast,2021-09-01T00:00:00,4228.45,0.6,66718.24,True
ves_d98f287fb822,AC1PHVASYM1R,Boston Whaler,170 Montauk,2016,fishing,FRP,semi_displacement,20.48,5.85,3.26,12317,outboard,1,diesel,405,False,none,False,trailered,excellent,95,2023-09-17,Inland Lakes,2017-07-21T00:00:00,24600.74,0.48,67020.53,False
ves_ce08416eca6a,31UN8TA2C5JR,SafeBoat,33 Full Cabin,2024,workboat,FRP,displacement,43.17,14.37,1.81,123968,jet,1,gasoline,539,True,none,False,trailered,excellent,98,2021-05-13,Pacific Coast,2024-04-23T00:00:00,249345.73,1.23,322908.53,False
ves_4172919d3de8,F8NJC77GHRC1,Harris,Solstice 230,2019,pontoon,aluminum,pontoon,20.43,6.18,0.96,8101,outboard,1,gasoline,282,False,none,False,trailered,excellent,95,2023-10-06,Great Lakes,2021-10-02T00:00:00,18997.82,0.9,40712.98,False
ves_25236a771fe6,MZ6ND21KV9ER,Bayliner,Ciera 8,1985,runabout,aluminum,planing,24.7,8.07,3.41,26122,outboard,1,gasoline,2301,True,none,False,trailered,fair,57,2023-03-20,Maritimes,2021-10-06T00:00:00,7021.03,1.02,62998.93,False
ves_7b446650cdbb,BLX0CKGRA1AD,Bennington,24 LXSB,1972,pontoon,aluminum,pontoon,26.0,6.98,2.11,13973,outboard,1,gasoline,1333,True,saltwater,False,wet_slip,poor,28,2020-01-14,Gulf Coast,2017-03-14T00:00:00,1294.37,0.55,63150.08,False
ves_f7e254ed5b1c,67K60RKVM1TL,Formula,350 CBR,1998,cruiser,FRP,planing,35.86,10.0,3.18,60328,sterndrive,1,diesel,2642,False,none,False,wet_slip,very_good,85,2018-11-21,Great Lakes,2017-08-20T00:00:00,73948.43,0.99,264777.13,False
ves_c498d7cce0f8,60YX2JPSPNN0,Formula,290 BR,1991,cruiser,FRP,semi_displacement,48.98,12.96,6.58,107459,sterndrive,2,diesel,3005,True,none,False,wet_slip,good,68,2021-09-02,Pacific Coast,2015-07-02T00:00:00,80607.12,0.9,403384.65,False
ves_91ed6cc7963f,L14M5BP1MUK2,Bennington,24 LXSB,2011,pontoon,aluminum,pontoon,26.0,7.56,1.67,11555,outboard,1,gasoline,2419,True,saltwater,False,dry_stack,poor,28,2022-03-29,Pacific Coast,2012-12-29T00:00:00,4170.45,3.58,63150.08,False
ves_3a86a745aaa7,DYFXZNKPWE0X,Carver,C40 Command Bridge,2021,cruiser,steel,planing,29.74,7.49,3.17,43722,sterndrive,1,gasoline,308,True,none,False,trailered,very_good,82,,Atlantic Coast,2012-10-21T00:00:00,105733.54,0.65,183616.23,False
ves_1b7df5654b18,7USHK5GCJ171,Jeanneau,Sun Odyssey 349,2004,sailboat,FRP,displacement,32.28,10.68,4.33,82688,sail_aux,1,diesel,1239,True,none,False,dry_stack,good,77,2018-12-23,Pacific Coast,2015-03-13T00:00:00,64779.64,1.41,177423.04,False
ves_2f2548962687,2KHNXVFZ8B3L,Regal,LS4,2002,runabout,aluminum,planing,26.0,7.32,3.24,21229,sterndrive,1,gasoline,1274,False,unknown,False,trailered,very_good,83,2022-08-30,Great Lakes,2017-09-13T00:00:00,17683.14,0.97,73380.5,False
ves_4176a0b3f289,6FYCJABW1N71,Jeanneau,Sun Odyssey 349,2007,sailboat,FRP,displacement,41.18,9.28,4.84,92134,sail_aux,1,diesel,1054,True,unknown,False,trailered,good,70,,Atlantic Coast,2017-03-07T00:00:00,89313.64,1.39,246479.73,False
ves_db497ec812f4,FX9HBJGSEM0E,Chaparral,21 SSI,2009,runabout,aluminum,planing,26.0,6.11,2.99,21814,sterndrive,1,gasoline,1570,True,none,False,wet_slip,good,68,,Maritimes,2022-06-09T00:00:00,18922.55,1.68,73380.5,False
ves_7f85d3af6925,NFMFFA4RPDF1,Harris,Cruiser 210,1996,pontoon,aluminum,pontoon,24.6,6.05,1.45,10396,outboard,1,gasoline,2215,True,none,False,wet_slip,fair,62,2024-06-21,Atlantic Coast,2018-09-15T00:00:00,7759.29,1.64,52315.55,False
ves_fa59de708494,NHENMXRL2V39,Sun Tracker,Party Barge 22 DLX,2012,pontoon,aluminum,pontoon,23.94,5.84,1.6,10773,outboard,1,gasoline,339,True,none,False,trailered,very_good,86,2019-12-13,Atlantic Coast,2019-06-28T00:00:00,14021.62,0.54,46408.0,False
ves_a6880b3fd377,5AFX0ETX5Z70,Bayliner,VR5,1985,runabout,aluminum,planing,15.26,4.73,1.4,7397,outboard,1,gasoline,1104,True,none,False,wet_slip,fair,52,2018-06-21,Gulf Coast,2014-09-07T00:00:00,3454.89,0.49,32887.83,False
ves_3a4212245b6c,65KK13BJX1K2,Lund,1650 Angler,2004,fishing,FRP,planing,14.79,3.84,1.11,7457,inboard,1,diesel,2055,True,none,False,dry_stack,good,70,,Pacific Coast,2017-09-09T00:00:00,7906.04,1.1,38580.74,False
ves_a33b44defc67,URN8844L8DZG,Sea Ray,SPX 190,1991,runabout,FRP,planing,18.56,5.46,2.08,10624,sterndrive,1,gasoline,1164,True,none,False,dry_stack,good,67,2019-11-13,Maritimes,2024-05-22T00:00:00,6926.58,0.6,46568.03,False
ves_4ca37f98f72b,HJVY0J07EB50,Parker,2320 Sport Cabin,2011,workboat,aluminum,displacement,25.55,7.02,3.1,31524,outboard,1,gasoline,324,True,none,False,wet_slip,good,75,2021-03-20,Maritimes,2016-07-15T00:00:00,42215.6,0.1,159044.23,True
ves_2779721849da,SS87BX9G1KXF,Chaparral,280 OSX,1980,runabout,aluminum,planing,19.29,6.21,0.98,16106,sterndrive,1,gasoline,1848,True,saltwater,False,wet_slip,poor,30,,Gulf Coast,2014-01-08T00:00:00,1460.43,0.73,49027.93,False
ves_2ea8f6efdec8,KUX8XNNHVDN9,Sun Tracker,Bass Buggy 18 DLX,1983,pontoon,aluminum,pontoon,22.11,6.07,1.03,8319,outboard,1,gasoline,2796,False,none,True,dry_stack,poor,30,2019-09-23,Inland Lakes,2019-07-23T00:00:00,1502.46,1.44,41682.78,False
ves_1d40a53ad13a,K51L5XGU6UN6,Bayliner,DX2000,2002,runabout,aluminum,planing,24.4,5.92,0.99,13976,sterndrive,1,gasoline,234,True,none,False,dry_stack,fair,51,,Pacific Coast,2019-07-04T00:00:00,9848.99,0.18,61949.19,True
ves_7dd6e76f0868,VXC9DJ8EEJKG,Chaparral,21 SSI,2015,runabout,aluminum,planing,24.42,6.23,1.31,18784,sterndrive,1,gasoline,1028,True,none,False,dry_stack,good,76,2025-08-22,Atlantic Coast,2014-03-02T00:00:00,22507.15,1.7,67407.6,False
ves_64a089e1ad7f,FP5LHTRSDBDR,Regal,26 XO,2021,runabout,aluminum,planing,19.47,6.05,1.47,14617,outboard,1,gasoline,436,True,none,False,wet_slip,very_good,82,2019-11-18,Maritimes,2015-02-26T00:00:00,25609.23,1.59,49644.06,False
ves_0ef43aaa9b84,CNCPR8AZF09L,Chaparral,23 SSi,1991,runabout,FRP,planing,17.21,5.73,1.94,11050,sterndrive,1,gasoline,1966,True,none,False,wet_slip,fair,64,2025-04-07,Atlantic Coast,2016-12-25T00:00:00,6060.9,1.02,42046.77,False
ves_4fd696407684,2HV5B592PMHC,Chaparral,280 OSX,2016,runabout,aluminum,planing,22.39,7.48,1.26,17974,sterndrive,1,gasoline,393,False,none,False,trailered,excellent,98,,Inland Lakes,2017-03-14T00:00:00,24916.22,0.71,59982.19,False
ves_d060e3089ec2,MYP81X62L87V,Carver,C40 Command Bridge,1987,cruiser,FRP,semi_displacement,48.58,12.76,2.21,102687,sterndrive,1,gasoline,2494,True,none,False,wet_slip,fair,60,2023-08-08,Maritimes,2020-04-26T00:00:00,59142.57,0.67,356132.67,False
ves_983aaff75cd6,0EU3BWCHWKT6,Sea Ray,Sundancer 320,1999,runabout,FRP,planing,18.03,5.18,2.76,8677,sterndrive,1,gasoline,3238,False,freshwater,False,dry_stack,fair,60,2021-04-13,Great Lakes,2021-04-20T00:00:00,5657.34,2.18,44782.14,False
ves_2e1bc43bf1a8,7EKPE21BC846,Sea Ray,SPX 190,1999,runabout,aluminum,planing,18.14,4.16,1.51,9985,outboard,1,gasoline,1500,True,none,False,trailered,fair,62,2019-09-18,Maritimes,2016-08-22T00:00:00,8094.08,1.01,45129.46,False
ves_4a66cb7ec121,C48RDV0F067L,Regal,LS4,2015,runabout,aluminum,planing,23.79,6.99,3.42,20789,sterndrive,1,gasoline,955,False,freshwater,False,wet_slip,good,76,,Great Lakes,2017-07-09T00:00:00,15644.71,1.58,65076.37,False
ves_08db1166b99b,8304FTJYZ65L,Tiara,44 Coupe,1966,cruiser,FRP,semi_displacement,37.02,10.64,2.57,72599,inboard,1,diesel,10397,True,none,False,wet_slip,poor,28,,Gulf Coast,2024-12-06T00:00:00,17512.06,1.82,276406.23,False
ves_fb9960f6e437,ATLRY8HX022R,Tracker,Grizzly 1860,2021,fishing,FRP,planing,20.13,4.71,0.87,12626,inboard,1,gasoline,339,True,none,False,wet_slip,very_good,80,2019-07-29,Maritimes,2012-12-13T00:00:00,25921.52,0.8,53785.19,False
ves_230f5d9484ab,WPGNBBBVHPME,Tracker,Grizzly 1860,1994,fishing,aluminum,planing,24.11,7.9,3.12,24013,outboard,1,gasoline,1799,True,none,False,trailered,good,68,,Pacific Coast,2024-05-21T00:00:00,10208.69,0.66,68617.16,False
ves_88a75382629a,8C8XZBT71G4Z,Chaparral,23 SSi,2010,runabout,FRP,planing,22.13,5.82,3.31,15010,sterndrive,1,gasoline,764,False,none,False,wet_slip,very_good,83,2018-05-31,Great Lakes,2014-11-23T00:00:00,18085.55,0.87,59036.71,False
ves_915a5b159c2a,S7CXW5P3GAJB,Yamaha WaveRunner,VX Cruiser,2019,PWC,FRP,planing,11.05,3.94,0.81,725,jet,1,gasoline,178,True,none,False,dry_stack,very_good,89,,Pacific Coast,2014-07-15T00:00:00,6176.03,0.73,18030.05,False
ves_e6c6f3f37d3d,HKEN78SA1M1C,Lund,1975 Impact,2022,fishing,aluminum,planing,22.12,5.53,2.62,17324,outboard,1,diesel,440,False,none,False,trailered,excellent,97,2021-03-30,Inland Lakes,2019-02-10T00:00:00,40026.07,1.29,66413.18,False
ves_1c604e5254ee,4B0G37CU44EE,Sea Ray,SDX 250,1969,runabout,aluminum,planing,20.15,4.98,1.38,12277,outboard,1,gasoline,6348,True,freshwater,False,dry_stack,poor,23,2018-03-11,Gulf Coast,2023-12-08T00:00:00,1575.29,2.02,52033.19,False
ves_6ff4e2ff8526,7EM3HCRNKWJ2,Sea Ray,SPX 190,2009,runabout,FRP,planing,16.1,4.86,2.46,10371,outboard,1,gasoline,1171,True,none,False,unknown,good,71,2023-01-29,Maritimes,2025-08-22T00:00:00,10214.3,1.25,38435.26,False
ves_464aa9b86856,M1EKJ9KE79EL,Lund,1875 Pro-V,1993,fishing,aluminum,planing,13.71,4.6,1.28,7002,inboard,1,gasoline,3180,False,none,False,wet_slip,very_good,82,2024-12-01,Inland Lakes,2020-05-08T00:00:00,5744.6,1.13,34819.77,False
ves_90f0b93a5cae,RJ793LSV8E4B,Bennington,22 SSB,1977,pontoon,aluminum,pontoon,19.18,5.5,2.07,7675,outboard,1,gasoline,1177,True,none,False,wet_slip,fair,50,2019-03-25,Pacific Coast,2016-07-13T00:00:00,3054.66,0.53,41872.75,False
ves_2928dda623f0,7981J7YF8YET,Chaparral,23 SSi,1991,runabout,FRP,planing,14.93,3.5,1.17,5800,sterndrive,1,gasoline,2722,False,unknown,False,wet_slip,fair,60,2022-07-28,Great Lakes,2019-11-16T00:00:00,4789.85,1.41,34703.86,False
ves_71f3de092b79,NJVN0XP6MHVS,HarborCat,26 WB,2012,workboat,steel,semi_displacement,12.82,3.5,0.65,10252,outboard,1,gasoline,1681,True,none,False,trailered,good,72,2018-07-08,Gulf Coast,2021-04-11T00:00:00,16667.83,0.55,62729.18,False
ves_acc6fe51d776,12AENT86U93N,Bennington,22 SSB,1989,pontoon,aluminum,pontoon,13.54,4.05,2.12,3653,outboard,1,gasoline,1446,True,none,False,trailered,fair,58,2024-08-19,Maritimes,2019-12-07T00:00:00,3008.91,0.87,26163.71,False
ves_628569b7a215,UGUJG4PCDAHY,Regal,26 XO,2008,runabout,aluminum,planing,14.73,4.21,1.07,7173,outboard,1,gasoline,883,True,none,False,trailered,very_good,80,,Pacific Coast,2019-09-04T00:00:00,9569.43,0.89,34072.76,False
ves_bc018f3e9617,LFU8HGS3RS6L,Tracker,Pro Team 175,2017,fishing,aluminum,semi_displacement,21.75,6.95,2.73,16231,outboard,1,diesel,391,True,none,False,dry_stack,excellent,95,2025-10-31,Atlantic Coast,2021-12-31T00:00:00,23743.97,0.51,59713.09,False
ves_a6450031886a,1BUP84YXB891,Parker,2820 XLD,2023,workboat,FRP,semi_displacement,30.71,8.38,1.72,56281,outboard,2,diesel,751,True,none,False,trailered,very_good,83,,Gulf Coast,2015-12-22T00:00:00,118458.12,1.14,203895.13,False
ves_022c365d737e,BSE5B1Z01B84,Sun Tracker,Bass Buggy 18 DLX,2025,pontoon,aluminum,pontoon,26.0,8.83,1.44,12379,outboard,1,gasoline,15,True,none,False,wet_slip,very_good,88,2020-10-05,Gulf Coast,2015-11-26T00:00:00,43337.11,0.33,51873.28,False
ves_2d7f68b16fbd,10DRFLFDTFT5,Jeanneau,Leader 10.5,2010,sailboat,FRP,displacement,29.23,8.17,4.39,50102,inboard,1,diesel,1168,False,none,False,wet_slip,good,78,,Great Lakes,2022-07-20T00:00:00,64483.01,1.82,155190.81,False
ves_8ec2c546f6a3,MV74LSBNEEGU,Tracker,Grizzly 1860,2001,fishing,aluminum,semi_displacement,17.72,5.6,2.25,9809,outboard,1,gasoline,1284,True,none,False,wet_slip,very_good,81,,Pacific Coast,2021-11-18T00:00:00,9416.8,0.6,45303.29,False
ves_39a4ffb347a9,LD7KJS0U6S6M,Bennington,20 SVL,2010,pontoon,aluminum,pontoon,20.16,4.62,1.96,5605,outboard,1,gasoline,483,True,none,False,wet_slip,good,70,2024-07-07,Pacific Coast,2023-06-05T00:00:00,10989.6,0.67,44794.03,False
ves_124b593e2209,6Z2T3L98JCPE,Formula,290 BR,2003,cruiser,FRP,planing,26.84,6.8,1.19,32970,inboard,1,diesel,2217,True,none,False,wet_slip,good,72,2021-07-01,Atlantic Coast,2017-08-25T00:00:00,50269.79,1.01,179065.33,False
ves_cc4bcb7dd13e,JW2SKBR5T826,Jeanneau,Leader 10.5,2009,sailboat,wood,displacement,21.11,6.41,1.77,32339,sail_aux,1,diesel,443,False,none,False,wet_slip,excellent,98,2019-05-29,Great Lakes,2015-06-17T00:00:00,48260.37,0.65,99996.92,False
ves_ea20c8d3070c,Z97C7EZYNW9L,Boston Whaler,230 Outrage,2009,fishing,FRP,planing,29.5,6.96,3.0,23232,inboard,1,gasoline,698,True,none,False,wet_slip,good,76,2022-09-24,Atlantic Coast,2025-08-23T00:00:00,27687.49,0.48,109717.1,False
ves_4b0718169df3,H5849C9EK1Y5,Sea-Doo,RXT-X 300,1983,PWC,FRP,planing,10.6,4.24,0.94,879,jet,1,gasoline,1247,True,none,False,trailered,good,65,2020-03-25,Atlantic Coast,2019-11-25T00:00:00,1200.0,0.83,17045.93,False
ves_25f29c2c2b90,TPAELCT7ER6L,Sea Ray,Sundancer 320,2020,runabout,FRP,planing,15.99,4.46,1.49,6846,outboard,1,gasoline,188,True,none,False,wet_slip,good,75,2019-11-23,Atlantic Coast,2014-10-28T00:00:00,17171.25,0.57,38077.72,False
ves_35eaeb982717,SRB47UY9W82D,Chaparral,280 OSX,2001,runabout,aluminum,planing,26.0,8.09,1.52,22762,sterndrive,1,gasoline,1461,True,none,False,wet_slip,fair,64,2019-05-15,Maritimes,2012-08-14T00:00:00,14278.2,1.06,73380.5,False
ves_7bb9b5572168,7EXD424K37BY,Grady-White,191 CE,2024,fishing,FRP,planing,16.27,4.91,0.76,8504,outboard,1,diesel,170,True,none,False,trailered,very_good,88,2019-01-15,Gulf Coast,2017-08-01T00:00:00,31235.09,1.0,43874.66,False
ves_0c9342c67c15,GFFAK48FKDA7,Regal,26 XO,2008,runabout,aluminum,planing,15.73,5.13,2.32,8062,outboard,1,gasoline,1424,True,none,False,wet_slip,good,69,2025-02-05,Atlantic Coast,2021-11-28T00:00:00,9414.11,1.44,37239.62,False
ves_460c1e61a7a8,L28GUVEVJE6T,Sea Ray,SDX 250,1977,runabout,aluminum,planing,15.29,4.6,2.13,8757,sterndrive,1,gasoline,1114,True,unknown,False,trailered,poor,44,2023-11-15,Gulf Coast,2022-05-12T00:00:00,2458.44,0.41,35827.56,True
ves_e79a58e1202e,3SWXPS6KKCFD,Sun Tracker,Party Barge 22 DLX,2008,pontoon,aluminum,pontoon,26.0,6.56,2.19,11751,outboard,1,gasoline,387,True,none,False,trailered,very_good,82,2021-07-13,Maritimes,2012-09-16T00:00:00,13421.77,0.48,51873.28,False
ves_156886ea8804,WP7C0L2NZEDC,Catalina,355,2019,sailboat,FRP,displacement,41.04,13.29,3.07,113661,inboard,1,diesel,955,True,none,False,wet_slip,fair,58,,Atlantic Coast,2020-03-27T00:00:00,97179.55,3.41,219062.07,False
ves_6d287eabac93,LT3F8YKCJS98,Tracker,Targa V-18,2009,fishing,aluminum,semi_displacement,26.0,8.37,1.67,27427,inboard,1,diesel,579,True,none,False,trailered,very_good,86,,Pacific Coast,2019-08-29T00:00:00,20983.9,0.4,75991.9,False
ves_ee27a669b2ac,U2N4C6V6CVYB,Jeanneau,Leader 10.5,2026,sailboat,FRP,displacement,35.89,11.25,1.51,77476,inboard,0,diesel,0,True,saltwater,False,trailered,fair,63,2020-05-13,Maritimes,2016-10-03T00:00:00,71194.55,0.0,204696.73,False
ves_fe4d24467698,T2TARCR5S2A4,Sun Tracker,Bass Buggy 18 DLX,2001,pontoon,aluminum,pontoon,25.6,6.63,1.63,10956,outboard,1,gasoline,1486,False,none,False,trailered,very_good,80,,Great Lakes,2024-10-26T00:00:00,10464.96,1.32,50803.1,False
ves_2f2f595732aa,1YMNA4FYS7BG,Alumacraft Pro,Trophy 195,2001,workboat,FRP,semi_displacement,45.82,11.6,6.06,109202,jet,1,gasoline,7555,True,none,False,trailered,fair,59,2023-05-25,Gulf Coast,2022-12-24T00:00:00,58339.76,1.37,349951.45,False
ves_3d0b42a14fd9,EEKHASEUMH5Y,SafeBoat,33 Full Cabin,2005,workboat,steel,planing,19.92,4.53,1.11,17406,inboard,1,gasoline,7043,True,none,False,wet_slip,fair,63,2019-12-12,Maritimes,2023-03-03T00:00:00,22321.6,1.52,113654.2,False
ves_65d8a621d6a4,FELKYLN7ZBY1,Sun Tracker,Bass Buggy 18 DLX,2014,pontoon,aluminum,pontoon,26.0,8.62,1.45,12799,outboard,1,gasoline,303,False,none,False,wet_slip,excellent,98,,Inland Lakes,2016-03-11T00:00:00,18361.85,0.56,51873.28,False
ves_c0b66ed6eaad,ZB0Y3AX6FJGH,Sea Ray,SDX 250,1975,runabout,FRP,planing,25.03,8.41,1.15,23736,sterndrive,1,gasoline,1571,False,none,False,trailered,good,67,2025-12-26,Inland Lakes,2012-08-05T00:00:00,6415.84,0.56,69708.15,False
ves_7d4ac220ed4e,JT1KUY3E0E8W,Sea Ray,Sundancer 320,2007,runabout,aluminum,planing,26.0,5.94,1.32,16699,outboard,1,gasoline,469,True,none,False,trailered,very_good,85,,Pacific Coast,2019-03-02T00:00:00,20908.12,0.45,73380.5,False
ves_3d8b33b1e558,FRDUWFWWG2CW,Boston Whaler,230 Outrage,1980,fishing,FRP,planing,25.21,6.43,2.6,21479,outboard,1,gasoline,2767,False,none,False,trailered,fair,59,2019-07-02,Great Lakes,2016-06-19T00:00:00,7877.3,0.71,88720.96,False
ves_f13d09e747f1,SFYLMGB7PJL9,Sea Ray,SLX 260,2015,runabout,FRP,planing,21.61,6.52,3.32,16818,outboard,1,gasoline,390,True,none,False,trailered,good,78,,Gulf Coast,2020-07-16T00:00:00,19447.51,0.64,57166.75,False
ves_2b796123e603,3VUSH3T8AH2N,Kawasaki Jet Ski,Ultra 310LX,1983,PWC,FRP,planing,11.83,4.19,0.97,808,jet,1,gasoline,1374,False,none,False,wet_slip,fair,63,2021-06-29,Great Lakes,2020-03-20T00:00:00,1200.0,0.91,17651.0,False
ves_2d805a28589c,APHA3GYP5KKH,Carver,C34 Coupe,2016,cruiser,FRP,planing,39.17,12.82,4.6,64772,inboard,1,gasoline,609,False,none,False,wet_slip,very_good,82,,Inland Lakes,2017-08-15T00:00:00,113620.19,0.64,266343.53,False
ves_b77b2a37b9a8,4DTA46LDD6VP,Tracker,Pro Team 175,2007,fishing,aluminum,planing,25.92,6.16,1.32,22331,inboard,1,diesel,620,True,none,False,trailered,good,77,2022-12-16,Pacific Coast,2016-08-14T00:00:00,18154.33,0.38,75675.53,False
ves_0d1721f73b37,UL7R5JBS81R9,Sea Ray,SLX 260,2022,runabout,FRP,planing,24.7,6.57,2.96,14929,sterndrive,1,gasoline,154,True,none,False,trailered,good,71,2021-08-25,Gulf Coast,2022-08-24T00:00:00,34160.83,0.7,68461.17,False
ves_ff324bfc103f,M8AKBX3YA7NM,Regal,LS4,2011,runabout,aluminum,planing,17.82,4.06,2.62,7505,outboard,1,gasoline,737,True,none,False,wet_slip,good,78,2019-10-17,Maritimes,2023-06-17T00:00:00,13292.49,0.89,44055.61,False
ves_ec52c3c201ce,SY8R4BEGJR3C,Formula,350 CBR,1984,cruiser,steel,planing,18.03,5.02,2.58,16397,inboard,1,diesel,9529,True,none,False,trailered,fair,48,2020-09-28,Maritimes,2021-04-17T00:00:00,13976.21,2.39,104648.15,False
ves_1b2652e02fb2,5PFYSHFTSC7U,Tracker,Grizzly 1860,1996,fishing,aluminum,planing,19.05,5.5,1.35,13873,outboard,1,gasoline,3365,False,none,False,wet_slip,good,70,2022-11-19,Inland Lakes,2013-10-03T00:00:00,8051.96,1.32,49950.93,False
ves_388b460a8459,LBGBUNMLRCMN,Chaparral,21 SSI,1969,runabout,FRP,planing,20.31,6.34,1.56,12774,outboard,1,gasoline,6382,True,none,False,trailered,poor,32,2020-12-15,Maritimes,2021-03-15T00:00:00,2586.0,2.04,52590.55,False
ves_541cea6f9eff,AL0CM3GFLPEK,Sea Ray,SDX 250,2005,runabout,FRP,planing,25.96,6.59,1.97,22100,sterndrive,1,gasoline,4718,True,none,False,wet_slip,fair,49,2021-10-15,Gulf Coast,2016-07-31T00:00:00,13502.12,4.08,73213.1,False
ves_ceb944d9bad8,N2V16FHJDRH7,Bayliner,DX2000,1990,runabout,aluminum,planing,25.81,8.7,2.5,22780,sterndrive,1,gasoline,2457,True,none,False,trailered,fair,57,2025-10-20,Atlantic Coast,2017-01-15T00:00:00,8654.79,1.24,66841.25,False
ves_fbc4bff7dba4,JMC48PJRFK5E,Beneteau,Oceanis 31,1992,sailboat,FRP,displacement,45.16,13.47,2.64,153557,sail_aux,1,diesel,641,False,none,False,wet_slip,fair,60,2022-04-21,Inland Lakes,2016-06-03T00:00:00,67453.69,0.47,279162.39,False
ves_76fe3e3dbd2d,FXLFFN7G50DB,Tiara,44 Coupe,2021,cruiser,steel,planing,35.09,8.03,5.23,46806,inboard,2,gasoline,366,False,none,False,wet_slip,excellent,98,,Inland Lakes,2022-07-14T00:00:00,169158.73,0.77,257074.56,False
ves_66d54b5068bc,EKMV9CX17C94,Yamaha WaveRunner,VX Cruiser,2014,PWC,composite,planing,11.11,4.48,1.11,1047,jet,1,gasoline,522,True,none,False,wet_slip,good,71,,Gulf Coast,2015-05-30T00:00:00,3611.64,1.24,18162.34,False
ves_e44340e5abe7,3KU9RX0D0WL1,Chaparral,280 OSX,2016,runabout,FRP,planing,25.35,8.42,1.78,22774,sterndrive,1,gasoline,707,False,none,False,dry_stack,very_good,80,2023-05-21,Inland Lakes,2024-12-13T00:00:00,25318.21,1.29,70912.64,False
ves_4c35678c0add,EDUDH2THATTM,Harris,Solstice 230,2015,pontoon,aluminum,pontoon,21.27,5.97,1.72,8093,outboard,1,gasoline,433,False,none,False,wet_slip,good,73,2024-08-13,Great Lakes,2013-08-12T00:00:00,12626.38,0.87,43008.16,False
ves_e52c12cd8314,VLW3WLBS3J04,Parker,2320 Sport Cabin,1985,workboat,FRP,displacement,21.14,4.94,3.09,19820,jet,1,diesel,3524,True,none,False,trailered,fair,46,2018-06-05,Pacific Coast,2021-02-03T00:00:00,10852.28,0.39,123169.0,False
ves_c5a3e7ddccae,MVNBF71W3UV9,Bayliner,Element M17,2026,runabout,aluminum,planing,18.9,6.0,2.89,13242,sterndrive,1,gasoline,0,True,none,False,trailered,excellent,98,2022-03-20,Gulf Coast,2012-12-23T00:00:00,46662.22,0.0,43880.21,False
ves_3c1b7f27dd55,DYCVDVSPPPZN,Alumacraft Pro,Trophy 195,2001,workboat,aluminum,displacement,22.58,6.05,1.82,29338,inboard,1,diesel,4238,False,none,False,trailered,good,69,2018-03-18,Inland Lakes,2014-02-02T00:00:00,24957.78,0.77,134605.61,False
ves_3e1a20a8eae2,SFN8PJ2XRC3C,Sea Ray,SPX 190,1993,runabout,FRP,planing,26.0,8.44,2.84,20171,outboard,1,gasoline,3331,True,none,False,wet_slip,fair,57,2023-10-20,Gulf Coast,2024-03-02T00:00:00,10396.31,1.84,73380.5,False
ves_21757f55e9ca,Y3HJAS1Y78TV,Alumacraft Pro,Trophy 195,1969,workboat,steel,semi_displacement,41.91,12.07,6.24,95601,jet,1,diesel,910,False,none,False,unknown,poor,32,2024-10-30,Inland Lakes,2012-07-09T00:00:00,12699.3,0.07,310241.99,True
ves_579da54ddd8d,VGVRR27YBJ3N,Chaparral,280 OSX,2000,runabout,FRP,planing,17.97,5.98,2.35,13868,sterndrive,1,gasoline,1613,True,none,False,wet_slip,very_good,87,,Maritimes,2022-01-24T00:00:00,10475.45,1.13,44582.05,False
ves_065b0a91d06e,J3C0BYS8244C,Beneteau,Oceanis 41.1,1968,sailboat,FRP,displacement,27.36,8.59,2.0,50951,inboard,1,diesel,497,True,none,False,wet_slip,poor,25,,Atlantic Coast,2014-03-30T00:00:00,11941.3,0.21,141934.11,True
ves_17644c9272dc,EXPGMPTYZD49,Carver,C34 Coupe,1973,cruiser,FRP,planing,39.46,11.86,3.86,64351,inboard,2,diesel,5898,False,none,False,trailered,fair,45,2020-12-01,Great Lakes,2013-07-20T00:00:00,26236.58,1.17,268959.59,False
ves_035e0f287fc2,NYWS7J3CPR0H,Bayliner,Element M17,2016,runabout,aluminum,planing,24.38,6.65,2.86,21506,sterndrive,1,gasoline,418,False,none,False,wet_slip,very_good,89,,Inland Lakes,2024-09-10T00:00:00,23900.6,0.76,61884.38,False
ves_c537cd8a2f87,231V6FVK01SK,Sea Ray,Sundancer 320,2004,runabout,FRP,planing,15.83,4.32,0.73,7212,sterndrive,1,gasoline,989,True,none,False,trailered,good,76,,Gulf Coast,2018-06-25T00:00:00,9014.5,0.82,37553.23,False
ves_0e4bd665c203,3B7K2H63B5MP,Bennington,20 SVL,2018,pontoon,aluminum,pontoon,26.83,8.48,1.96,14588,outboard,1,gasoline,733,True,none,False,dry_stack,very_good,81,2025-05-31,Gulf Coast,2018-12-13T00:00:00,25209.54,2.04,65897.95,False
ves_49b3ed64f192,4YBK2ZK4UF11,Harris,Cruiser 210,2017,pontoon,aluminum,pontoon,22.21,6.5,1.68,9715,outboard,1,gasoline,568,True,none,False,wet_slip,excellent,93,2024-06-06,Maritimes,2018-02-28T00:00:00,17831.69,1.4,45572.92,False
ves_c1f463e3a61a,U2KSW9UCBL7R,Boston Whaler,280 Vantage,1987,fishing,aluminum,semi_displacement,25.77,6.37,3.09,17394,outboard,1,gasoline,2802,False,none,False,wet_slip,fair,58,2023-11-16,Great Lakes,2025-11-13T00:00:00,9900.7,0.85,91414.17,False
ves_1fa768bbb034,BDE1DUFVEXD6,Sea Ray,SPX 190,2009,runabout,aluminum,planing,19.09,4.32,1.67,7850,sterndrive,1,gasoline,141,False,none,False,trailered,very_good,83,,Inland Lakes,2016-09-29T00:00:00,13225.29,0.15,48354.48,True
ves_2f7cc6fef149,5J23JJZBF871,Carver,C34 Coupe,2002,cruiser,steel,semi_displacement,30.99,8.7,1.47,51554,sterndrive,2,diesel,2492,True,none,False,wet_slip,good,65,2025-05-17,Maritimes,2024-10-27T00:00:00,49507.04,1.09,194118.8,False
ves_b015d7318d7c,ZLNZ2G6F6APL,Yamaha WaveRunner,FX HO,1996,PWC,composite,planing,10.59,3.93,1.07,1005,jet,1,gasoline,1138,False,none,False,trailered,good,68,,Inland Lakes,2023-08-12T00:00:00,1598.93,1.08,17024.23,False
ves_59f7590c9dba,VWTDLXDK2V9C,Chaparral,21 SSI,2025,runabout,aluminum,planing,24.28,5.84,1.34,14994,sterndrive,1,gasoline,52,True,unknown,False,trailered,very_good,84,2018-07-16,Atlantic Coast,2023-10-09T00:00:00,54556.09,0.95,66918.43,False
ves_820e3569d657,EALF8MGNT3LY,Grady-White,257 Fisherman,1985,fishing,aluminum,planing,26.0,5.96,1.05,18973,outboard,1,gasoline,1150,True,none,False,wet_slip,fair,48,,Gulf Coast,2014-11-15T00:00:00,7469.0,0.33,82599.89,False
ves_ac77afaadb30,842H67D28S2K,Carver,C34 Coupe,2012,cruiser,steel,planing,48.16,13.0,2.07,123268,inboard,1,diesel,670,True,none,False,wet_slip,good,77,,Maritimes,2025-07-18T00:00:00,129819.72,0.5,352021.52,False
ves_03c49471b8a3,5GT2KEMEJX26,Tracker,Grizzly 1860,2013,fishing,FRP,planing,26.0,6.7,2.27,21868,inboard,1,diesel,1467,False,none,False,wet_slip,very_good,89,2022-04-09,Great Lakes,2012-07-25T00:00:00,24270.52,1.33,75991.9,False
ves_7e0c4f1124dc,YCR4T9VJWY9E,HarborCat,36 Pilot,2003,workboat,FRP,semi_displacement,38.4,10.64,5.79,89440,jet,1,gasoline,4369,False,none,False,trailered,good,76,,Inland Lakes,2024-01-03T00:00:00,58119.42,0.86,275730.69,False
ves_00fadf5e0abc,MB5U1EE6881K,Boston Whaler,230 Outrage,2007,fishing,FRP,semi_displacement,23.23,5.74,2.04,18060,outboard,1,gasoline,1616,True,none,False,trailered,good,72,,Pacific Coast,2013-01-01T00:00:00,18168.41,1.0,79442.3,False
ves_d1d51aa46640,S0DUB011Y6CB,SafeBoat,25 Defender,2002,workboat,aluminum,displacement,38.78,10.49,4.24,63905,outboard,1,diesel,7443,False,none,False,trailered,good,78,2018-05-18,Inland Lakes,2023-02-03T00:00:00,58227.88,1.41,279392.56,False
ves_606d1da7181e,JU2RNGY2LTFX,Bayliner,Ciera 8,2021,runabout,aluminum,planing,17.82,4.81,1.89,8115,sterndrive,1,gasoline,337,False,none,False,trailered,excellent,94,2018-12-02,Inland Lakes,2021-09-15T00:00:00,23146.98,1.23,40532.79,False
ves_f8d1372cd23d,0GR9G200B8T1,Bennington,24 LXSB,1970,pontoon,aluminum,pontoon,22.02,6.63,0.99,9380,outboard,1,gasoline,5321,True,none,False,trailered,poor,23,2018-05-01,Gulf Coast,2013-05-12T00:00:00,1978.97,2.11,50476.86,False
ves_a5f4ae6bb9a8,77LDNYSUCF0P,Tracker,Pro Team 175,2008,fishing,aluminum,semi_displacement,26.0,7.52,1.54,20988,outboard,1,diesel,584,False,none,False,wet_slip,excellent,98,2024-10-04,Inland Lakes,2017-01-16T00:00:00,22468.14,0.38,75991.9,False
ves_b08253b26b5e,GS45XCBUKGVF,Boston Whaler,170 Montauk,2014,fishing,aluminum,planing,26.0,8.04,1.12,23015,outboard,1,diesel,2016,True,none,False,wet_slip,good,68,,Gulf Coast,2025-02-06T00:00:00,25079.06,1.98,92511.88,False
ves_d3b7b09507b7,JY43DX9355UW,Sea Ray,SDX 250,2006,cruiser,FRP,semi_displacement,38.92,12.28,4.99,70166,sterndrive,2,diesel,5220,True,none,False,wet_slip,fair,49,2024-03-15,Atlantic Coast,2022-02-18T00:00:00,61899.06,2.75,264022.14,False
ves_6e1966e0dd40,4YBJACCKW0RR,Regal,26 XO,2010,runabout,aluminum,planing,20.86,5.64,2.33,13241,sterndrive,1,gasoline,271,True,none,False,wet_slip,very_good,80,,Maritimes,2024-04-05T00:00:00,16251.17,0.31,54493.93,False
ves_80badd4743be,GVWV118K8R45,SafeBoat,25 Defender,2002,workboat,aluminum,semi_displacement,37.94,8.46,4.18,51295,inboard,2,gasoline,3628,True,none,False,dry_stack,good,71,,Atlantic Coast,2015-12-31T00:00:00,52872.15,0.69,271256.22,False
ves_9d403b122a75,GJNEJNKAWFD1,Tiara,38 LS,2013,cruiser,FRP,planing,23.61,6.97,2.5,23385,sterndrive,1,diesel,1900,True,saltwater,False,wet_slip,poor,31,2019-12-08,Gulf Coast,2025-09-16T00:00:00,14617.96,1.54,150567.45,False
ves_68f04f259030,Z76XT0U7J1KC,Beneteau,First 27,2022,sailboat,wood,displacement,39.43,11.5,5.41,100684,inboard,1,diesel,173,False,none,False,wet_slip,excellent,98,2024-01-01,Inland Lakes,2018-08-05T00:00:00,174168.45,1.08,232421.28,False
ves_a058c096d22e,6PN5PMBXMMKP,Bayliner,VR5,2003,runabout,aluminum,planing,21.78,5.26,1.57,13227,sterndrive,1,gasoline,842,False,none,False,trailered,good,73,2025-04-26,Great Lakes,2016-08-26T00:00:00,12029.34,0.67,53141.1,False
ves_fc02e9bdaa44,PXWU3H868RL2,Jeanneau,Sun Odyssey 349,1980,sailboat,steel,displacement,17.0,4.99,0.85,15963,sail_aux,1,diesel,4491,False,none,False,wet_slip,poor,44,,Great Lakes,2019-05-23T00:00:00,11667.59,2.44,74636.0,False
ves_1434bba45f61,68HP8XJSJKBG,Bayliner,Ciera 8,2011,runabout,aluminum,planing,15.83,4.02,1.39,8536,sterndrive,1,gasoline,1875,False,none,False,trailered,very_good,83,2019-05-07,Great Lakes,2022-11-14T00:00:00,10902.92,2.27,34538.57,False
ves_b5891eb76dfe,5ZP09ZMS2DCN,Sea Ray,SPX 190,1997,cruiser,FRP,planing,33.14,9.54,3.96,60496,sterndrive,1,diesel,5030,True,freshwater,False,wet_slip,poor,41,2019-08-25,Pacific Coast,2025-07-02T00:00:00,25750.65,1.83,212531.14,False
ves_17ee0b0e931a,LZBFWN7U9NDN,Grady-White,191 CE,2020,fishing,aluminum,planing,26.0,5.87,1.76,15789,inboard,1,gasoline,401,True,none,False,wet_slip,excellent,92,2024-05-09,Gulf Coast,2025-10-12T00:00:00,40752.48,0.79,82599.89,False
ves_f6fd9682ce37,636JDHFHH12G,Bennington,22 SSB,2016,pontoon,aluminum,pontoon,22.0,6.62,1.86,8466,outboard,1,gasoline,913,True,none,False,wet_slip,good,68,,Pacific Coast,2022-12-27T00:00:00,14508.48,2.03,50402.31,False
ves_cabde8a05225,YPAM6WGKVMGF,SafeBoat,33 Full Cabin,2026,workboat,steel,displacement,11.07,3.73,1.3,8982,inboard,1,diesel,0,False,none,False,trailered,excellent,98,2021-10-06,Great Lakes,2019-07-06T00:00:00,54710.88,0.0,51449.01,False
ves_4efa6012e566,Z1EAPZJ8BGR6,Chaparral,21 SSI,1967,runabout,aluminum,planing,17.06,5.13,2.18,9052,outboard,1,gasoline,2837,False,none,False,trailered,fair,47,,Inland Lakes,2023-03-26T00:00:00,2387.95,0.87,41536.3,False
ves_d4a9e7e5f488,D4H0L7R8UDLD,Chaparral,21 SSI,2010,runabout,aluminum,planing,15.16,4.11,1.78,6311,outboard,1,gasoline,540,True,none,False,trailered,very_good,85,2020-08-16,Atlantic Coast,2015-12-15T00:00:00,11040.49,0.61,35413.39,False
ves_13e5458f948c,ARVCSDHB0285,Carver,C34 Coupe,2002,cruiser,FRP,semi_displacement,38.77,12.76,3.27,65548,inboard,1,gasoline,1729,False,none,False,wet_slip,good,66,2018-10-30,Great Lakes,2017-08-16T00:00:00,67695.51,0.76,262674.91,False
ves_671e8a1a2a3c,HCDH9HCPB3RG,Lund,1650 Angler,2010,fishing,aluminum,semi_displacement,17.22,4.79,0.91,11814,outboard,1,gasoline,951,True,none,False,wet_slip,good,70,2025-12-30,Gulf Coast,2015-10-25T00:00:00,11614.63,0.7,47341.67,False
ves_609722456ffd,N9C35GSD6RYF,Lund,1650 Angler,2009,fishing,FRP,planing,26.0,8.39,3.43,28981,outboard,1,gasoline,1019,False,none,False,trailered,very_good,87,2025-01-30,Great Lakes,2024-10-26T00:00:00,23005.0,0.71,82599.89,False
ves_a4af276e3eec,544T8BPHAYNN,Jeanneau,Sun Odyssey 349,2007,sailboat,wood,displacement,32.28,8.39,3.23,66026,inboard,1,diesel,145,True,none,False,wet_slip,very_good,84,2022-01-16,Gulf Coast,2016-11-11T00:00:00,67409.6,0.19,177401.24,True
ves_639dedbb6886,234GWYBEHD58,Sea Ray,Sundancer 320,1973,runabout,aluminum,planing,20.48,6.13,2.67,16386,outboard,1,gasoline,3844,True,none,False,trailered,poor,41,,Pacific Coast,2015-05-30T00:00:00,3375.86,1.32,53184.87,False
ves_2fdbac3b3834,9CW828REN65H,Chaparral,280 OSX,2016,runabout,FRP,planing,22.35,5.27,2.79,15458,outboard,1,gasoline,810,True,unknown,False,wet_slip,very_good,89,2019-03-08,Gulf Coast,2016-08-04T00:00:00,23112.32,1.47,59843.35,False
ves_db4e6ff74619,X4MP9VH5AETL,Tracker,Pro Team 175,1994,fishing,aluminum,planing,21.98,7.08,1.89,16530,inboard,1,diesel,6615,False,none,False,trailered,fair,58,,Inland Lakes,2016-03-24T00:00:00,8094.34,2.43,60579.69,False
ves_e58eb6f277fb,GFS0995KHF5B,Hunter,31,2023,sailboat,wood,displacement,42.06,12.89,4.26,133592,sail_aux,1,diesel,82,True,none,False,wet_slip,excellent,98,2023-02-13,Maritimes,2013-11-01T00:00:00,164139.65,0.68,208355.61,False
ves_1921918c66fd,5905AMDBTC37,Sun Tracker,Party Barge 22 DLX,1968,pontoon,aluminum,pontoon,19.63,6.29,1.78,6826,outboard,1,gasoline,2975,False,none,False,dry_stack,fair,49,2023-06-01,Inland Lakes,2018-09-16T00:00:00,1951.73,1.14,35489.82,False
ves_f5b60a5cd058,UL49K627DUCZ,Lund,1975 Impact,1989,fishing,aluminum,planing,26.0,6.99,3.81,19888,inboard,1,gasoline,5261,False,none,False,wet_slip,good,71,2019-05-29,Great Lakes,2020-09-30T00:00:00,10900.64,1.67,82599.89,False
ves_1accafbc0ba6,1ZG62MVC3V11,Tiara,44 Coupe,1995,cruiser,steel,planing,32.88,10.29,2.87,67070,inboard,1,gasoline,3110,True,none,False,wet_slip,good,65,2022-04-16,Gulf Coast,2013-08-17T00:00:00,50413.45,1.06,235477.06,False
ves_efd391ee21b0,S3UJA9RU29RC,Bayliner,VR5,1973,runabout,aluminum,planing,19.94,5.27,1.65,13826,sterndrive,1,gasoline,3341,True,none,False,trailered,poor,27,,Gulf Coast,2016-02-12T00:00:00,2405.88,1.15,47193.36,False
ves_10298773b307,SZLP3GRP73AY,Regal,LS4,2013,runabout,aluminum,planing,33.97,8.04,5.37,32085,outboard,1,gasoline,2353,True,none,False,wet_slip,fair,61,,Gulf Coast,2021-09-15T00:00:00,28428.72,3.29,105289.86,False
ves_17e8eec11f5b,4XCNVUB32E77,Yamaha WaveRunner,VX Cruiser,1980,PWC,FRP,planing,12.07,3.94,1.21,829,jet,1,gasoline,919,False,none,False,trailered,good,73,2024-12-08,Great Lakes,2024-06-04T00:00:00,1200.0,0.57,20312.47,False
ves_d7c4ee2ad2be,M21T4S25W91W,Formula,350 CBR,1966,cruiser,FRP,planing,35.62,11.03,2.76,63828,inboard,2,gasoline,8476,True,none,False,wet_slip,poor,44,2022-05-14,Atlantic Coast,2023-11-13T00:00:00,21198.58,1.49,262366.36,False
ves_77a199c0e3ed,CZHE7F4DR2P3,Boston Whaler,280 Vantage,2010,fishing,FRP,planing,13.27,4.29,0.7,7782,outboard,1,gasoline,512,False,none,False,dry_stack,excellent,98,2021-10-01,Inland Lakes,2018-11-03T00:00:00,10782.27,0.38,37330.6,True
ves_a2460794f440,WTMDV11U4483,Chaparral,280 OSX,2014,runabout,aluminum,planing,23.38,7.17,1.59,15357,outboard,1,gasoline,857,True,none,False,wet_slip,good,71,2024-07-03,Maritimes,2024-10-08T00:00:00,19629.41,1.3,63574.73,False
ves_c08c99095735,RN9B4JS0T21J,Grady-White,257 Fisherman,2015,fishing,aluminum,semi_displacement,19.03,5.89,2.38,11413,inboard,1,diesel,1607,True,none,False,wet_slip,good,70,2022-06-14,Pacific Coast,2021-10-04T00:00:00,15448.29,1.72,54196.89,False
ves_3dfeb6728472,M5477W2JXE1B,Tiara,44 Coupe,1997,cruiser,FRP,semi_displacement,40.1,10.14,4.61,72147,inboard,1,gasoline,1538,True,none,False,wet_slip,very_good,81,2022-09-24,Gulf Coast,2023-07-26T00:00:00,80954.6,0.56,307899.44,False
ves_3612ead8e9ed,JNFMZ5AU5J3T,Sea Ray,SPX 190,1994,runabout,aluminum,planing,19.67,6.25,2.86,14074,outboard,1,gasoline,2228,True,none,False,wet_slip,good,71,,Gulf Coast,2022-03-18T00:00:00,8532.52,1.27,50353.7,False
ves_2533e60bb6df,D6ZL0T9MWJHR,Harris,Solstice 230,2025,pontoon,aluminum,pontoon,24.59,6.23,2.04,10361,outboard,1,gasoline,15,True,none,False,wet_slip,very_good,89,,Pacific Coast,2014-08-07T00:00:00,44057.63,0.33,52293.02,False
ves_425a47b92439,EHJNK5V8F552,Boston Whaler,280 Vantage,2003,fishing,aluminum,planing,26.24,8.48,2.08,22097,inboard,1,diesel,915,True,none,False,trailered,good,74,2023-10-27,Gulf Coast,2021-04-07T00:00:00,19368.31,0.47,93652.34,False
ves_20a38aa96066,1SCTYNC1RX9K,Sea Ray,SDX 250,2005,runabout,aluminum,planing,18.53,5.05,2.91,12125,sterndrive,1,gasoline,635,True,none,False,trailered,good,77,2025-04-10,Gulf Coast,2019-11-28T00:00:00,11597.72,0.55,46448.96,False
ves_c4619be62df3,UTT0TT4DP0E7,Harris,Cruiser 210,2012,pontoon,aluminum,pontoon,28.77,7.5,2.19,16998,outboard,1,gasoline,1290,True,none,False,trailered,fair,61,2024-02-05,Atlantic Coast,2021-01-05T00:00:00,15323.22,2.05,64630.5,False
ves_7327f6a1e3b7,9KDWX7J7GU5J,Boston Whaler,170 Montauk,2016,fishing,aluminum,planing,18.08,4.69,0.77,8777,inboard,1,diesel,1580,False,none,False,wet_slip,excellent,96,2019-06-15,Inland Lakes,2020-03-13T00:00:00,20961.98,1.86,56654.55,False
ves_a020045e11d6,GKH8B2LPM9DP,Tracker,Targa V-18,1966,fishing,aluminum,semi_displacement,22.16,6.04,2.17,16478,outboard,1,gasoline,4703,False,none,False,trailered,poor,44,2019-08-29,Great Lakes,2022-02-16T00:00:00,2970.88,0.92,61231.78,False
ves_8fe0f643c5ff,71HAFVN01FVD,Sea Ray,SPX 190,2000,runabout,FRP,planing,21.21,5.95,3.08,14807,sterndrive,1,gasoline,1856,False,none,False,wet_slip,good,70,2018-07-01,Great Lakes,2020-08-12T00:00:00,11199.86,1.3,55758.31,False
ves_67569ba41677,GCANB62MA0UY,Catalina,355,1985,sailboat,steel,displacement,45.22,13.75,2.86,128618,inboard,1,diesel,3421,True,none,False,wet_slip,poor,44,,Gulf Coast,2012-09-11T00:00:00,43142.43,2.09,249713.62,False
ves_b88419e8d846,FRVA5XG2U7CA,Grady-White,257 Fisherman,2001,fishing,aluminum,semi_displacement,19.04,5.11,2.57,13820,inboard,1,gasoline,501,False,none,False,dry_stack,good,74,,Great Lakes,2017-08-27T00:00:00,9717.67,0.24,54232.43,True
ves_9526a1193d55,H78E0B04M06E,Carver,C40 Command Bridge,2007,cruiser,FRP,semi_displacement,42.48,9.94,5.3,72906,sterndrive,2,diesel,3684,True,none,False,wet_slip,good,66,2018-11-26,Atlantic Coast,2013-02-13T00:00:00,86779.99,2.04,297160.81,False
ves_fa98e48e3784,WFA0JE60Y9XH,Tracker,Targa V-18,2017,fishing,FRP,planing,11.33,3.54,1.31,5467,inboard,1,diesel,215,True,none,False,wet_slip,excellent,98,2025-11-11,Pacific Coast,2015-07-25T00:00:00,10085.71,0.28,24770.36,False
ves_0c45064e6cae,K7Y9E5DT0UJG,Boston Whaler,170 Montauk,1992,fishing,aluminum,planing,10.59,3.5,1.31,5209,outboard,1,diesel,3621,True,none,False,trailered,fair,56,2024-03-15,Gulf Coast,2013-06-23T00:00:00,3113.23,1.25,27516.73,True
ves_de73b5d85f11,E2RY3UD6LPJU,Tracker,Pro Team 175,2002,fishing,aluminum,semi_displacement,25.57,6.37,2.33,23840,outboard,1,gasoline,6495,True,none,False,wet_slip,fair,56,2025-06-21,Gulf Coast,2015-05-08T00:00:00,12332.61,3.18,74291.7,False
ves_47dd38bc93d1,E10A7EDZDFH0,Sea-Doo,GTI 130,2018,PWC,composite,planing,12.02,4.3,0.9,813,jet,1,gasoline,80,False,none,False,trailered,good,74,,Inland Lakes,2025-11-13T00:00:00,5472.2,0.29,20198.96,False
ves_db7f2ea119ee,JNCC6E4XAA7T,Bennington,22 SSB,1994,pontoon,aluminum,pontoon,20.69,6.25,1.77,7634,outboard,1,gasoline,2113,True,none,False,wet_slip,fair,61,2019-08-23,Pacific Coast,2023-12-13T00:00:00,6408.85,1.47,46385.95,False
ves_f818311096eb,TU7H3F9K7NWF,Beneteau,First 27,1980,sailboat,steel,displacement,25.8,6.87,1.28,45033,sail_aux,1,diesel,1258,False,none,False,wet_slip,fair,52,2019-05-10,Inland Lakes,2021-02-09T00:00:00,22709.59,0.68,131118.26,False
ves_c81e426430b1,05TSYK3D2U4C,Catalina,275 Sport,1998,sailboat,wood,displacement,30.94,7.26,2.38,49335,inboard,1,diesel,1121,True,none,False,trailered,good,74,,Maritimes,2016-04-06T00:00:00,47083.39,1.0,149585.97,False
ves_b0a4987f18ed,DYYD55UD205Y,Lund,1875 Pro-V,2004,fishing,aluminum,planing,18.96,6.18,2.02,17051,inboard,1,gasoline,783,False,unknown,False,unknown,very_good,81,2024-06-25,Inland Lakes,2017-12-26T00:00:00,12269.87,0.42,53948.6,False
ves_745f1112bbc3,GFG691GBKYV5,Chaparral,23 SSi,2017,runabout,FRP,planing,16.61,5.17,1.34,11301,outboard,1,gasoline,249,True,none,False,wet_slip,excellent,90,2023-05-30,Pacific Coast,2017-03-01T00:00:00,16739.53,0.5,40075.99,False
ves_1ebac5e1a69b,ZDAL3DFXHYPM,Chaparral,23 SSi,2016,runabout,aluminum,planing,26.0,5.87,1.84,20374,outboard,1,gasoline,254,True,none,False,trailered,very_good,83,,Maritimes,2018-02-09T00:00:00,26913.07,0.46,73380.5,False
ves_682af3d576a3,6DZ0BREDA2VP,SafeBoat,25 Defender,1984,workboat,steel,planing,9.56,3.5,0.89,7267,outboard,1,gasoline,1605,True,none,False,dry_stack,fair,47,2024-07-31,Maritimes,2019-01-27T00:00:00,3363.57,0.17,42204.03,True
ves_0158b9b12d3f,WGRYMZZS0YKC,Tiara,44 Coupe,2017,cruiser,FRP,planing,40.8,12.95,3.31,97825,inboard,1,gasoline,1544,False,none,False,wet_slip,very_good,82,2019-12-10,Great Lakes,2017-10-14T00:00:00,142745.29,1.81,315130.75,False
ves_d57a4c54bbac,S79UJPNVW0RB,Grady-White,336 Canyon,2019,fishing,FRP,planing,23.8,7.35,3.25,20587,inboard,1,gasoline,899,False,none,False,trailered,very_good,84,,Great Lakes,2025-10-30T00:00:00,31196.59,1.51,73299.49,False
ves_cc7dc66c9073,MVG6TMDMKRRW,Boston Whaler,170 Montauk,2002,fishing,aluminum,semi_displacement,22.35,6.72,2.1,15930,outboard,1,diesel,1411,True,none,False,dry_stack,very_good,82,2021-08-22,Pacific Coast,2018-06-20T00:00:00,16300.22,0.69,75422.38,False
ves_0ce49236c729,5RJAVY6Y5XMF,Hunter,31,2026,sailboat,steel,displacement,33.67,8.23,2.53,71890,inboard,1,diesel,0,False,none,False,wet_slip,very_good,88,2021-08-16,Great Lakes,2022-01-21T00:00:00,151282.13,0.0,154306.54,False
ves_a8d6745c5f86,6BJA5HFZLRAM,Bennington,22 SSB,1981,pontoon,aluminum,pontoon,21.63,6.62,1.4,10409,outboard,1,gasoline,3439,False,none,False,wet_slip,fair,52,2020-11-05,Inland Lakes,2021-08-26T00:00:00,4153.47,1.7,49267.13,False
ves_f3194d79136b,94P0YFX67LG1,Lund,1975 Impact,2017,fishing,FRP,planing,21.27,4.99,1.38,14996,outboard,1,diesel,268,True,none,False,dry_stack,excellent,91,,Atlantic Coast,2013-06-03T00:00:00,24241.85,0.35,62978.57,False
ves_6c6e0487ad92,DG9JL7LADMPV,Bennington,24 LXSB,2021,pontoon,aluminum,pontoon,17.25,4.93,1.82,6848,outboard,1,gasoline,560,True,none,False,wet_slip,good,79,2022-07-17,Maritimes,2013-11-08T00:00:00,17332.68,2.49,36293.59,False
ves_4220ad334b3e,NAJAJCPDUKRJ,Chaparral,23 SSi,2024,runabout,FRP,planing,13.56,4.04,0.65,7032,sterndrive,1,gasoline,198,True,none,False,wet_slip,very_good,81,2021-12-28,Atlantic Coast,2022-12-18T00:00:00,20817.26,1.8,30467.7,False
ves_caa27a35890d,3T2NADZR566Z,Carver,C40 Command Bridge,2001,cruiser,FRP,planing,27.82,8.11,2.43,43005,inboard,1,gasoline,4290,True,none,False,wet_slip,fair,62,,Pacific Coast,2016-12-19T00:00:00,40422.28,1.81,167801.82,False
ves_1719a1517323,CLPHBTSUE12L,Catalina,445,2012,sailboat,FRP,displacement,31.87,10.25,1.97,71412,sail_aux,1,diesel,506,False,none,False,wet_slip,excellent,91,2021-10-15,Great Lakes,2022-07-05T00:00:00,75444.87,0.9,155728.83,False
ves_39a30a8628e7,F9200DWVTWC5,Sun Tracker,Party Barge 22 DLX,1974,pontoon,aluminum,pontoon,18.66,5.53,1.1,7956,outboard,1,gasoline,2263,True,none,False,dry_stack,fair,45,2024-04-24,Atlantic Coast,2016-03-19T00:00:00,2072.57,0.97,33155.13,False
ves_44db03b0d579,HFVKTP3JYXUK,Boston Whaler,230 Outrage,1988,fishing,aluminum,semi_displacement,19.34,6.47,2.44,12370,inboard,1,gasoline,10315,True,none,False,trailered,poor,24,,Atlantic Coast,2023-08-14T00:00:00,4253.26,3.19,62051.96,False
ves_b8e23f1e27cc,JV6M0D0SRSTN,Formula,290 BR,2015,cruiser,steel,planing,35.55,10.92,1.94,66470,inboard,1,gasoline,1263,False,none,False,wet_slip,good,72,2023-05-06,Inland Lakes,2025-02-10T00:00:00,99152.76,1.21,261650.12,False
ves_ce23d2d6f929,2UYN0S407U21,Sea Ray,Sundancer 320,2021,cruiser,steel,semi_displacement,30.82,9.06,4.82,47641,sterndrive,2,diesel,276,True,none,False,wet_slip,excellent,90,2020-12-10,Atlantic Coast,2012-07-21T00:00:00,118885.91,0.58,192706.59,False
ves_9fd00de24825,W9FYM2KX012W,Tiara,38 LS,1996,cruiser,steel,planing,34.99,8.5,4.2,49393,inboard,2,diesel,6011,True,none,False,wet_slip,good,69,,Pacific Coast,2015-11-15T00:00:00,58594.43,2.11,256160.26,False
ves_13c651529d70,NSL3HWXWPD53,Chaparral,21 SSI,2022,runabout,aluminum,planing,21.97,5.35,3.0,14174,sterndrive,1,gasoline,63,True,none,False,unknown,very_good,89,2019-06-26,Atlantic Coast,2020-12-15T00:00:00,34364.45,0.29,58462.58,False
ves_f3afcfbabeb0,UXLP0UM496TU,Sea Ray,SLX 260,2016,cruiser,FRP,planing,27.39,7.47,2.01,39784,sterndrive,1,gasoline,362,True,none,False,wet_slip,excellent,91,2019-10-13,Pacific Coast,2014-09-20T00:00:00,75729.81,0.38,164331.53,False
ves_f106ef847632,NN6AHUDCZK5E,Chaparral,280 OSX,2024,runabout,FRP,planing,12.74,3.93,0.57,4435,outboard,1,gasoline,110,True,none,False,dry_stack,excellent,96,2021-06-20,Pacific Coast,2025-05-04T00:00:00,21722.28,1.0,28011.09,False
ves_5289c5a3faac,NH4BWRHP2F8L,Alumacraft Pro,205 Bay,2007,workboat,FRP,displacement,25.68,7.35,3.31,37044,inboard,1,gasoline,2968,True,none,False,trailered,good,76,2018-08-07,Gulf Coast,2025-02-07T00:00:00,38057.87,0.71,160137.45,False
ves_bbc6f01b9a19,PSKLK5RNMAV0,Bayliner,VR5,2010,runabout,FRP,planing,15.53,4.32,1.42,7581,outboard,1,gasoline,1063,True,none,False,unknown,good,71,2018-08-20,Atlantic Coast,2015-04-08T00:00:00,9222.32,1.21,33676.96,False
ves_514b5f861b5b,C9M18H9LN1CG,Formula,350 CBR,1986,cruiser,FRP,planing,29.12,9.09,1.38,34887,inboard,1,diesel,1903,True,none,False,trailered,fair,59,,Atlantic Coast,2025-07-29T00:00:00,32018.69,0.5,199902.63,False
ves_05824b32d00a,X5TJKPPKKL9B,Harris,Cruiser 210,2010,pontoon,aluminum,pontoon,21.68,6.97,1.39,10382,outboard,1,gasoline,451,True,none,False,trailered,excellent,96,2023-10-13,Atlantic Coast,2023-07-06T00:00:00,13637.89,0.63,44128.87,False
ves_eded92406940,D1S7SEHDU28U,Carver,C34 Coupe,2013,cruiser,steel,planing,22.61,5.88,1.76,26267,sterndrive,1,diesel,206,True,none,False,unknown,good,65,2021-11-10,Gulf Coast,2023-07-19T00:00:00,42586.92,0.17,126836.98,True
ves_fa25619a5699,2R701EXU7C0X,Catalina,445,2010,sailboat,FRP,displacement,45.39,11.54,5.25,101946,inboard,1,diesel,981,False,none,False,trailered,excellent,93,,Great Lakes,2020-04-02T00:00:00,118743.57,1.53,250962.27,False
ves_cd7274eb0196,PX58ZMD7AJBT,Bennington,20 SVL,1996,pontoon,aluminum,pontoon,21.55,5.56,0.88,8144,outboard,1,gasoline,2255,True,none,False,trailered,fair,60,,Atlantic Coast,2022-02-08T00:00:00,7110.65,1.67,49006.15,False
ves_360cbcfb1225,2662C7PEL487,Tracker,Grizzly 1860,1996,fishing,aluminum,planing,19.15,6.17,2.05,15190,outboard,1,gasoline,1302,True,freshwater,False,wet_slip,fair,56,2019-01-27,Atlantic Coast,2020-09-13T00:00:00,5019.92,0.51,50283.15,False
ves_7ebcd32584b2,WNHF1YWNB9YM,Regal,26 XO,1989,runabout,aluminum,planing,22.57,5.18,2.75,13656,sterndrive,1,gasoline,1934,False,none,False,wet_slip,good,72,2018-03-13,Inland Lakes,2020-08-29T00:00:00,8930.87,0.95,60634.26,False
ves_f4e4226aa87f,J362WW482W55,Regal,26 XO,2017,runabout,FRP,planing,19.0,6.18,2.24,12129,sterndrive,1,gasoline,1214,False,none,False,wet_slip,good,69,2026-01-06,Great Lakes,2018-12-13T00:00:00,16555.24,2.45,48031.94,False
ves_71507a4c4a1b,1U4M65FHZJ1R,Hunter,31,2012,sailboat,wood,displacement,33.87,8.27,5.05,67074,inboard,1,diesel,185,False,none,False,trailered,very_good,86,2019-06-05,Great Lakes,2018-09-09T00:00:00,72224.73,0.33,155501.29,True
ves_132c718e356f,VY2ZV34SWYTV,Chaparral,21 SSI,2008,runabout,FRP,planing,14.85,4.37,0.67,8873,outboard,1,gasoline,866,True,none,False,trailered,good,68,2022-07-04,Maritimes,2020-12-04T00:00:00,8620.93,0.87,34449.58,False
ves_a6b0226a2757,LKRDY93J7PUG,Tracker,Grizzly 1860,1981,fishing,aluminum,planing,22.48,5.51,1.25,15670,inboard,1,diesel,5298,True,none,False,trailered,poor,44,2025-11-01,Gulf Coast,2020-04-20T00:00:00,4750.24,1.39,62427.37,False
ves_7c2b5b46e1a0,0Y7JJCSACWU4,Regal,LS4,1972,runabout,FRP,planing,26.0,8.48,1.31,28455,sterndrive,1,gasoline,2655,False,none,False,trailered,fair,49,2021-05-26,Great Lakes,2019-01-24T00:00:00,5028.54,0.89,73380.5,False
ves_123fbb21e5a8,Z2NYY7A4FPET,Tracker,Grizzly 1860,2017,fishing,FRP,planing,26.0,6.14,3.96,17700,inboard,1,gasoline,473,False,none,False,dry_stack,excellent,98,,Great Lakes,2017-10-21T00:00:00,30941.49,0.62,75991.9,False
ves_175aa262c8d1,JCSNW6VMT3PG,Bennington,20 SVL,2010,pontoon,aluminum,pontoon,26.0,8.11,1.09,13352,outboard,1,gasoline,444,True,none,False,wet_slip,good,78,2018-07-04,Atlantic Coast,2025-06-21T00:00:00,16730.96,0.62,63150.08,False
ves_2455c6307bf9,F85VE6TNCWPX,Boston Whaler,280 Vantage,2006,fishing,aluminum,planing,23.36,5.93,1.79,19803,inboard,1,gasoline,3246,True,none,False,unknown,fair,62,2018-09-11,Maritimes,2024-07-31T00:00:00,16030.11,1.91,80067.6,False
ves_3e94bf50c8f6,NNJKRAJBJY2G,Chaparral,23 SSi,1977,runabout,FRP,planing,18.3,5.69,1.6,10337,sterndrive,1,gasoline,1524,False,none,False,wet_slip,good,68,,Inland Lakes,2021-01-21T00:00:00,4508.09,0.57,45657.96,False
ves_2e2812e668aa,ZXSDMU0PDFMR,Regal,LS4,2023,runabout,aluminum,planing,19.51,4.43,1.48,9316,outboard,1,gasoline,78,False,none,False,dry_stack,excellent,96,2020-08-30,Great Lakes,2012-11-04T00:00:00,33237.17,0.47,49795.82,False
ves_42c3a36e4653,BF6LLJVD0D53,Harris,Cruiser 210,1990,pontoon,aluminum,pontoon,22.48,7.33,1.64,10547,outboard,1,gasoline,1198,True,none,False,wet_slip,good,75,,Gulf Coast,2020-01-31T00:00:00,6548.99,0.74,46326.03,False
ves_7b46a78962a0,D10R5K7KY9EM,Formula,350 CBR,2003,cruiser,FRP,semi_displacement,28.55,8.01,1.17,45396,sterndrive,1,diesel,610,False,none,False,wet_slip,good,79,,Inland Lakes,2022-05-27T00:00:00,53721.67,0.28,194658.21,True
ves_50d0807519f7,FFDH69CSZ3DE,Tracker,Pro Team 175,1979,fishing,aluminum,semi_displacement,23.33,7.68,2.94,21624,inboard,1,gasoline,920,False,none,False,trailered,fair,60,2024-07-27,Great Lakes,2015-09-13T00:00:00,5721.12,0.23,65661.78,False
ves_34a9cfec8c18,8GMMK81TSR6M,Beneteau,Oceanis 41.1,2015,sailboat,steel,displacement,33.8,9.36,2.92,65631,sail_aux,1,diesel,293,True,none,False,wet_slip,very_good,83,,Pacific Coast,2022-03-23T00:00:00,90726.71,0.67,188839.62,False
ves_02b8c2c2d468,VW5BW989YAU6,Chaparral,280 OSX,2025,runabout,aluminum,planing,20.0,6.38,2.14,13066,sterndrive,1,gasoline,56,True,none,True,wet_slip,good,75,2022-10-11,Gulf Coast,2025-06-04T00:00:00,21269.8,1.02,51496.7,False
ves_eb7f53efe4f2,3RUM587XLLZK,Tiara,38 LS,1976,cruiser,steel,planing,37.84,10.46,5.41,59149,sterndrive,1,gasoline,2501,False,none,False,wet_slip,fair,50,2022-06-24,Great Lakes,2025-07-01T00:00:00,31925.24,0.53,284679.86,False
ves_65c3539a0033,3PCKXX2R4S6K,Lund,1975 Impact,2014,fishing,FRP,planing,22.24,5.5,1.33,18266,outboard,1,gasoline,2220,True,none,False,wet_slip,good,70,,Pacific Coast,2016-09-22T00:00:00,18499.82,2.18,66879.11,False
ves_594e3134f660,CCURLEFMKGME,Chaparral,280 OSX,1989,runabout,aluminum,planing,22.97,6.39,1.41,20060,sterndrive,1,gasoline,2048,False,none,False,trailered,good,74,2018-09-08,Inland Lakes,2017-07-18T00:00:00,9320.33,1.01,62062.96,False
ves_bd35e49c7d36,D1WWJAC1M985,Formula,350 CBR,1993,cruiser,steel,planing,26.22,6.35,1.17,26921,sterndrive,1,diesel,4609,False,none,False,wet_slip,fair,61,2019-10-16,Inland Lakes,2014-02-16T00:00:00,33852.09,1.47,173524.37,False
ves_7c894df045a2,4KMENMBWECVL,Lund,1650 Angler,2003,fishing,aluminum,semi_displacement,24.8,7.26,2.27,21919,inboard,1,gasoline,1809,True,none,False,wet_slip,very_good,80,2024-06-12,Gulf Coast,2020-03-20T00:00:00,16948.0,0.93,77484.22,False
ves_bffa575d180c,L9NHBDR443BL,Sun Tracker,Party Barge 22 DLX,2008,pontoon,aluminum,pontoon,25.57,8.37,1.66,13965,outboard,1,gasoline,793,False,none,False,wet_slip,very_good,83,2018-09-20,Great Lakes,2025-11-04T00:00:00,13242.1,0.98,50726.45,False
ves_3f950165e627,AZL3LDD524L6,Bayliner,VR5,1990,runabout,FRP,planing,23.24,5.89,3.6,13938,outboard,1,gasoline,2116,True,none,False,trailered,fair,52,2023-05-24,Gulf Coast,2016-02-10T00:00:00,7083.11,1.07,58033.79,False
ves_cf5d330e9f32,2M26GS4WGAEN,Parker,2320 Sport Cabin,2018,workboat,aluminum,planing,29.11,6.69,1.7,34865,inboard,1,gasoline,1224,True,none,False,wet_slip,good,73,,Atlantic Coast,2022-05-31T00:00:00,67331.21,0.7,189658.6,False
ves_90e4014e426a,781GC40LAGUS,Carver,C40 Command Bridge,2023,cruiser,FRP,planing,34.59,7.97,2.64,35411,inboard,1,gasoline,496,True,none,False,wet_slip,good,69,2021-06-22,Atlantic Coast,2024-03-17T00:00:00,129249.74,1.74,225182.27,False
ves_dd5577b47bef,21021LZGJX5P,Harris,Solstice 230,2009,pontoon,aluminum,pontoon,22.18,4.92,1.43,7377,outboard,1,gasoline,1100,True,none,False,trailered,good,76,2024-05-03,Pacific Coast,2018-12-25T00:00:00,11482.89,1.44,45503.2,False
ves_b2bbc6ffa2aa,7K34WE528BA6,Harris,Solstice 230,2013,pontoon,aluminum,pontoon,14.78,3.97,2.17,3442,outboard,1,gasoline,601,False,none,False,wet_slip,excellent,97,2018-12-29,Inland Lakes,2019-01-03T00:00:00,8968.58,1.03,26313.75,False
ves_a7dacd263f0b,YP2G1VBTVXAL,Tiara,38 LS,2010,cruiser,steel,semi_displacement,48.95,13.8,7.78,105168,inboard,1,diesel,613,True,none,False,wet_slip,fair,64,,Pacific Coast,2014-05-07T00:00:00,114280.73,0.4,403010.91,True
ves_993d959cdf9d,MUTZGRANCY7W,Carver,C40 Command Bridge,2013,cruiser,FRP,planing,38.04,9.95,3.49,64151,inboard,1,gasoline,1282,False,none,False,dry_stack,excellent,98,,Great Lakes,2013-10-05T00:00:00,115760.92,1.04,255968.85,False
ves_5ba60d3bcfda,Z12GZPBZ1VGT,Sun Tracker,Bass Buggy 18 DLX,2008,pontoon,aluminum,pontoon,26.0,6.46,1.51,13484,outboard,1,gasoline,556,False,none,False,trailered,fair,60,2025-07-06,Inland Lakes,2013-03-18T00:00:00,10788.19,0.69,51873.28,False
ves_71007ad63c02,40HDRUVWTJC2,Sea Ray,SPX 190,1982,runabout,FRP,planing,23.37,6.74,3.36,18404,sterndrive,1,gasoline,3015,True,none,False,trailered,poor,43,,Pacific Coast,2015-01-14T00:00:00,5430.59,1.25,63525.35,False
ves_41d49e3136e5,JX4MMMHAYSPV,Lund,1875 Pro-V,1975,fishing,aluminum,planing,18.82,4.35,1.79,12132,inboard,1,gasoline,9189,True,none,False,trailered,poor,33,2020-09-02,Gulf Coast,2016-01-12T00:00:00,2889.96,2.12,53393.98,False
ves_82886f84b8dd,8FJVYZPGLDAS,Tiara,44 Coupe,2008,cruiser,steel,semi_displacement,38.37,12.85,2.68,78853,sterndrive,1,diesel,2960,True,none,False,wet_slip,good,68,2025-12-16,Gulf Coast,2017-01-17T00:00:00,88667.64,1.73,290092.15,False
ves_61a5c4518575,XXXLMWLZJXG2,Bayliner,Ciera 8,1996,runabout,aluminum,planing,22.16,6.71,1.61,15410,sterndrive,1,gasoline,589,True,none,False,wet_slip,fair,54,2019-10-18,Atlantic Coast,2023-04-19T00:00:00,8145.82,0.36,54421.26,False
ves_8abeef6680f3,PZKW5VH6HZW6,Yamaha WaveRunner,VX Cruiser,2006,PWC,FRP,planing,10.88,4.02,1.29,821,jet,1,gasoline,346,True,none,False,trailered,fair,59,2021-12-03,Gulf Coast,2021-06-02T00:00:00,2247.01,0.49,17656.59,False
ves_1874d3d2024c,M4C979MEZM77,Bayliner,VR5,2021,runabout,FRP,planing,19.21,4.23,2.73,9130,outboard,1,gasoline,557,False,none,False,trailered,very_good,83,2019-04-16,Inland Lakes,2021-06-27T00:00:00,23352.39,2.03,44868.93,False
ves_89bd0503f9ac,DG9GZ47NVU18,Sea Ray,SLX 260,2010,runabout,aluminum,planing,20.99,7.1,1.54,16195,sterndrive,1,gasoline,2330,False,none,False,wet_slip,fair,61,2020-04-15,Inland Lakes,2023-12-05T00:00:00,13565.08,2.65,54971.58,False
ves_f94ce312226b,DBCHDY7RBRYL,Tiara,38 LS,1990,cruiser,steel,planing,37.16,11.19,2.02,60821,inboard,1,gasoline,2709,True,none,False,wet_slip,fair,49,2022-03-14,Pacific Coast,2023-10-04T00:00:00,43651.34,0.79,277761.28,False
ves_b89bda182c8d,5L08YZJHDMKE,Carver,C40 Command Bridge,2005,cruiser,steel,semi_displacement,33.29,10.83,1.69,64892,sterndrive,2,diesel,1245,False,freshwater,False,wet_slip,good,78,2021-11-14,Inland Lakes,2015-12-31T00:00:00,48097.09,0.62,213786.81,False
ves_3c48cc673a4a,UP48L2GFMPBP,Carver,C40 Command Bridge,1996,cruiser,FRP,semi_displacement,34.04,8.06,4.9,41104,inboard,1,diesel,2771,True,none,False,wet_slip,fair,55,2024-12-01,Pacific Coast,2014-01-17T00:00:00,43277.12,0.97,220314.5,False
ves_3be849e259c6,LG56D0XK44PR,Harris,Cruiser 210,1993,pontoon,aluminum,pontoon,13.58,4.16,1.17,2958,outboard,1,gasoline,995,True,none,False,wet_slip,fair,63,2017-12-14,Pacific Coast,2017-07-05T00:00:00,3214.63,0.67,23460.51,False
ves_afad0ed58bf6,FASJ7WJXZHS4,Sea Ray,Sundancer 320,2007,runabout,FRP,planing,16.63,4.12,1.93,6624,outboard,1,gasoline,1577,True,none,False,trailered,good,66,2019-06-22,Maritimes,2024-12-10T00:00:00,9546.18,1.51,40126.57,False
ves_52fa581ef235,8P12J5FPZ92S,Bennington,22 SSB,2002,pontoon,aluminum,pontoon,24.83,8.05,0.99,15715,outboard,1,gasoline,1427,True,none,False,trailered,good,71,2022-03-07,Maritimes,2021-03-15T00:00:00,11569.8,1.32,59357.91,False
ves_7743179309e2,8MZZHG1VS2CJ,Boston Whaler,230 Outrage,2026,fishing,aluminum,semi_displacement,23.8,6.76,2.26,15466,inboard,1,diesel,0,False,none,False,dry_stack,excellent,98,2019-06-21,Inland Lakes,2014-06-30T00:00:00,87330.9,0.0,82124.23,False
ves_ba6bc0c7113d,TE3ECG6XPYW3,Parker,2820 XLD,2008,workboat,aluminum,displacement,9.99,3.5,1.02,7452,outboard,1,diesel,2579,True,none,False,trailered,very_good,82,,Pacific Coast,2019-12-08T00:00:00,11589.5,0.65,44791.79,False
ves_c51b3bdb635a,TTU6HRXPB3C3,Regal,LS4,1998,runabout,FRP,planing,19.24,5.27,1.45,9188,outboard,1,gasoline,1690,True,none,False,wet_slip,good,70,2024-11-17,Gulf Coast,2014-10-13T00:00:00,9246.79,1.1,48881.66,False
ves_176a236d0bc5,J8H6UNB4HG1U,Grady-White,257 Fisherman,2000,fishing,FRP,semi_displacement,18.75,5.13,2.0,12460,inboard,1,diesel,330,True,none,False,wet_slip,fair,45,2020-12-09,Maritimes,2025-02-07T00:00:00,6665.83,0.15,53132.18,True
ves_d8f3dc40265f,5ATGRAAHZN93,Bayliner,Ciera 8,2003,runabout,FRP,planing,23.42,6.92,2.17,16391,sterndrive,1,gasoline,924,True,none,False,dry_stack,very_good,86,,Atlantic Coast,2025-05-16T00:00:00,14943.09,0.73,58622.61,False
ves_56dcc793fa7e,UUEBD8UGPLU0,Chaparral,21 SSI,2010,runabout,FRP,planing,20.99,6.65,1.47,14114,outboard,1,gasoline,825,True,none,False,dry_stack,very_good,88,2025-12-12,Atlantic Coast,2020-07-03T00:00:00,17581.35,0.94,54961.53,False
ves_89e5a308e95b,T3PMM0F8WKMV,Catalina,445,2017,sailboat,wood,displacement,28.47,8.26,2.81,59746,sail_aux,1,diesel,325,True,none,False,wet_slip,good,76,2021-08-28,Maritimes,2025-07-30T00:00:00,64639.25,0.9,133719.78,False
ves_85b73a27623e,25LDKCCYS23J,Sea Ray,SPX 190,2012,runabout,FRP,planing,24.48,6.66,1.36,19361,outboard,1,gasoline,1111,True,none,False,trailered,very_good,87,2024-05-09,Maritimes,2024-04-26T00:00:00,22781.27,1.44,67642.41,False
ves_0b950a65ad72,B6P6FNC5LLFG,Sun Tracker,Party Barge 22 DLX,2007,pontoon,aluminum,pontoon,20.84,6.84,1.34,9799,outboard,1,gasoline,172,True,none,False,unknown,good,70,2025-11-21,Atlantic Coast,2021-04-24T00:00:00,7939.47,0.2,38488.28,True
ves_95c1503550c1,3H8HLE7A6TWS,Sun Tracker,Bass Buggy 18 DLX,2004,pontoon,aluminum,pontoon,9.82,3.5,1.04,2444,outboard,1,gasoline,185,True,none,False,wet_slip,poor,44,,Pacific Coast,2016-10-05T00:00:00,1943.79,0.19,13927.03,True
ves_ccc19df62fe0,KBUW57M1BPM3,Chaparral,21 SSI,1981,runabout,FRP,planing,19.15,5.01,0.82,11002,outboard,1,gasoline,215,True,none,False,wet_slip,poor,43,,Atlantic Coast,2017-12-21T00:00:00,3705.93,0.09,48555.52,True
ves_cd2504734dd4,JGGHXFL42V3T,Boston Whaler,280 Vantage,1970,fishing,aluminum,semi_displacement,26.0,6.52,3.44,17162,outboard,1,diesel,5805,True,none,False,wet_slip,fair,53,2025-08-12,Atlantic Coast,2015-02-24T00:00:00,5675.33,1.22,92511.88,False
ves_63867bf8efe4,HC8VJF4WCD2N,Bennington,24 LXSB,1992,pontoon,aluminum,pontoon,22.57,7.2,1.45,10055,outboard,1,gasoline,1152,False,none,False,dry_stack,good,74,2025-01-13,Inland Lakes,2017-01-28T00:00:00,7754.69,0.75,52156.49,False
ves_e3e6cfabce30,3XU4MKALELN8,Sun Tracker,Party Barge 22 DLX,2002,pontoon,aluminum,pontoon,21.36,7.04,1.73,9170,outboard,1,gasoline,1569,True,freshwater,False,trailered,fair,63,2020-02-10,Maritimes,2022-07-25T00:00:00,5141.92,1.45,39786.81,False
ves_d32b5a3235a0,AAFHTH2ABF1K,Catalina,275 Sport,2000,sailboat,FRP,displacement,29.5,8.85,1.54,67864,sail_aux,0,diesel,685,True,none,False,dry_stack,good,74,2024-10-12,Gulf Coast,2020-08-14T00:00:00,45961.6,0.66,140296.41,False
ves_071e9cc4a609,47T1SCDB9URS,Regal,LS4,2019,runabout,aluminum,planing,18.13,6.13,1.8,12933,sterndrive,1,gasoline,477,True,none,False,wet_slip,excellent,90,,Pacific Coast,2016-02-23T00:00:00,21675.35,1.24,45113.45,False
ves_89642a35bc7a,KBNTAE0PXSU3,Sea Ray,Sundancer 320,1985,runabout,FRP,planing,18.06,5.43,1.45,12129,outboard,1,gasoline,687,False,none,False,wet_slip,fair,61,,Great Lakes,2016-09-02T00:00:00,5230.63,0.3,44873.61,False
ves_34c0f78a8e5c,BJF9KJR95VAK,Chaparral,23 SSi,2006,runabout,aluminum,planing,21.26,5.99,2.4,15514,sterndrive,1,gasoline,1452,True,none,False,trailered,excellent,90,,Gulf Coast,2017-02-13T00:00:00,16131.03,1.32,55910.35,False
ves_3e216d5e5a42,BAVFLGJYGH3E,Bayliner,Ciera 8,2001,runabout,aluminum,planing,24.32,7.89,1.53,18069,outboard,1,gasoline,2216,False,none,False,unknown,good,70,2020-12-06,Inland Lakes,2021-12-05T00:00:00,12766.19,1.61,61677.89,False
ves_a11cda82aa31,K6FBFMNJ4EZF,Sea Ray,SPX 190,2015,cruiser,steel,semi_displacement,38.53,10.9,2.05,82975,inboard,1,gasoline,450,True,none,False,dry_stack,very_good,86,2023-04-24,Gulf Coast,2023-02-01T00:00:00,112221.66,0.43,260433.48,False
ves_0801ee24db5f,53RW1BGFYSA0,Chaparral,21 SSI,1977,runabout,aluminum,planing,14.47,4.64,1.82,6853,sterndrive,1,gasoline,2279,True,none,False,wet_slip,fair,52,,Gulf Coast,2014-09-11T00:00:00,2750.21,0.85,33281.11,False
ves_54a14555fe59,J6M25A9231Z2,Tiara,38 LS,1981,cruiser,steel,planing,39.32,11.92,3.02,71574,sterndrive,1,diesel,1049,True,unknown,False,wet_slip,fair,54,2024-11-21,Maritimes,2022-06-20T00:00:00,36800.43,0.25,299807.58,True
ves_47799891144d,9W97WKJSXUPW,Jeanneau,Leader 10.5,1972,sailboat,wood,displacement,39.84,10.3,5.31,95020,inboard,1,diesel,761,True,none,False,dry_stack,fair,53,2024-10-22,Gulf Coast,2024-09-08T00:00:00,35209.45,0.35,235691.35,False
ves_a44e490cc4b8,B2UVFHG8NFK6,Boston Whaler,230 Outrage,1976,fishing,FRP,planing,25.77,7.21,3.97,19941,inboard,1,diesel,3716,True,none,False,trailered,fair,48,,Pacific Coast,2020-04-21T00:00:00,6309.24,0.87,91401.6,False
ves_e5742bb4f3bf,GCMFL0WNUFMS,Sea Ray,Sundancer 320,2011,runabout,aluminum,planing,23.62,5.81,2.71,18336,sterndrive,1,gasoline,1042,True,none,False,trailered,good,75,,Maritimes,2025-03-26T00:00:00,18913.65,1.26,64474.94,False
ves_0a30705ffdf5,DNG5DFFUCAPW,Bayliner,Ciera 8,2017,runabout,aluminum,planing,20.95,7.06,1.4,19572,outboard,1,gasoline,660,True,none,False,trailered,good,76,2024-03-13,Pacific Coast,2015-03-30T00:00:00,18616.59,1.33,50449.76,False
ves_6590f1f4d54f,ZD9TGV6Y0AHE,Hunter,36,2019,sailboat,steel,displacement,14.09,4.51,1.4,12229,sail_aux,1,diesel,524,True,none,False,trailered,good,77,,Atlantic Coast,2021-04-09T00:00:00,25662.35,1.87,47587.51,False
ves_a461f1e5eef8,R6H3G4B9H7KJ,Alumacraft Pro,205 Bay,2018,workboat,aluminum,planing,40.52,13.19,2.58,112503,outboard,1,gasoline,860,True,none,False,dry_stack,excellent,91,,Gulf Coast,2021-05-05T00:00:00,123632.47,0.49,296494.07,False
ves_edf7dfc4d896,MVA0Z69CALTV,Formula,290 BR,2009,cruiser,steel,semi_displacement,34.74,9.6,1.69,55017,inboard,1,gasoline,284,False,none,False,wet_slip,good,78,,Inland Lakes,2021-07-15T00:00:00,80600.43,0.18,253696.63,True
ves_649cb2727b29,7B15ZE4HS0KF,Sea Ray,SLX 260,2020,cruiser,FRP,planing,55.54,12.93,5.04,120097,inboard,1,diesel,1588,True,none,False,wet_slip,good,67,2018-07-22,Atlantic Coast,2018-09-03T00:00:00,200448.92,2.79,426710.98,False
ves_c54b817bdfcf,LVPHRJVV9ERB,Sea Ray,SLX 260,1981,runabout,aluminum,planing,20.39,4.89,1.12,9042,outboard,1,gasoline,2080,False,none,False,wet_slip,fair,53,2023-02-19,Great Lakes,2025-08-30T00:00:00,4983.15,0.84,52840.09,False
ves_527659d47703,V2SRYRWFFAXB,Boston Whaler,170 Montauk,1996,fishing,aluminum,planing,19.56,4.34,1.02,8792,outboard,1,diesel,2216,False,none,False,wet_slip,fair,63,2021-09-04,Great Lakes,2023-03-27T00:00:00,9443.79,0.87,62989.21,False
ves_5ff1fa54ed06,58YGJR089GY0,Hunter,36,1974,sailboat,wood,displacement,14.35,3.5,0.59,9065,sail_aux,1,diesel,1269,True,none,False,wet_slip,poor,38,2025-03-04,Gulf Coast,2020-01-26T00:00:00,6218.09,0.61,48797.73,False
ves_82bab7f86d98,466KCZE5GB6P,Bayliner,Ciera 8,2016,runabout,aluminum,planing,23.89,7.8,1.74,20530,outboard,1,gasoline,795,True,none,False,wet_slip,good,77,2022-11-20,Maritimes,2024-07-09T00:00:00,20911.31,1.45,60209.83,False
ves_7763fc28f5d6,VEW9X6M1DLMY,Beneteau,Oceanis 41.1,2020,sailboat,wood,displacement,17.41,3.99,1.89,17922,sail_aux,1,diesel,204,True,unknown,False,wet_slip,excellent,94,,Pacific Coast,2020-01-26T00:00:00,50634.44,0.85,77082.71,False
ves_0624e0a6d3c9,EPYP273JZJP4,Carver,C40 Command Bridge,1975,cruiser,FRP,semi_displacement,33.37,8.3,3.83,35521,inboard,2,diesel,8094,True,none,False,wet_slip,poor,40,2020-08-31,Pacific Coast,2014-08-03T00:00:00,20530.6,1.67,214476.73,False
ves_f07566d53b61,K7N3FX54TAXN,Jeanneau,Leader 10.5,2016,sailboat,steel,displacement,26.97,6.95,3.64,33179,sail_aux,1,diesel,242,False,none,False,trailered,very_good,87,2020-02-22,Inland Lakes,2018-09-04T00:00:00,70636.59,0.6,139190.68,False
ves_ff014634f917,TKM7P2J6PMDM,Lund,1650 Angler,1968,fishing,aluminum,semi_displacement,13.76,4.51,2.09,5979,inboard,1,gasoline,6985,False,none,False,trailered,poor,44,,Great Lakes,2021-12-15T00:00:00,1801.9,1.42,34975.58,False
ves_bd1b6adab416,0HVU2RC0MG4A,SafeBoat,33 Full Cabin,2014,workboat,aluminum,semi_displacement,45.31,11.26,2.27,100304,outboard,1,gasoline,660,True,none,False,trailered,good,73,,Atlantic Coast,2021-03-29T00:00:00,98208.94,0.25,344708.46,True
ves_103b25110691,BPF2N5CYACVN,Sun Tracker,Bass Buggy 18 DLX,2024,pontoon,aluminum,pontoon,21.45,5.27,1.09,7263,outboard,1,gasoline,69,True,none,False,trailered,excellent,90,2020-10-26,Atlantic Coast,2021-03-18T00:00:00,28964.07,0.77,40007.25,False
ves_765a14dd44e8,C2XTDLZXGRRJ,Regal,LS4,2022,runabout,FRP,planing,26.0,8.55,1.47,28216,sterndrive,1,gasoline,204,True,none,False,wet_slip,excellent,98,,Pacific Coast,2015-07-13T00:00:00,46392.12,0.93,73380.5,False
ves_414bc25b28da,52YL6LWZP8T0,Formula,290 BR,2025,cruiser,FRP,planing,41.01,10.22,3.15,83342,sterndrive,1,diesel,65,True,none,False,wet_slip,excellent,92,2021-04-27,Pacific Coast,2025-05-14T00:00:00,285337.15,0.68,317400.1,False
ves_4f76e5476fb5,CLME0WSCUTCR,Grady-White,257 Fisherman,2007,fishing,FRP,semi_displacement,26.0,7.28,1.44,21694,inboard,1,gasoline,1116,False,none,False,wet_slip,excellent,90,2024-02-07,Great Lakes,2022-01-01T00:00:00,22220.25,0.69,82599.89,False
ves_aa6258bdbf1b,DHRYVYCR29VP,Catalina,275 Sport,1985,sailboat,FRP,displacement,34.26,9.14,5.03,79548,sail_aux,1,diesel,2099,True,none,False,trailered,fair,61,,Gulf Coast,2021-07-19T00:00:00,36467.45,1.28,171698.0,False
ves_5be803cf3804,UFLD5Y2XJDHK,Formula,290 BR,2024,cruiser,steel,planing,37.05,8.28,4.34,43082,sterndrive,2,gasoline,100,True,none,False,wet_slip,good,76,2023-01-03,Atlantic Coast,2020-06-12T00:00:00,191709.87,0.53,276692.78,False
ves_350695ccd8ef,P5YGJM25ERG7,SafeBoat,33 Full Cabin,2019,workboat,steel,semi_displacement,21.45,6.32,3.13,20823,inboard,1,diesel,2460,True,none,False,wet_slip,excellent,91,2019-09-05,Pacific Coast,2017-07-16T00:00:00,56727.4,1.6,125583.57,False
ves_bde60e42dfe5,5RBALUXJUDNL,Chaparral,21 SSI,2020,runabout,aluminum,planing,22.32,6.6,2.06,18404,sterndrive,1,gasoline,359,True,none,False,trailered,excellent,92,2024-09-04,Pacific Coast,2023-07-08T00:00:00,31279.76,1.09,59707.82,False
ves_284e3147abb0,86JT6J0TJKF9,Chaparral,21 SSI,2021,runabout,aluminum,planing,17.96,4.26,2.61,8397,outboard,1,gasoline,139,True,none,False,wet_slip,very_good,86,2021-01-28,Maritimes,2013-08-30T00:00:00,23784.8,0.51,44519.09,False
ves_002520869b7e,SL4ZGZDLY6V4,Sea Ray,Sundancer 320,2005,runabout,FRP,planing,21.52,6.28,2.77,12266,sterndrive,1,gasoline,125,True,none,False,wet_slip,good,66,,Gulf Coast,2019-09-22T00:00:00,11718.37,0.11,56851.16,True
ves_85a8d9fa3038,L0WPX0F2LLMM,Bayliner,Element M17,2007,runabout,aluminum,planing,19.98,6.58,2.48,13460,sterndrive,1,gasoline,188,False,none,False,wet_slip,very_good,85,2024-08-15,Inland Lakes,2018-01-12T00:00:00,13476.9,0.18,47299.42,False
ves_1995345d3e46,LSUFVMAA32L5,Chaparral,23 SSi,2010,runabout,aluminum,planing,24.18,5.56,1.6,15068,outboard,1,gasoline,1824,False,none,False,wet_slip,good,73,2024-02-16,Great Lakes,2024-12-31T00:00:00,18576.92,2.07,66521.27,False
ves_2ca5121892d1,FRS0NMJLW6FF,Regal,LS4,2021,runabout,FRP,planing,26.0,8.64,3.03,30108,outboard,1,gasoline,232,True,none,False,wet_slip,excellent,96,2025-06-20,Pacific Coast,2012-08-13T00:00:00,42580.49,0.84,73380.5,False
ves_c62e79c1094d,D74J2VPZAAXR,Regal,28 Express,1974,runabout,FRP,planing,15.72,4.03,0.72,8256,outboard,1,gasoline,2578,False,none,False,wet_slip,fair,50,,Great Lakes,2015-07-04T00:00:00,2741.09,0.9,37200.54,False
ves_b316cbd6393e,WJNG1ZUVHN6M,Sea Ray,SDX 250,2008,runabout,FRP,planing,20.68,5.44,2.39,15268,outboard,1,gasoline,201,True,none,False,trailered,very_good,81,2021-02-23,Gulf Coast,2015-06-27T00:00:00,14042.77,0.2,53859.23,True
ves_af5472695b55,YG95BF8NMWMC,Tracker,Targa V-18,2008,fishing,FRP,semi_displacement,22.11,7.44,0.9,16008,inboard,1,gasoline,539,True,none,False,dry_stack,good,77,2022-05-09,Pacific Coast,2022-02-09T00:00:00,15090.91,0.35,61046.62,False
ves_c1fbd4be4778,ALZV0R1J3CU6,Tracker,Pro Team 175,2011,fishing,FRP,semi_displacement,18.27,4.91,1.21,12706,inboard,1,diesel,1511,True,none,False,wet_slip,good,78,2020-12-30,Atlantic Coast,2022-01-05T00:00:00,12882.95,1.19,47188.88,False
ves_118c3cbeb815,BCR7ET4DW83G,Chaparral,21 SSI,1983,runabout,FRP,planing,19.37,4.74,2.93,9441,sterndrive,1,gasoline,2425,True,freshwater,False,dry_stack,fair,47,2022-06-05,Pacific Coast,2019-04-22T00:00:00,3299.37,1.03,49321.83,False
ves_91c5a6536c4c,T36J1R2E0WF0,Sea Ray,SLX 260,1967,runabout,FRP,planing,18.57,4.68,2.97,10444,sterndrive,1,gasoline,3194,False,none,False,wet_slip,fair,55,,Inland Lakes,2014-04-14T00:00:00,2955.93,0.98,46583.53,False
ves_f6f6f6edfbc0,S034CYCRS5U4,Formula,290 BR,2026,cruiser,FRP,semi_displacement,36.49,11.97,4.19,57078,inboard,2,diesel,0,False,none,False,wet_slip,excellent,98,2022-10-10,Inland Lakes,2012-08-11T00:00:00,288275.12,0.0,271088.13,False
ves_522d9dc68b7b,UFB95994YP9Y,Sun Tracker,Party Barge 22 DLX,2019,pontoon,aluminum,pontoon,17.45,4.01,1.76,4082,outboard,1,gasoline,183,True,none,False,wet_slip,very_good,82,,Atlantic Coast,2012-06-25T00:00:00,12657.93,0.58,30271.58,False
ves_64dc032ef8a4,WJJH6DT4E25B,Carver,C40 Command Bridge,2003,cruiser,FRP,semi_displacement,37.96,9.02,5.8,67611,inboard,1,diesel,2026,False,none,False,wet_slip,fair,63,2025-10-13,Great Lakes,2016-10-04T00:00:00,65344.71,0.93,255259.88,False
ves_9e91f2142c17,3XPR6F6A4WTL,Grady-White,191 CE,1996,fishing,FRP,planing,26.0,6.57,2.29,18776,outboard,1,gasoline,2590,True,none,False,trailered,good,69,2024-04-20,Atlantic Coast,2016-10-20T00:00:00,13181.9,1.02,82599.89,False
ves_0658aca28255,35B1MEY5NA0T,Harris,Cruiser 210,2017,pontoon,aluminum,pontoon,22.49,5.87,2.06,7349,outboard,1,gasoline,317,True,none,False,trailered,excellent,90,2019-09-08,Atlantic Coast,2013-12-29T00:00:00,17695.91,0.78,46355.42,False
ves_3ffe066362f3,1URHYDG1TK9F,Sea Ray,SDX 250,2018,runabout,aluminum,planing,25.07,7.82,1.63,25594,outboard,1,gasoline,763,True,none,False,wet_slip,good,75,2018-12-02,Gulf Coast,2018-07-10T00:00:00,27383.65,1.73,69849.2,False
ves_75ee7ad873c6,E6L2KL3MVWXB,Chaparral,21 SSI,1993,runabout,FRP,planing,22.97,5.28,2.69,10859,sterndrive,1,gasoline,952,True,none,False,wet_slip,fair,51,,Pacific Coast,2025-06-17T00:00:00,8188.01,0.52,62068.32,False
ves_8ab8405b0d13,HL722JACJBSH,Lund,1875 Pro-V,2006,fishing,FRP,semi_displacement,25.85,6.06,2.96,20702,outboard,1,diesel,2414,False,none,False,trailered,very_good,81,2021-09-17,Inland Lakes,2015-08-29T00:00:00,19796.28,1.42,81972.09,False
ves_b120535a8bed,AFMAVKWL0P3B,Chaparral,21 SSI,1974,runabout,aluminum,planing,18.66,4.77,0.75,8180,sterndrive,1,gasoline,4976,True,none,False,unknown,poor,40,2020-08-05,Atlantic Coast,2012-10-04T00:00:00,3023.52,1.74,46885.4,False
ves_60d540a70de6,AJVS1XJWCZZR,Chaparral,280 OSX,1971,runabout,FRP,planing,21.72,5.95,1.13,17150,sterndrive,1,gasoline,3502,True,none,False,wet_slip,poor,41,2020-12-29,Atlantic Coast,2016-05-12T00:00:00,3441.51,1.16,57571.96,False
ves_456795cd1099,U23KNJR4C126,Bayliner,Ciera 8,1972,runabout,aluminum,planing,18.64,4.71,1.46,7917,sterndrive,1,gasoline,1438,False,none,False,unknown,poor,30,2021-11-19,Great Lakes,2014-01-10T00:00:00,2063.13,0.48,43067.02,True
ves_f317f9136660,A132E63MNZ1K,Tracker,Grizzly 1860,2021,fishing,aluminum,planing,13.85,3.53,1.3,6229,outboard,1,diesel,439,False,none,False,unknown,very_good,87,2024-08-01,Inland Lakes,2012-09-14T00:00:00,16648.19,1.03,32479.15,False
ves_373b4ffd4f18,HSTMDTSGXNNF,Parker,2820 XLD,1985,workboat,aluminum,semi_displacement,8.0,3.5,0.83,6184,jet,1,gasoline,7393,False,none,False,wet_slip,fair,58,2022-08-26,Inland Lakes,2022-06-03T00:00:00,3383.57,0.82,33172.69,False
ves_f114bf96b8bf,RCVEPWHBP8XK,Sea-Doo,RXT-X 300,2026,PWC,composite,planing,11.61,4.21,1.27,819,jet,1,gasoline,0,True,none,False,unknown,excellent,95,2018-09-19,Pacific Coast,2013-09-13T00:00:00,20016.49,0.0,19274.42,False
ves_119442c1e9f7,RYRB844GT2JC,Lund,1875 Pro-V,2007,fishing,aluminum,semi_displacement,12.55,3.5,0.86,5308,outboard,1,diesel,1668,False,none,False,wet_slip,good,75,2023-12-24,Great Lakes,2017-08-04T00:00:00,7272.83,1.03,30893.26,False
ves_07c58bf3c849,VAWSW8THLXRE,Boston Whaler,230 Outrage,1995,fishing,aluminum,planing,20.4,5.24,0.9,12842,inboard,1,diesel,1039,True,none,False,unknown,poor,40,2018-09-20,Atlantic Coast,2021-07-15T00:00:00,6719.51,0.39,66665.14,True
ves_3ead4e12fdd4,MCKYEN7NP6CN,Grady-White,257 Fisherman,2009,fishing,FRP,semi_displacement,22.5,5.65,1.56,12351,outboard,1,gasoline,550,False,unknown,False,trailered,good,79,2019-07-29,Inland Lakes,2019-03-15T00:00:00,16226.32,0.38,67969.81,True
ves_cb293b02ba73,XEA73XEE7CZF,Tiara,38 LS,1981,cruiser,steel,semi_displacement,26.56,7.18,3.53,34594,sterndrive,1,diesel,5907,True,none,False,wet_slip,poor,34,2023-07-02,Gulf Coast,2015-01-19T00:00:00,17952.11,1.38,176521.69,False
ves_f1b5f5df145c,FGX5TU20SH2D,Tiara,44 Coupe,2018,cruiser,steel,planing,36.46,9.56,4.62,46670,sterndrive,2,diesel,627,True,none,False,wet_slip,very_good,86,2022-02-22,Maritimes,2014-11-10T00:00:00,134874.35,0.82,270755.2,False
ves_d8a1231bad1a,KMFBP12LCS90,Catalina,445,2026,sailboat,steel,displacement,19.04,4.64,2.92,19394,inboard,1,diesel,0,False,none,False,wet_slip,excellent,98,2018-01-17,Great Lakes,2013-09-09T00:00:00,82624.16,0.0,77698.1,False
ves_94c1fddaecda,SY3JNDN6WTB9,Sun Tracker,Party Barge 22 DLX,1999,pontoon,aluminum,pontoon,25.69,7.68,1.17,11993,outboard,1,gasoline,207,True,none,False,dry_stack,fair,60,2023-09-29,Maritimes,2014-07-07T00:00:00,7456.52,0.17,51050.89,True
ves_ea18f6f139d8,RFFNK11GGYUY,Catalina,445,2007,sailboat,steel,displacement,44.41,10.58,3.29,82373,sail_aux,0,diesel,1616,True,none,False,wet_slip,fair,60,2022-11-12,Pacific Coast,2013-04-24T00:00:00,79481.44,2.13,243684.87,False
ves_b100d4686b07,A77U0UV7DJNF,Regal,LS4,1985,runabout,FRP,planing,23.74,7.04,3.23,21956,sterndrive,1,gasoline,2064,True,none,False,trailered,fair,50,2020-10-02,Atlantic Coast,2015-12-09T00:00:00,6652.96,0.92,64911.83,False
ves_36d58c9d531b,0RAJ1EWBJ085,Tiara,44 Coupe,2014,cruiser,steel,planing,31.7,9.95,1.91,61869,sterndrive,1,diesel,279,True,none,False,wet_slip,excellent,98,2025-12-30,Gulf Coast,2025-10-04T00:00:00,103964.45,0.24,224208.79,False
ves_845c8a93d5bf,F4UAHAPCHLDS,Bayliner,VR5,2015,runabout,FRP,planing,25.73,5.82,1.22,19372,sterndrive,1,gasoline,1989,True,none,False,trailered,fair,55,2018-11-03,Pacific Coast,2025-03-30T00:00:00,17824.19,3.29,66552.32,False
ves_eaa614fa7d3c,4CJ6Z8VXTUJC,Chaparral,280 OSX,2022,runabout,FRP,planing,22.66,5.41,1.73,13756,sterndrive,1,gasoline,139,True,none,False,trailered,good,79,2025-06-22,Atlantic Coast,2018-09-26T00:00:00,32822.81,0.63,60957.13,False
ves_948041ddf8f4,Y22LL0KH88DX,Boston Whaler,170 Montauk,1982,fishing,aluminum,planing,23.95,5.43,1.37,18362,outboard,1,gasoline,3174,False,none,False,dry_stack,fair,56,2022-11-08,Inland Lakes,2016-10-02T00:00:00,7545.64,0.85,82824.36,False
ves_17d9f1008917,BJNZE090BE0N,Lund,1975 Impact,1974,fishing,aluminum,planing,23.75,6.69,2.45,17992,inboard,1,gasoline,2027,True,none,False,trailered,fair,49,2021-06-22,Atlantic Coast,2025-10-17T00:00:00,4814.08,0.46,73117.91,False
ves_526953a35898,XW5TD1T0PGX6,Regal,LS4,1995,runabout,FRP,planing,15.64,3.66,2.45,5879,sterndrive,1,gasoline,1852,True,none,False,trailered,good,69,2019-05-28,Atlantic Coast,2012-10-20T00:00:00,6323.75,1.09,36946.68,False
ves_17788a2ca82d,8T62A06DMS77,Regal,28 Express,2006,runabout,FRP,planing,23.46,5.54,1.35,17465,sterndrive,1,gasoline,2061,True,none,False,trailered,good,78,2022-05-31,Maritimes,2023-11-26T00:00:00,16582.77,1.87,63855.18,False
ves_c80e5f0b0a67,PJP2VTCMJXSL,Harris,Solstice 230,1994,pontoon,aluminum,pontoon,18.59,4.63,1.09,6792,outboard,1,gasoline,1630,True,none,False,wet_slip,fair,57,2020-08-27,Atlantic Coast,2017-01-13T00:00:00,4735.67,1.13,35849.52,False
ves_aeb6e67e9a03,CJSMBGTAE4NR,HarborCat,36 Pilot,2002,workboat,FRP,planing,44.1,13.14,2.24,112667,inboard,2,diesel,2617,True,none,False,wet_slip,fair,58,2024-06-13,Pacific Coast,2021-12-17T00:00:00,56444.62,0.5,332305.5,False
ves_c25a9fcc45a3,D5X4ENRHBA2V,Harris,Cruiser 210,2022,pontoon,aluminum,pontoon,20.98,5.5,1.92,6512,outboard,1,gasoline,94,True,none,False,trailered,good,79,2021-08-31,Gulf Coast,2020-05-17T00:00:00,21840.03,0.52,42215.68,False
ves_c74eb9d7d925,22W7B5AP0DS1,Regal,26 XO,2020,runabout,FRP,planing,15.2,4.8,1.9,8688,sterndrive,1,gasoline,221,True,freshwater,False,wet_slip,good,69,2025-08-25,Atlantic Coast,2025-02-11T00:00:00,10882.04,0.67,35544.36,False
ves_14b4bf3e9666,4709L463J0A4,Boston Whaler,280 Vantage,2018,fishing,FRP,semi_displacement,20.41,5.91,3.05,17070,outboard,1,diesel,1432,True,none,False,wet_slip,good,72,2018-06-15,Gulf Coast,2022-04-22T00:00:00,23455.63,2.11,66716.81,False
ves_944a96a913cc,P8UET94CXXAV,Chaparral,23 SSi,2020,runabout,aluminum,planing,16.48,4.9,1.95,9528,outboard,1,gasoline,887,False,none,False,wet_slip,very_good,80,2020-03-01,Great Lakes,2012-06-30T00:00:00,18725.02,2.69,39637.89,False
ves_7b4c50d5da5a,EGYVYRTBAEM5,Carver,C34 Coupe,2020,cruiser,steel,semi_displacement,37.58,11.51,1.89,55927,inboard,1,diesel,427,True,none,False,wet_slip,very_good,84,2020-01-17,Maritimes,2016-02-03T00:00:00,139003.98,0.75,251828.31,False
ves_536aabb19ecf,9KJP57DYVE1D,Tiara,38 LS,2023,cruiser,steel,semi_displacement,25.94,6.95,2.75,25875,inboard,1,diesel,729,True,none,False,wet_slip,very_good,84,,Atlantic Coast,2017-04-08T00:00:00,113017.2,2.56,171020.77,False
ves_649401ed559f,NSA5KN2HDDK3,Tiara,44 Coupe,2022,cruiser,steel,semi_displacement,34.03,11.49,1.76,76173,sterndrive,2,diesel,703,True,none,False,wet_slip,good,70,,Maritimes,2024-01-06T00:00:00,134670.39,1.85,246646.4,False
ves_6f25757f02de,8ZGMT74UAAD1,Grady-White,257 Fisherman,2020,fishing,aluminum,semi_displacement,26.0,5.92,2.75,17806,inboard,1,diesel,1236,True,none,False,trailered,very_good,82,,Atlantic Coast,2014-02-22T00:00:00,37415.41,2.42,82599.89,False
ves_5aae80b402cf,TE97VAKNN34B,Boston Whaler,230 Outrage,1974,fishing,FRP,semi_displacement,21.07,6.73,2.27,17969,outboard,1,diesel,6054,False,none,False,trailered,poor,42,2022-08-20,Inland Lakes,2014-05-25T00:00:00,4180.57,1.37,69658.83,False
ves_e5d5030a3425,CYDRBUEPUA4E,Sea Ray,SDX 250,1998,cruiser,FRP,semi_displacement,39.36,12.76,3.62,78365,sterndrive,2,diesel,2308,True,none,False,wet_slip,good,72,2024-01-31,Gulf Coast,2015-03-23T00:00:00,66410.44,0.87,268057.3,False
ves_1a5c5a735e69,6PZ18W9AX8RT,Harris,Solstice 230,1992,pontoon,aluminum,pontoon,21.51,6.97,1.29,11227,outboard,1,gasoline,1586,False,none,False,trailered,fair,61,,Inland Lakes,2025-06-20T00:00:00,5678.72,1.04,43642.98,False
ves_65c3d8f5931b,JYUB6NWKCRG5,Catalina,275 Sport,1998,sailboat,FRP,displacement,41.07,11.22,4.03,93804,inboard,1,diesel,811,False,freshwater,False,wet_slip,good,75,,Inland Lakes,2015-07-31T00:00:00,50178.49,0.72,219309.31,False
ves_983791134165,X29UG3LSRL4B,Boston Whaler,280 Vantage,2010,fishing,FRP,semi_displacement,25.2,7.99,2.1,22342,inboard,1,diesel,398,False,none,False,trailered,good,76,2024-07-31,Inland Lakes,2017-10-21T00:00:00,23057.06,0.29,88667.78,False
ves_28baf3df18f4,PF0FF69KVK10,Formula,350 CBR,1983,cruiser,FRP,semi_displacement,41.1,13.64,5.21,92315,sterndrive,1,gasoline,1866,True,unknown,False,trailered,fair,53,2019-05-29,Pacific Coast,2018-04-08T00:00:00,40580.18,0.46,318260.45,True
ves_b44f3e90a246,LR7DC4XU5DU6,Bennington,20 SVL,2006,pontoon,aluminum,pontoon,13.6,3.5,2.13,2527,outboard,1,gasoline,1274,True,none,False,wet_slip,good,66,2024-04-30,Pacific Coast,2015-11-16T00:00:00,5501.59,1.42,26335.92,False
ves_900869a2fd54,P69EZEX8DW09,Sun Tracker,Party Barge 22 DLX,2005,pontoon,aluminum,pontoon,21.8,6.67,1.51,8370,outboard,1,gasoline,1327,True,none,False,wet_slip,fair,64,2020-12-14,Maritimes,2017-02-17T00:00:00,8119.63,1.4,40903.2,False
ves_ada9d862f2c0,HBYFGK1G9JB8,Bayliner,VR5,2022,runabout,aluminum,planing,13.82,3.5,1.62,4430,outboard,1,gasoline,191,False,none,False,wet_slip,excellent,93,2024-01-03,Inland Lakes,2025-09-25T00:00:00,17470.54,0.87,28756.18,False
ves_80e7473044a7,94W6CSXC38X6,Parker,2320 Sport Cabin,1998,workboat,aluminum,displacement,40.28,10.18,6.35,80491,inboard,1,diesel,12644,True,none,False,wet_slip,fair,64,2018-02-08,Pacific Coast,2014-06-06T00:00:00,47318.21,2.05,294070.41,False
ves_f58f932e9044,GXYYCX5CZJF7,Sun Tracker,Party Barge 22 DLX,1986,pontoon,aluminum,pontoon,22.31,7.37,1.56,8860,outboard,1,gasoline,1341,False,none,False,wet_slip,good,65,2023-08-01,Inland Lakes,2020-11-24T00:00:00,4785.54,0.74,42180.38,False
ves_5b65fa50957f,RXDN25HX2EC5,Bennington,20 SVL,1984,pontoon,aluminum,pontoon,23.59,6.51,1.46,8724,outboard,1,gasoline,6328,True,none,False,wet_slip,poor,22,2024-04-26,Maritimes,2015-10-16T00:00:00,3242.68,3.35,55386.89,False
ves_f453bbe5a216,R44WBE4PJX7P,Sun Tracker,Party Barge 22 DLX,2024,pontoon,aluminum,pontoon,26.0,7.79,2.11,16265,outboard,1,gasoline,101,False,none,False,trailered,excellent,98,,Inland Lakes,2014-09-16T00:00:00,40055.87,1.12,51873.28,False
ves_9f8f7eca22e5,JFY0WLRRMWF1,Sun Tracker,Bass Buggy 18 DLX,1978,pontoon,aluminum,pontoon,24.15,7.89,1.54,14049,outboard,1,gasoline,7307,True,none,False,wet_slip,poor,21,2025-08-09,Atlantic Coast,2017-07-12T00:00:00,2252.53,3.38,46963.3,False
ves_de702e8294cd,ZZVF8UH4E5AY,Sea Ray,SLX 260,2011,runabout,aluminum,planing,23.0,5.3,2.06,12713,outboard,1,gasoline,349,True,none,False,trailered,very_good,80,2024-08-27,Gulf Coast,2025-08-06T00:00:00,19106.11,0.42,62173.74,False
ves_f918ce2ef63c,TP85VBJJ2VSN,Alumacraft Pro,Trophy 195,2016,workboat,aluminum,semi_displacement,9.98,3.5,1.43,7921,inboard,1,diesel,2993,True,none,False,wet_slip,very_good,84,2025-05-16,Atlantic Coast,2025-04-01T00:00:00,14979.69,1.36,44743.23,False
ves_4b45868e7d8c,34EAJX2SUMCJ,Hunter,31,1978,sailboat,steel,displacement,20.05,5.64,3.07,23231,sail_aux,1,diesel,895,True,none,False,wet_slip,fair,58,,Pacific Coast,2023-01-08T00:00:00,13684.14,0.47,76633.35,False
ves_c270e6af9bb4,EXKWU2HUVBLP,Bayliner,Ciera 8,1983,runabout,FRP,planing,19.44,4.74,1.77,10413,sterndrive,1,gasoline,3839,True,none,False,trailered,fair,47,2020-12-15,Maritimes,2020-05-22T00:00:00,4236.52,1.62,45598.4,False
ves_a56188c856fd,EZ1YZLM851TF,Formula,350 CBR,2022,cruiser,steel,semi_displacement,33.84,7.68,2.42,44315,inboard,1,diesel,436,True,none,False,wet_slip,very_good,82,2023-08-01,Gulf Coast,2019-03-12T00:00:00,149677.6,1.15,244792.13,False
ves_927d3844adc9,RAW7SRET0U1F,Sun Tracker,Bass Buggy 18 DLX,2018,pontoon,aluminum,pontoon,25.56,7.84,2.03,13658,outboard,1,gasoline,857,False,none,False,wet_slip,good,79,2024-01-02,Great Lakes,2017-07-04T00:00:00,19041.45,2.38,50686.79,False
ves_a90b119ac16e,AVAXVS5844G9,Sea Ray,SPX 190,2012,cruiser,FRP,semi_displacement,20.13,4.48,2.55,17835,sterndrive,1,diesel,1291,True,none,False,wet_slip,very_good,89,2018-04-24,Gulf Coast,2021-07-14T00:00:00,44469.88,0.97,108437.77,False
ves_b0e6657553e4,3LGA8E6GC2X4,Bayliner,VR5,1968,runabout,FRP,planing,26.0,7.23,1.24,20546,sterndrive,1,gasoline,7109,False,none,False,trailered,poor,36,2020-01-12,Inland Lakes,2019-02-19T00:00:00,3428.95,2.23,67510.06,False
ves_06e5497cbbd0,A2CDMNDM94YY,Regal,28 Express,1974,runabout,FRP,planing,23.51,5.71,2.68,13574,outboard,1,gasoline,2386,True,none,False,trailered,fair,46,2023-10-30,Pacific Coast,2025-06-20T00:00:00,4483.68,0.83,64047.66,False
ves_1437bbefdc2f,24SPKJJJUCCX,Carver,C34 Coupe,2025,cruiser,FRP,semi_displacement,31.23,9.44,4.81,49162,sterndrive,2,gasoline,128,True,none,False,wet_slip,very_good,84,2024-12-16,Atlantic Coast,2020-09-07T00:00:00,164806.5,1.35,196176.95,False
ves_10e2bfe8d10b,TWPRGNRM0M1H,Jeanneau,Leader 10.5,2016,sailboat,FRP,displacement,37.36,11.91,4.4,96484,sail_aux,1,diesel,878,False,none,False,wet_slip,very_good,82,2023-09-13,Inland Lakes,2021-01-28T00:00:00,104982.25,2.19,216094.77,False
ves_f9583090fbc8,MT944NUMDZS4,Chaparral,21 SSI,2010,runabout,aluminum,planing,21.81,5.1,2.25,13214,outboard,1,gasoline,1002,True,none,False,trailered,good,70,2025-12-21,Maritimes,2015-09-18T00:00:00,15691.05,1.14,57870.96,False
ves_d94ac74c3011,20YEU81L0S9D,Bennington,24 LXSB,2002,pontoon,aluminum,pontoon,24.58,6.54,1.8,9382,outboard,1,gasoline,1106,True,none,False,wet_slip,good,66,,Pacific Coast,2016-07-19T00:00:00,10846.09,1.02,58539.51,False
ves_8836ee504ab8,4XRYP3JYSKVN,Grady-White,336 Canyon,2003,fishing,FRP,planing,14.72,4.94,0.82,10043,inboard,1,gasoline,1555,False,none,False,trailered,good,78,,Great Lakes,2017-03-08T00:00:00,8227.12,0.8,38309.2,False
ves_c63561364b6d,V3Y94SB3G2KV,Harris,Solstice 230,2025,pontoon,aluminum,pontoon,20.91,4.81,1.88,5382,outboard,1,gasoline,50,False,none,False,trailered,excellent,98,,Inland Lakes,2013-03-17T00:00:00,38061.99,1.11,42003.16,False
ves_e909fe2ed69f,SB8P7J1D7LAG,Boston Whaler,230 Outrage,2017,fishing,FRP,semi_displacement,26.0,8.16,3.68,30052,outboard,1,gasoline,719,True,none,False,trailered,excellent,97,2025-09-13,Maritimes,2019-10-01T00:00:00,37373.9,0.94,92511.88,False
ves_d5fe2f219092,52MXUKL1VZ2P,Harris,Solstice 230,1999,pontoon,aluminum,pontoon,20.22,4.96,1.06,7684,outboard,1,gasoline,777,True,none,False,wet_slip,good,66,2022-09-09,Pacific Coast,2021-08-08T00:00:00,6800.21,0.64,40159.18,False
ves_82fc6ca3d376,6F35B3RPYRHC,Bennington,22 SSB,2017,pontoon,aluminum,pontoon,26.0,7.45,2.1,12678,outboard,1,gasoline,701,True,none,False,wet_slip,good,69,2022-10-02,Pacific Coast,2023-07-16T00:00:00,19892.65,1.73,63150.08,False
ves_8b0572687cfa,P737PUGVCTFD,Parker,2320 Sport Cabin,2017,workboat,aluminum,displacement,15.78,5.0,2.46,15762,jet,1,gasoline,2320,False,none,False,trailered,very_good,83,2022-12-24,Great Lakes,2024-04-18T00:00:00,29832.17,1.17,82982.82,False
ves_0539ac092217,LCK33H2CECSV,Catalina,275 Sport,2015,sailboat,FRP,displacement,30.9,8.66,1.77,59769,inboard,0,diesel,153,True,none,False,trailered,good,78,2022-07-14,Pacific Coast,2022-08-27T00:00:00,68587.87,0.35,149361.47,False
ves_c5361a16737b,G8GP1DFX7GF8,Chaparral,21 SSI,2001,runabout,aluminum,planing,17.47,3.96,2.28,6719,outboard,1,gasoline,3382,True,none,False,wet_slip,fair,50,,Atlantic Coast,2023-04-16T00:00:00,7108.18,2.46,42914.73,False
ves_e32ff0ec040e,J6WXJ8EP4790,Bayliner,Element M17,1994,runabout,aluminum,planing,16.49,4.77,0.97,8425,sterndrive,1,gasoline,3803,True,freshwater,False,wet_slip,poor,35,2024-09-09,Atlantic Coast,2014-11-18T00:00:00,2868.0,2.16,36502.48,False
ves_bb2b5c194750,VDESFYPYD34M,Grady-White,257 Fisherman,2025,fishing,FRP,planing,26.0,5.74,1.28,21741,outboard,1,diesel,31,True,none,False,trailered,excellent,94,2022-02-14,Pacific Coast,2017-03-06T00:00:00,72512.67,0.36,82599.89,False
ves_6df1e8d89ecd,6UZ41V9RDB0G,Regal,28 Express,2010,runabout,aluminum,planing,19.21,4.85,1.62,8600,sterndrive,1,gasoline,704,False,none,False,wet_slip,good,77,2018-02-03,Inland Lakes,2012-08-21T00:00:00,13019.71,0.8,48783.46,True
ves_7b801831df3e,J020BT1A7BCF,Yamaha WaveRunner,FX HO,1973,PWC,composite,planing,10.88,4.35,1.03,793,jet,1,gasoline,4520,True,none,False,trailered,poor,40,2021-06-30,Maritimes,2019-04-19T00:00:00,1200.0,2.44,17656.59,False
ves_947bb7c10774,33DUG8JKA73L,Hunter,36,1993,sailboat,FRP,displacement,27.97,7.46,4.17,53673,sail_aux,1,diesel,1253,True,none,True,unknown,fair,53,,Maritimes,2021-07-31T00:00:00,15018.08,0.95,120097.1,False
ves_d111b23a8af5,NZWCAUFCU5HR,Harris,Cruiser 210,2016,pontoon,aluminum,pontoon,22.41,6.21,1.95,7591,outboard,1,gasoline,223,False,none,False,wet_slip,very_good,85,,Great Lakes,2017-07-11T00:00:00,15585.25,0.5,46147.62,False
ves_0fc731c23550,A4VH08C6SBJB,Jeanneau,Sun Odyssey 349,1985,sailboat,wood,displacement,36.27,10.62,1.7,86205,inboard,1,diesel,2090,False,none,False,wet_slip,good,76,,Great Lakes,2024-04-04T00:00:00,51375.93,1.27,207699.93,False
ves_50f0f7c3757b,36VJCMF9RB1R,Chaparral,21 SSI,2022,runabout,aluminum,planing,15.63,4.01,1.61,8530,sterndrive,1,gasoline,190,True,none,False,wet_slip,excellent,96,2020-10-05,Gulf Coast,2018-03-03T00:00:00,22965.77,0.86,36902.05,False
ves_46831467940c,2AXYXZ80WBUM,Harris,Cruiser 210,2015,pontoon,aluminum,pontoon,24.93,6.34,1.28,10759,outboard,1,gasoline,432,False,none,False,wet_slip,excellent,98,2023-05-05,Inland Lakes,2012-12-22T00:00:00,19434.4,0.87,53280.67,False
ves_58010e8d7e64,5U05CF2XK53F,Jeanneau,Leader 10.5,1973,sailboat,steel,displacement,30.31,8.89,2.14,63032,sail_aux,1,diesel,401,False,none,False,trailered,fair,46,2023-05-30,Great Lakes,2020-11-23T00:00:00,20928.27,0.19,162986.1,True
ves_033b01783a76,VUW68MXAVMSK,Lund,1875 Pro-V,2017,fishing,FRP,planing,16.12,3.72,1.61,8647,outboard,1,diesel,1137,False,none,False,trailered,good,79,2021-07-26,Inland Lakes,2020-04-09T00:00:00,15025.88,1.49,43328.95,False
ves_6f571e3e7489,6VB1M81ALUL0,Bayliner,Element M17,2003,runabout,FRP,planing,15.6,4.25,1.39,6327,outboard,1,gasoline,1044,True,freshwater,False,trailered,good,68,2022-06-29,Gulf Coast,2015-10-01T00:00:00,5255.2,0.83,33886.78,False
ves_2ae7e8993c0f,BJ42MF5LG8VL,Chaparral,21 SSI,2024,runabout,aluminum,planing,26.0,5.92,3.32,16501,outboard,1,gasoline,39,True,none,False,wet_slip,excellent,98,2022-11-23,Atlantic Coast,2022-10-11T00:00:00,57808.14,0.35,73380.5,False
ves_82c5ea4a9bae,ZCPHRL9CWZAM,Catalina,355,2009,sailboat,wood,displacement,25.2,5.76,3.83,33247,sail_aux,1,diesel,1130,False,none,False,wet_slip,good,72,2024-08-12,Great Lakes,2022-07-02T00:00:00,43617.81,1.66,113387.6,False
ves_38226190808f,Y4G1KMY1U8E9,Bayliner,Element M17,1997,runabout,FRP,planing,24.56,7.98,1.1,22319,outboard,1,gasoline,1903,False,none,False,trailered,very_good,81,2018-01-30,Great Lakes,2017-08-17T00:00:00,12733.99,1.19,62499.58,False
ves_39f02ac96b72,EVY1V5VS5AHV,Boston Whaler,230 Outrage,2004,fishing,FRP,planing,25.87,8.03,1.09,23280,inboard,1,gasoline,1537,False,none,False,wet_slip,fair,60,2020-01-13,Inland Lakes,2017-12-24T00:00:00,16950.74,0.82,91896.55,False
ves_87e45b73d152,BLFX7D3EDKJS,Regal,26 XO,1994,runabout,aluminum,planing,23.87,7.2,1.55,17539,sterndrive,1,gasoline,618,False,none,False,wet_slip,good,65,2024-08-16,Inland Lakes,2024-05-03T00:00:00,9588.76,0.35,65387.31,True
ves_2cdc3083ef5c,J1V903R8FFVK,Formula,350 CBR,2007,cruiser,steel,planing,48.44,12.74,5.48,114468,sterndrive,2,gasoline,1607,True,none,False,wet_slip,very_good,85,2025-03-23,Pacific Coast,2018-11-26T00:00:00,138969.16,0.89,397332.15,False
ves_143799ef0b6f,1PJ7TG8N83YE,Bayliner,DX2000,2023,runabout,aluminum,planing,19.84,5.0,1.38,10882,outboard,1,gasoline,113,False,none,False,wet_slip,very_good,87,,Great Lakes,2018-03-31T00:00:00,29042.03,0.68,46854.2,False
ves_beace1231a63,EK8MUXZRS802,Catalina,355,2025,sailboat,FRP,displacement,27.13,6.01,1.59,36498,inboard,1,diesel,35,False,none,False,wet_slip,excellent,97,2021-11-22,Inland Lakes,2018-11-06T00:00:00,119588.45,0.88,125263.65,False
ves_0d0cefd66acc,BW3JXA3J3X1Y,Parker,2820 XLD,2009,workboat,steel,planing,11.87,3.87,1.74,9137,jet,1,gasoline,6906,True,none,False,trailered,good,73,2024-09-05,Pacific Coast,2023-06-06T00:00:00,13849.87,1.85,56479.48,False
ves_8cf4cb759054,JEJHW40AMKNV,Regal,LS4,2020,runabout,aluminum,planing,20.67,4.56,0.85,11599,outboard,1,gasoline,605,True,none,False,trailered,very_good,83,2023-01-03,Maritimes,2014-10-28T00:00:00,26120.41,1.83,53826.35,False
ves_0e120c431b05,JFV5KSN5KDUX,Grady-White,191 CE,2000,fishing,aluminum,semi_displacement,18.32,4.42,2.69,11228,inboard,1,gasoline,1286,True,none,False,dry_stack,good,69,2018-09-28,Maritimes,2024-06-15T00:00:00,9265.12,0.58,51491.7,False
ves_b725bdb3cf7c,JKBDV9UJ1TPP,Formula,290 BR,2003,cruiser,steel,planing,41.8,12.89,6.1,89076,sterndrive,1,gasoline,2645,True,none,False,wet_slip,good,66,2025-04-10,Pacific Coast,2021-02-15T00:00:00,86049.01,1.21,325647.12,False
ves_5a3aa9601b4f,4JB03UDHNKT0,Grady-White,336 Canyon,1976,fishing,FRP,semi_displacement,24.69,7.17,1.5,22750,outboard,1,gasoline,2937,True,none,False,trailered,fair,48,,Pacific Coast,2023-10-17T00:00:00,5318.1,0.69,77043.04,False
ves_de336f28b074,DP9CVTEDVDUS,Catalina,275 Sport,2002,sailboat,steel,displacement,51.02,14.41,5.78,179546,inboard,1,diesel,2195,True,none,False,wet_slip,fair,60,2025-05-10,Atlantic Coast,2024-06-16T00:00:00,86729.93,2.29,293874.06,False
ves_2f176fb833ce,CAG2X1V5H85T,Tracker,Grizzly 1860,1979,fishing,FRP,semi_displacement,13.78,3.5,1.55,5443,outboard,1,diesel,2695,True,none,False,trailered,fair,54,2023-10-26,Pacific Coast,2025-01-30T00:00:00,2622.19,0.67,32241.64,False
ves_176eb4b7bf6a,4HF715ZNNL3E,Bayliner,Ciera 8,2019,runabout,FRP,planing,16.78,4.55,1.78,9659,outboard,1,gasoline,456,False,none,False,dry_stack,very_good,86,,Inland Lakes,2015-03-16T00:00:00,17359.78,1.18,37375.96,False
ves_870c86a00eb6,SS9LVL12KG67,Jeanneau,Sun Odyssey 349,2015,sailboat,wood,displacement,17.17,5.72,2.46,17659,inboard,1,diesel,139,True,none,False,trailered,excellent,95,2021-12-09,Maritimes,2018-05-17T00:00:00,40211.35,0.32,75669.25,False
ves_e5ca82f5baca,6M714RTXE0DL,Harris,Solstice 230,1966,pontoon,aluminum,pontoon,23.28,5.85,2.2,8535,outboard,1,gasoline,1696,False,none,True,wet_slip,poor,42,2024-04-05,Great Lakes,2018-09-19T00:00:00,1260.85,0.63,48559.33,False
ves_3f60328a9531,L7776HH9VJXJ,Regal,LS4,2011,runabout,FRP,planing,25.64,7.29,3.45,17370,outboard,1,gasoline,856,False,none,True,dry_stack,good,78,,Inland Lakes,2015-02-09T00:00:00,11949.19,1.04,72006.32,False
ves_109a48302a2b,DZ757G4H7G10,Formula,290 BR,2017,cruiser,FRP,planing,35.25,11.17,3.56,67347,inboard,2,gasoline,588,True,none,False,wet_slip,excellent,91,2018-06-05,Pacific Coast,2016-02-23T00:00:00,126609.51,0.69,258739.46,False
ves_ecc738851a2e,VJ10N6NMJFET,Tracker,Pro Team 175,2008,fishing,FRP,semi_displacement,23.3,7.39,3.17,17684,inboard,1,diesel,163,True,none,False,trailered,good,73,,Pacific Coast,2020-06-03T00:00:00,14345.93,0.11,65526.18,True
ves_428bace3c095,CGCE2K3AB9CJ,Kawasaki Jet Ski,Ultra 310LX,2026,PWC,composite,planing,11.23,4.07,0.85,1037,jet,1,gasoline,0,True,none,False,wet_slip,excellent,98,2022-05-05,Maritimes,2016-11-21T00:00:00,17496.42,0.0,16453.28,False
ves_6ae11456935f,V27FT1S931VS,Tracker,Pro Team 175,1984,fishing,aluminum,semi_displacement,14.78,3.55,0.81,6736,inboard,1,diesel,2891,False,none,False,wet_slip,fair,51,2024-10-26,Inland Lakes,2022-05-25T00:00:00,3231.5,0.81,35463.72,False
ves_f3dcec582845,JVACCKB2DFW1,Chaparral,21 SSI,2019,runabout,aluminum,planing,25.37,6.42,3.78,17499,outboard,1,gasoline,177,True,none,False,wet_slip,good,72,2020-06-10,Atlantic Coast,2025-07-01T00:00:00,28994.7,0.46,70984.34,False
ves_ebf8ab37dbae,P1NAFDDCDSE5,Boston Whaler,230 Outrage,2021,fishing,FRP,semi_displacement,24.56,5.93,2.69,18855,outboard,1,gasoline,372,False,none,False,trailered,excellent,98,,Inland Lakes,2014-03-16T00:00:00,48026.31,0.88,85650.72,False
ves_f156360990ff,RDTR534FS32L,Bayliner,Element M17,1981,runabout,FRP,planing,24.64,6.7,1.56,20793,sterndrive,1,gasoline,1794,False,none,False,trailered,fair,53,2019-01-21,Great Lakes,2013-12-02T00:00:00,5919.66,0.72,62770.61,False
ves_5ff429a1177a,ZREFCZPSA48N,HarborCat,36 Pilot,2003,workboat,aluminum,displacement,36.76,9.0,2.89,56142,jet,2,gasoline,8324,False,none,False,wet_slip,good,72,,Great Lakes,2015-11-06T00:00:00,52728.29,1.65,259952.4,False
ves_1ffab5b25de0,G2847G9872JP,Bennington,24 LXSB,1994,pontoon,aluminum,pontoon,18.08,5.08,2.06,7184,outboard,1,gasoline,1307,True,none,False,wet_slip,fair,63,,Gulf Coast,2016-09-18T00:00:00,5460.49,0.91,38673.07,False
ves_b920f9e2bed0,M444599AN52F,SafeBoat,25 Defender,2001,workboat,FRP,planing,8.0,3.5,0.5,4733,inboard,1,gasoline,3306,True,none,False,wet_slip,fair,57,2024-03-31,Pacific Coast,2017-01-10T00:00:00,5406.05,0.6,33172.69,False
ves_0de68a1d93da,81VBN0BXBEVH,Yamaha WaveRunner,VX Cruiser,2018,PWC,FRP,planing,10.96,4.36,1.23,838,jet,1,gasoline,230,True,none,False,dry_stack,very_good,89,2019-04-07,Gulf Coast,2016-01-02T00:00:00,5526.94,0.82,17832.09,False
ves_002b5a30c44e,CD0CAMTUM58Z,Chaparral,23 SSi,2007,runabout,FRP,planing,20.76,6.88,2.45,16324,sterndrive,1,gasoline,2332,True,none,False,wet_slip,fair,59,2021-03-22,Pacific Coast,2015-07-04T00:00:00,11944.79,2.23,54152.6,False
ves_b8636365e013,LB2ZKMLRN3PH,Sea-Doo,GTI 130,2026,PWC,FRP,planing,11.6,4.26,0.99,805,jet,1,gasoline,0,True,none,False,wet_slip,excellent,98,2022-12-10,Maritimes,2013-04-24T00:00:00,20472.59,0.0,19252.01,False
ves_8c3bbf3d24dd,50S7VBX8FUW2,Sea Ray,SDX 250,2000,runabout,aluminum,planing,22.69,5.25,2.07,13420,sterndrive,1,gasoline,519,True,none,False,trailered,good,68,,Atlantic Coast,2012-06-27T00:00:00,12020.84,0.36,61065.43,False
ves_ec0f107e10d3,3Z9NU9NVRZ4L,Tracker,Targa V-18,1969,fishing,aluminum,semi_displacement,26.0,8.43,3.14,22656,inboard,1,diesel,3038,True,none,False,trailered,fair,54,2021-03-20,Pacific Coast,2016-07-20T00:00:00,4578.53,0.63,75991.9,False
ves_ca6cf696a97e,L3PTWS4YCZBW,Beneteau,Oceanis 31,2009,sailboat,wood,displacement,34.44,8.52,5.02,72007,sail_aux,1,diesel,137,True,none,True,wet_slip,fair,50,2023-04-18,Atlantic Coast,2018-09-25T00:00:00,32138.32,0.2,193611.64,False
ves_b870a2217aac,C65R8KXUZASB,Formula,350 CBR,1998,cruiser,FRP,semi_displacement,38.96,11.74,4.84,79686,inboard,1,gasoline,363,True,none,False,unknown,fair,63,2023-10-30,Gulf Coast,2024-06-20T00:00:00,61541.94,0.14,296102.65,True
ves_7526cc29e600,J6TRR8YNFGHK,Boston Whaler,230 Outrage,2010,fishing,FRP,planing,22.42,5.73,1.24,15595,inboard,1,gasoline,1137,True,saltwater,False,trailered,fair,62,2025-04-20,Gulf Coast,2020-07-13T00:00:00,7691.92,0.84,75722.92,False
ves_c1e29a2093c7,08RNZZVYFT4C,Carver,C40 Command Bridge,2024,cruiser,steel,semi_displacement,37.45,8.51,3.36,59786,sterndrive,2,diesel,95,False,none,False,wet_slip,excellent,98,2025-06-15,Inland Lakes,2024-01-29T00:00:00,209654.19,0.5,250632.6,False
ves_5ae5c07def7d,36NS5T1GJFX7,Sun Tracker,Party Barge 22 DLX,2019,pontoon,aluminum,pontoon,20.37,6.37,1.07,9946,outboard,1,gasoline,519,True,none,False,wet_slip,very_good,81,2024-10-27,Gulf Coast,2017-06-28T00:00:00,15466.78,1.65,37321.87,False
ves_8154ce3f29d6,AD4RF4SBSYE4,Alumacraft Pro,205 Bay,1990,workboat,steel,semi_displacement,21.7,6.0,1.28,30122,outboard,1,diesel,2587,True,none,False,wet_slip,fair,59,2024-03-27,Maritimes,2014-10-23T00:00:00,15289.49,0.33,127571.42,False
ves_36c83a4a38f7,URCW9ZFVKDK0,HarborCat,26 WB,2004,workboat,steel,planing,26.58,7.7,3.19,31791,jet,1,gasoline,4367,True,none,False,trailered,good,79,,Gulf Coast,2020-06-16T00:00:00,37478.65,0.9,167807.69,False
ves_8988269e45fc,HYVBVTNFNWS4,Boston Whaler,170 Montauk,2016,fishing,FRP,planing,25.21,7.87,2.07,21728,inboard,1,gasoline,650,True,none,False,dry_stack,good,79,2025-04-24,Gulf Coast,2017-07-15T00:00:00,28404.15,0.76,88728.6,False
ves_fbf640b9aa61,1YE5PL9H4KFD,Sea Ray,SPX 190,1990,runabout,aluminum,planing,18.35,5.81,1.35,10657,sterndrive,1,gasoline,2220,False,none,False,wet_slip,fair,55,2024-08-10,Great Lakes,2014-08-07T00:00:00,5801.28,1.12,45856.18,False
ves_5eadcc076503,958A5VZF0NDT,Boston Whaler,230 Outrage,2025,fishing,FRP,semi_displacement,21.9,6.78,2.32,14576,inboard,1,gasoline,65,False,none,False,wet_slip,excellent,97,2019-09-11,Inland Lakes,2019-09-29T00:00:00,65983.76,0.76,73388.93,False
ves_46ea65620c61,252DSDUAPU36,Grady-White,336 Canyon,1989,fishing,aluminum,planing,26.0,8.79,2.24,29169,outboard,1,gasoline,3747,False,none,False,trailered,fair,57,2020-05-21,Great Lakes,2018-02-01T00:00:00,9391.46,1.19,82599.89,False
ves_8c52e9a06e7e,1DGWLKAGSL0S,Boston Whaler,170 Montauk,2004,fishing,aluminum,planing,16.32,5.23,1.17,11808,outboard,1,gasoline,5959,False,none,False,trailered,good,74,2022-11-17,Great Lakes,2021-12-29T00:00:00,10514.81,3.19,49340.03,False
ves_f601ce1b5200,7S1A69W847MC,Regal,LS4,1996,runabout,aluminum,planing,22.88,6.12,2.69,13742,sterndrive,1,gasoline,3138,False,none,False,trailered,fair,58,,Inland Lakes,2024-12-06T00:00:00,9679.86,1.9,61734.44,False
ves_149260f81f73,XGMP6A0FHFTW,Regal,LS4,2025,runabout,aluminum,planing,25.22,7.14,3.82,22999,sterndrive,1,gasoline,53,True,none,False,wet_slip,very_good,84,2019-03-24,Atlantic Coast,2017-10-11T00:00:00,57411.56,0.96,70420.94,False
ves_13f50f51b205,993K4SZ2GJ21,Chaparral,23 SSi,2008,runabout,aluminum,planing,20.89,5.22,3.09,10305,outboard,1,gasoline,3254,True,none,False,dry_stack,fair,56,2024-09-21,Gulf Coast,2016-01-04T00:00:00,11998.85,3.29,54628.92,False
ves_f462b0afdac1,V1EWW21M84PP,Harris,Solstice 230,2008,pontoon,aluminum,pontoon,20.29,5.67,1.06,6231,outboard,1,gasoline,817,False,none,False,wet_slip,excellent,98,,Great Lakes,2025-11-15T00:00:00,11924.4,1.01,40330.8,False
ves_13a31a3a133e,P3T7BT1X1197,Tracker,Grizzly 1860,2019,fishing,FRP,semi_displacement,17.58,4.93,1.09,11776,outboard,1,diesel,1720,True,none,False,dry_stack,good,76,2021-04-20,Maritimes,2025-05-27T00:00:00,17734.32,2.89,44809.79,False
ves_0b13cd24abb7,KHL7D1YRUECT,Regal,28 Express,2012,runabout,aluminum,planing,25.67,6.98,2.52,16528,outboard,1,gasoline,540,False,none,False,trailered,good,75,,Inland Lakes,2024-10-09T00:00:00,21802.47,0.7,72126.1,False
ves_b0bbf2499a00,2D7Y5T7V5DXL,Tracker,Grizzly 1860,2025,fishing,aluminum,planing,26.0,6.0,3.92,19967,outboard,1,diesel,53,True,none,False,wet_slip,excellent,96,2019-06-27,Maritimes,2022-11-13T00:00:00,67786.61,0.62,75991.9,False
ves_b23628cb52ca,X3SG3NGL60Z5,Chaparral,280 OSX,2018,runabout,aluminum,planing,22.64,5.01,1.45,10356,outboard,1,gasoline,429,False,none,True,trailered,fair,63,2018-05-08,Great Lakes,2021-11-24T00:00:00,11626.31,0.97,60868.37,False
ves_875254c78d5f,LDHPA8E48ZNL,Carver,C40 Command Bridge,2017,cruiser,steel,semi_displacement,39.5,8.82,2.74,67619,inboard,2,gasoline,810,True,none,False,wet_slip,excellent,93,2021-08-19,Pacific Coast,2023-04-25T00:00:00,133959.77,0.95,269313.44,False
ves_d2ddac28ca2a,S7LZV0Y9RY3S,Grady-White,336 Canyon,2025,fishing,FRP,planing,16.65,4.69,2.48,9905,inboard,1,diesel,75,True,none,False,wet_slip,excellent,94,,Maritimes,2012-06-26T00:00:00,39713.81,0.88,45238.39,False
ves_970a8aafe4c2,EMXET83MGMN2,SafeBoat,25 Defender,1993,workboat,aluminum,semi_displacement,23.86,7.85,1.3,36182,jet,1,diesel,12506,False,none,False,trailered,fair,63,2022-12-22,Inland Lakes,2025-01-20T00:00:00,19868.37,1.72,145000.16,False
ves_3e97c3124f05,2YC4W06JUCMG,Sea Ray,SDX 250,2006,runabout,aluminum,planing,20.33,5.26,3.12,10267,sterndrive,1,gasoline,859,False,none,False,trailered,excellent,97,2020-10-02,Inland Lakes,2015-07-22T00:00:00,16070.1,0.78,52632.02,False
ves_43cc189749a8,H7RVAMWJLLUG,Boston Whaler,170 Montauk,2003,fishing,aluminum,semi_displacement,20.72,5.77,2.67,12294,outboard,1,gasoline,2459,True,none,False,dry_stack,good,78,2024-07-02,Atlantic Coast,2014-02-10T00:00:00,14626.18,1.26,68106.1,False
ves_9ffddde3ab52,LVUKBLUS0AW5,Beneteau,First 27,2026,sailboat,wood,displacement,24.34,8.08,3.08,44514,sail_aux,1,diesel,0,True,none,False,wet_slip,excellent,91,2023-01-07,Maritimes,2016-08-31T00:00:00,121812.87,0.0,121170.67,False
ves_5f962bac20c4,6CXWJWXFD9M1,Grady-White,257 Fisherman,2018,fishing,FRP,semi_displacement,15.69,4.9,0.82,9297,outboard,1,diesel,1053,False,none,False,wet_slip,very_good,82,2023-11-14,Great Lakes,2024-03-08T00:00:00,16122.84,1.55,41769.34,False
ves_0181da0274fe,4MLZRR1FTFEN,Tiara,44 Coupe,2023,cruiser,steel,semi_displacement,40.08,12.33,3.58,65111,inboard,1,gasoline,113,False,freshwater,False,wet_slip,excellent,95,2019-06-28,Great Lakes,2025-07-11T00:00:00,160527.26,0.4,307720.06,False
ves_26c9bede2992,RSTP70G14TC9,Beneteau,Oceanis 41.1,1981,sailboat,FRP,displacement,40.11,12.96,3.81,130895,sail_aux,1,diesel,1106,True,none,False,trailered,fair,47,2020-03-23,Atlantic Coast,2016-02-22T00:00:00,39474.14,0.61,237882.44,False
ves_5fee81c96d41,L0U7AS44VXPX,Carver,C40 Command Bridge,1989,cruiser,steel,planing,45.03,10.43,4.37,68013,inboard,1,diesel,1175,True,none,False,wet_slip,fair,50,2022-02-18,Gulf Coast,2023-09-26T00:00:00,45902.39,0.33,321458.07,True
ves_04e3a82f201c,21445T6B3G6B,Catalina,445,2015,sailboat,wood,displacement,17.69,4.76,2.36,18864,sail_aux,0,diesel,332,True,none,False,trailered,very_good,89,2022-11-01,Pacific Coast,2016-03-04T00:00:00,35593.83,0.75,70353.8,False
ves_8f436e8c2d92,AYE94BG18VTM,Bennington,24 LXSB,1972,pontoon,aluminum,pontoon,22.15,6.48,1.48,8015,outboard,1,gasoline,177,False,none,False,dry_stack,poor,42,,Great Lakes,2021-04-22T00:00:00,2645.51,0.07,50876.84,True
ves_c5eadcdf4a87,R8YWCJTM4E7L,Boston Whaler,230 Outrage,1977,fishing,aluminum,semi_displacement,26.0,8.11,3.95,26145,inboard,1,gasoline,3417,True,none,False,wet_slip,fair,53,,Atlantic Coast,2018-06-19T00:00:00,7001.53,0.82,92511.88,False
ves_677181350214,3SVS3D1NX9ZR,Sea Ray,SDX 250,2015,cruiser,FRP,semi_displacement,29.39,7.9,2.53,34182,sterndrive,1,diesel,757,False,none,False,wet_slip,good,79,2025-03-24,Great Lakes,2025-06-19T00:00:00,73167.25,0.72,180692.21,False
ves_775be56f85af,86Z17DP1X3KD,Formula,350 CBR,2025,cruiser,FRP,semi_displacement,32.65,9.18,1.88,58608,inboard,1,gasoline,193,False,none,False,wet_slip,excellent,98,2018-02-01,Great Lakes,2021-07-14T00:00:00,220058.57,2.03,233322.69,False
ves_dc6db99d50c1,3F7D5RH5WUZ6,Tiara,44 Coupe,2005,cruiser,steel,planing,29.65,7.6,4.37,28996,sterndrive,1,gasoline,1851,True,none,False,wet_slip,good,74,2021-02-04,Atlantic Coast,2015-07-16T00:00:00,61638.9,0.93,204843.09,False
ves_9c7b45f99279,VSV9YJZN56TB,Hunter,36,1992,sailboat,wood,displacement,36.52,9.97,1.66,82256,inboard,1,diesel,444,True,none,False,wet_slip,good,67,2022-12-21,Atlantic Coast,2020-07-04T00:00:00,44824.46,0.33,172138.86,False
ves_aa143a31d2f0,7PPDDCCUC302,Boston Whaler,230 Outrage,2008,fishing,aluminum,planing,24.87,6.77,3.44,18749,inboard,1,diesel,2741,True,none,False,trailered,good,70,2022-06-22,Pacific Coast,2017-11-18T00:00:00,20129.39,1.79,87121.75,False
ves_66a9cdb39314,4CACT6BFEDSW,Carver,C40 Command Bridge,2022,cruiser,steel,semi_displacement,25.71,5.8,3.09,28250,sterndrive,1,diesel,386,True,freshwater,False,wet_slip,very_good,81,2021-05-31,Atlantic Coast,2012-10-09T00:00:00,65824.02,1.02,150863.22,False
ves_0ce417e06dc8,WW754F9398AU,Sea-Doo,GTI 130,2009,PWC,composite,planing,11.6,3.84,0.82,769,jet,1,gasoline,783,True,none,False,wet_slip,fair,62,2025-03-03,Maritimes,2015-07-16T00:00:00,2855.4,1.32,19252.01,False
ves_3fe055c3fd3c,LRRAMM84VBXU,Sea Ray,Sundancer 320,2005,cruiser,steel,planing,31.04,9.87,2.76,40286,inboard,2,diesel,3312,True,none,False,wet_slip,fair,61,2017-12-21,Pacific Coast,2015-02-06T00:00:00,51232.72,1.66,194551.23,False
ves_7445dd72b070,SPFT69YLT6WW,Tiara,38 LS,2013,cruiser,FRP,planing,18.1,5.93,1.0,17070,sterndrive,1,gasoline,384,False,none,False,trailered,very_good,89,2020-12-20,Inland Lakes,2023-01-06T00:00:00,44221.12,0.31,105168.81,False
ves_b794db39d4b5,3W87WGPFP0E9,Regal,28 Express,2011,runabout,FRP,planing,18.76,5.85,2.98,14440,outboard,1,gasoline,580,True,none,False,wet_slip,very_good,81,,Gulf Coast,2021-09-04T00:00:00,14642.08,0.7,47218.42,False
ves_9f7dac19bdf7,DWEL1Y0H16ZM,Sea Ray,Sundancer 320,2012,runabout,aluminum,planing,26.0,8.39,3.93,29582,outboard,1,gasoline,928,True,none,False,wet_slip,fair,63,2019-01-17,Gulf Coast,2021-01-24T00:00:00,19649.51,1.21,73380.5,False
ves_3e059717aa3f,WLG06SDGME9X,Harris,Cruiser 210,2011,pontoon,aluminum,pontoon,24.72,7.06,1.7,10858,outboard,1,gasoline,1154,False,none,False,trailered,very_good,80,2024-02-02,Great Lakes,2022-06-03T00:00:00,14647.16,1.71,52676.58,False
ves_0ea73d7202de,CNDWVA55FGD3,Tracker,Pro Team 175,2014,fishing,aluminum,planing,15.85,4.2,1.91,8115,outboard,1,diesel,1459,True,none,False,trailered,very_good,85,2023-07-10,Atlantic Coast,2017-10-21T00:00:00,12388.28,1.43,38949.7,False
ves_5ab789d1290c,GK3UYKD3WFGB,Bennington,24 LXSB,1980,pontoon,aluminum,pontoon,18.04,4.84,1.42,6248,outboard,1,gasoline,1163,True,none,False,wet_slip,fair,59,2019-05-27,Gulf Coast,2016-06-26T00:00:00,3423.69,0.56,38560.55,False
ves_6f5a662ffc9a,JKF8Z2L11KBN,Sea-Doo,GTI 130,1976,PWC,FRP,planing,12.24,3.96,1.1,913,jet,1,gasoline,2054,True,none,False,trailered,fair,51,,Maritimes,2019-10-25T00:00:00,1200.0,1.17,20699.64,False
ves_23cb6e6b441b,C6UY8JTN6HKZ,Harris,Solstice 230,2026,pontoon,aluminum,pontoon,19.86,4.88,1.06,7709,outboard,1,gasoline,0,True,none,False,wet_slip,excellent,96,2025-09-08,Maritimes,2023-11-29T00:00:00,41017.92,0.0,39184.11,False
ves_eb0fe8659983,ZW7T52YCBTF9,Grady-White,191 CE,1998,fishing,FRP,planing,12.08,3.5,0.56,6212,inboard,1,gasoline,2574,True,none,False,wet_slip,good,71,2021-05-02,Atlantic Coast,2012-10-13T00:00:00,5071.87,1.08,29338.39,False
ves_01c77c75e221,51Z4SEP1D3JJ,Sun Tracker,Party Barge 22 DLX,2004,pontoon,aluminum,pontoon,26.0,6.96,1.49,11901,outboard,1,gasoline,373,True,none,False,wet_slip,good,74,,Pacific Coast,2012-08-15T00:00:00,11054.67,0.38,51873.28,False
ves_00c67ce40e4f,YHTXSLVWEHT6,Regal,28 Express,1988,runabout,FRP,planing,22.19,5.76,1.0,16058,sterndrive,1,gasoline,2254,False,none,False,trailered,fair,54,2023-09-14,Great Lakes,2013-04-03T00:00:00,6976.07,1.08,59248.18,False
ves_72190f8e5523,T923Y1KL0MLL,Tiara,38 LS,2019,cruiser,FRP,planing,35.35,11.95,5.43,67871,sterndrive,1,gasoline,830,True,none,False,wet_slip,very_good,83,2025-12-09,Gulf Coast,2013-11-09T00:00:00,133807.71,1.25,259679.99,False
ves_9dd2a555612b,89B2UXR7UUX7,Beneteau,Oceanis 31,2013,sailboat,FRP,displacement,41.59,11.55,3.53,121611,inboard,1,diesel,559,False,none,False,wet_slip,good,77,2021-06-08,Great Lakes,2018-05-20T00:00:00,109212.74,1.07,249845.65,False
ves_ab802da53c4a,FEV1L45XHH84,Chaparral,280 OSX,2012,runabout,aluminum,planing,22.31,6.71,2.59,13759,sterndrive,1,gasoline,769,True,none,False,wet_slip,good,74,2022-12-05,Atlantic Coast,2020-02-15T00:00:00,17873.75,1.0,59697.14,False
ves_70a9efbe9d60,DPZ9MDH2NCFX,Grady-White,257 Fisherman,2010,fishing,FRP,semi_displacement,10.82,3.5,0.55,4302,outboard,1,diesel,1940,True,none,False,wet_slip,excellent,90,,Gulf Coast,2012-12-24T00:00:00,7447.57,1.43,25302.22,False
ves_951f9338aaa8,DF9CUAPNWAEY,Lund,1975 Impact,2022,fishing,aluminum,planing,25.99,6.01,4.08,15204,outboard,1,diesel,255,True,none,False,wet_slip,good,77,2018-09-07,Maritimes,2020-12-22T00:00:00,41931.9,0.75,82565.54,False
ves_1d9fb489cc98,C48U2J8JDYP2,Boston Whaler,230 Outrage,2001,fishing,aluminum,semi_displacement,23.8,6.03,1.13,15715,inboard,1,diesel,4039,True,none,False,wet_slip,good,65,,Atlantic Coast,2019-03-10T00:00:00,14611.28,1.9,82117.36,False
ves_be9d8283c72a,PSB86YXJFL1M,Sun Tracker,Bass Buggy 18 DLX,2024,pontoon,aluminum,pontoon,24.66,5.62,1.6,9922,outboard,1,gasoline,32,False,none,False,dry_stack,very_good,88,2018-10-01,Great Lakes,2016-07-17T00:00:00,34391.24,0.36,48307.97,False
ves_c5657800e576,G9E6700EKUWG,Regal,LS4,2008,runabout,aluminum,planing,15.17,4.15,1.07,6491,sterndrive,1,gasoline,3032,False,none,False,wet_slip,very_good,86,2019-08-23,Inland Lakes,2019-01-04T00:00:00,10504.07,3.06,35468.12,False
ves_90f22f7c29d9,7B0XWTPWR478,Harris,Cruiser 210,2005,pontoon,aluminum,pontoon,18.02,4.36,1.8,5041,outboard,1,gasoline,1279,True,none,False,wet_slip,fair,63,2025-08-13,Atlantic Coast,2023-08-10T00:00:00,6752.03,1.35,34379.12,False
ves_7b8c03fc6fed,DHHYT66RVTSE,Boston Whaler,230 Outrage,1989,fishing,FRP,semi_displacement,11.88,3.5,0.92,5025,inboard,1,gasoline,2481,True,none,False,wet_slip,fair,50,2025-06-16,Pacific Coast,2020-01-03T00:00:00,3360.99,0.79,32143.32,False
ves_9281768d9c00,06PXKSK00ZBZ,Tiara,44 Coupe,2021,cruiser,steel,semi_displacement,41.68,10.14,2.72,57980,sterndrive,2,diesel,309,True,saltwater,False,wet_slip,fair,58,2022-05-05,Pacific Coast,2014-12-28T00:00:00,66072.04,0.65,324422.98,False
ves_88fe541fb61c,W5AWB6GT25GT,Formula,290 BR,1977,cruiser,FRP,semi_displacement,28.92,6.83,3.39,28919,inboard,1,diesel,4969,True,none,False,wet_slip,fair,53,2018-09-06,Gulf Coast,2014-11-03T00:00:00,23619.65,1.07,198004.06,False
ves_32a057fda115,N1GBE6ZBCG5C,Tiara,44 Coupe,1985,cruiser,steel,planing,48.14,14.35,2.6,118465,sterndrive,1,gasoline,966,True,none,False,wet_slip,good,68,2025-09-28,Pacific Coast,2017-04-18T00:00:00,67770.0,0.25,394028.48,False
ves_05659b3bbdd9,S452SZN48S0Z,Lund,1650 Angler,2015,fishing,aluminum,planing,15.61,3.86,1.11,6981,outboard,1,diesel,2331,True,none,False,dry_stack,good,74,,Maritimes,2014-01-25T00:00:00,12292.28,2.49,41468.03,False
ves_9f77e0bf980d,6WL8WR42RX73,Bennington,20 SVL,2008,pontoon,aluminum,pontoon,21.09,5.58,1.97,8932,outboard,1,gasoline,1481,False,none,False,trailered,very_good,88,2019-04-05,Great Lakes,2015-12-27T00:00:00,12972.76,1.83,47591.12,False
ves_660e7430c4b5,1B9MYM3S7TEK,Sea Ray,SPX 190,1983,cruiser,FRP,planing,14.02,3.92,1.68,8390,sterndrive,1,gasoline,4143,False,none,False,wet_slip,fair,59,,Great Lakes,2014-07-13T00:00:00,9884.0,1.01,66515.03,False
ves_2b2afcaf46d7,FG8KYW2X5TU1,Beneteau,First 27,2006,sailboat,FRP,displacement,40.54,9.59,3.76,100640,sail_aux,1,diesel,67,False,none,False,wet_slip,good,71,,Inland Lakes,2017-07-17T00:00:00,79650.32,0.08,241341.92,True
ves_d0884dd46c76,KDPGP549WGU8,Tiara,38 LS,2002,cruiser,steel,semi_displacement,44.06,10.27,3.86,75607,inboard,1,diesel,730,True,none,False,wet_slip,good,67,2022-03-28,Atlantic Coast,2024-02-03T00:00:00,83760.81,0.32,349636.61,True
ves_1bd721e73eeb,ANA972V67CA3,Bayliner,DX2000,2026,runabout,aluminum,planing,16.6,5.31,0.91,9569,sterndrive,1,gasoline,0,True,none,False,dry_stack,very_good,85,2021-08-30,Maritimes,2015-01-20T00:00:00,35210.0,0.0,36849.82,False
ves_121807fff930,2DWG91RCRL1W,Grady-White,257 Fisherman,2019,fishing,aluminum,planing,26.0,8.62,3.65,24967,inboard,1,gasoline,281,False,none,False,trailered,excellent,98,2020-02-27,Inland Lakes,2018-07-10T00:00:00,39467.58,0.47,82599.89,False
ves_618f1053418c,C8ARWJYH5DHE,Sea Ray,SLX 260,2008,cruiser,steel,planing,37.23,9.26,5.0,58031,inboard,2,gasoline,1570,True,none,False,wet_slip,good,73,,Gulf Coast,2017-07-05T00:00:00,79870.48,0.92,248640.48,False
ves_1bee130a9e83,JYL2AJMH4B96,Bennington,22 SSB,2018,pontoon,aluminum,pontoon,18.64,5.47,1.57,5658,outboard,1,gasoline,776,False,none,False,wet_slip,good,78,2021-07-25,Great Lakes,2017-08-30T00:00:00,15001.48,2.16,40302.05,False
ves_995cef12248e,7WYT1PZHBLFW,Tiara,38 LS,2017,cruiser,FRP,planing,32.38,8.0,3.24,39701,sterndrive,2,gasoline,1218,False,none,False,wet_slip,excellent,94,,Inland Lakes,2024-11-01T00:00:00,115672.6,1.42,230675.25,False
ves_d45c27a19d44,6G88F8BNCZ39,Catalina,445,2018,sailboat,FRP,displacement,16.0,3.89,0.76,14595,inboard,1,diesel,144,False,none,False,wet_slip,excellent,98,,Great Lakes,2015-10-04T00:00:00,37680.59,0.45,61416.21,False
ves_b1d81e5eabd9,51TH62664DA1,Catalina,355,2013,sailboat,wood,displacement,26.25,8.75,2.34,48347,sail_aux,1,diesel,422,False,none,False,wet_slip,excellent,98,2023-05-07,Inland Lakes,2019-08-13T00:00:00,62653.27,0.81,119838.44,False
ves_78f6f59944a0,5Y8TYHAWUCW5,Regal,LS4,1971,runabout,FRP,planing,21.14,5.99,2.9,15659,outboard,1,gasoline,1519,True,none,False,wet_slip,poor,38,,Gulf Coast,2021-01-07T00:00:00,3177.37,0.5,55493.99,False
ves_d81e2358feed,73HGGD772W50,Jeanneau,Leader 10.5,2021,sailboat,wood,displacement,33.93,9.5,5.0,76895,sail_aux,1,diesel,260,False,none,False,dry_stack,good,75,2022-09-04,Inland Lakes,2019-05-22T00:00:00,111015.31,1.3,189817.05,False
ves_d0edebfeb04c,A9T1Z3A41M3E,Carver,C34 Coupe,2008,cruiser,FRP,semi_displacement,47.23,15.58,5.89,129947,sterndrive,1,gasoline,2533,True,none,False,wet_slip,good,73,,Gulf Coast,2020-12-28T00:00:00,110126.31,1.48,342828.28,False
ves_df875c9f7491,R86M5EFD5SZH,Sun Tracker,Party Barge 22 DLX,1970,pontoon,aluminum,pontoon,17.85,4.82,1.53,6967,outboard,1,gasoline,1227,True,none,False,wet_slip,poor,39,2021-10-22,Pacific Coast,2022-12-22T00:00:00,1465.79,0.49,31231.33,True
ves_581b13001b68,RTU1B2B1TRA2,Sun Tracker,Bass Buggy 18 DLX,2016,pontoon,aluminum,pontoon,18.01,5.22,1.25,5812,outboard,1,gasoline,629,True,freshwater,False,wet_slip,good,74,2019-06-02,Pacific Coast,2018-03-07T00:00:00,6947.82,1.4,31591.35,False
ves_0af067039a1b,TTYV7YSGHATL,Carver,C40 Command Bridge,2007,cruiser,steel,semi_displacement,24.64,6.04,1.91,22482,inboard,1,gasoline,806,True,none,False,trailered,good,72,,Atlantic Coast,2017-10-08T00:00:00,44188.84,0.45,142425.47,False
ves_f994c5b4d5b6,52BMCRJLHSE7,Grady-White,257 Fisherman,1967,fishing,aluminum,planing,26.0,7.49,1.53,28050,inboard,1,gasoline,4779,True,none,False,wet_slip,fair,58,,Gulf Coast,2025-02-14T00:00:00,4909.7,0.95,82599.89,False
ves_b957287370cc,ETLW03MH72WW,Hunter,31,2004,sailboat,wood,displacement,32.75,8.94,4.85,58194,sail_aux,1,diesel,870,False,none,False,wet_slip,excellent,93,2018-03-08,Great Lakes,2023-04-26T00:00:00,62365.51,0.99,148613.47,False
ves_b78c654673ad,KLAF80W0UE2U,Boston Whaler,170 Montauk,2024,fishing,FRP,semi_displacement,22.45,6.62,1.05,17781,inboard,1,gasoline,124,True,none,False,trailered,good,76,2025-10-16,Atlantic Coast,2014-01-03T00:00:00,48520.5,0.73,75861.63,False
ves_d21814701a73,5TULDR2D7YVN,Sun Tracker,Bass Buggy 18 DLX,1996,pontoon,aluminum,pontoon,19.65,4.94,1.76,6728,outboard,1,gasoline,582,True,none,False,trailered,good,67,2019-08-16,Atlantic Coast,2021-05-14T00:00:00,5558.54,0.43,35547.99,False
ves_f117515dd79f,J28EUY9G6AG0,Regal,28 Express,2008,runabout,FRP,planing,24.28,7.43,2.92,22822,outboard,1,gasoline,474,True,none,False,dry_stack,good,68,2023-06-17,Gulf Coast,2024-11-24T00:00:00,15403.98,0.48,66907.5,True
ves_a2c0088dd3e6,RK5AUN7Y9LGY,Sea Ray,SDX 250,2006,cruiser,steel,planing,30.67,8.59,2.54,40213,sterndrive,2,gasoline,1213,False,none,False,wet_slip,fair,61,2023-05-11,Inland Lakes,2013-11-17T00:00:00,47546.61,0.64,191408.37,True
ves_1ca350ff1abd,WHWMW6S3L1JZ,Parker,2320 Sport Cabin,1980,workboat,aluminum,displacement,31.41,10.24,3.25,75423,jet,1,diesel,23218,True,none,False,wet_slip,fair,51,2020-11-15,Maritimes,2024-02-07T00:00:00,16990.08,2.29,210228.29,False
ves_f293f290366a,YW68L107HY2W,Bennington,24 LXSB,2025,pontoon,aluminum,pontoon,23.92,5.47,2.11,7162,outboard,1,gasoline,160,False,none,False,trailered,good,78,2018-12-19,Inland Lakes,2020-11-22T00:00:00,43155.61,3.56,56433.68,False
ves_3153aba74c90,VAE3Z7R73JVL,Beneteau,Oceanis 41.1,2002,sailboat,FRP,displacement,37.86,9.74,2.91,94555,sail_aux,1,diesel,1665,True,none,False,trailered,good,69,2025-06-20,Maritimes,2016-10-18T00:00:00,71414.4,1.73,220007.84,False
ves_55d3be6ebf3c,GYK6SGH6MM2W,Tracker,Targa V-18,1992,fishing,FRP,planing,15.46,4.66,1.39,10791,outboard,1,gasoline,1495,True,none,False,wet_slip,good,73,2025-05-15,Maritimes,2024-05-31T00:00:00,5545.56,0.52,37660.03,False
ves_ff0cad37e5df,LLSX3377FZSB,Chaparral,21 SSI,2003,runabout,FRP,planing,23.96,6.29,1.1,17267,outboard,1,gasoline,2198,True,none,False,trailered,good,78,,Gulf Coast,2022-02-08T00:00:00,15593.12,1.74,65698.98,False
ves_2ad334c6cfb0,W63EWWK598SX,Chaparral,21 SSI,1971,runabout,FRP,planing,22.28,7.15,0.98,14589,outboard,1,gasoline,1458,True,none,False,wet_slip,poor,39,2021-03-07,Atlantic Coast,2018-10-04T00:00:00,3461.19,0.48,59576.49,False
ves_83317cec5862,RNWR2BUXPMZM,Regal,28 Express,1982,runabout,FRP,planing,20.46,6.92,2.18,19000,sterndrive,1,gasoline,4179,False,none,False,dry_stack,fair,51,2023-01-10,Great Lakes,2014-05-18T00:00:00,5035.24,1.73,53091.98,False
ves_3536dd8fc369,4WGMKV7TB0N6,Tracker,Pro Team 175,2019,fishing,FRP,planing,18.64,5.32,1.93,13085,inboard,1,gasoline,800,True,none,False,wet_slip,very_good,86,2023-06-13,Maritimes,2022-05-13T00:00:00,21005.52,1.34,48504.51,False
ves_b7338382fe0a,8DUDUKKWY2WE,Bayliner,DX2000,2010,runabout,aluminum,planing,21.72,5.21,2.79,14112,outboard,1,gasoline,139,True,none,False,dry_stack,fair,60,2020-01-14,Atlantic Coast,2024-02-16T00:00:00,11890.67,0.16,52957.4,True
ves_70ad65763074,ZBZRWTE7HY8X,Bennington,24 LXSB,2010,pontoon,aluminum,pontoon,23.42,6.0,1.02,8322,outboard,1,gasoline,462,True,none,False,trailered,very_good,82,,Atlantic Coast,2017-11-11T00:00:00,15066.53,0.64,54839.01,False
ves_350a8b4c5483,04SXJAA64EXC,Harris,Cruiser 210,1975,pontoon,aluminum,pontoon,18.62,6.06,1.08,8219,outboard,1,gasoline,3857,False,none,False,wet_slip,fair,45,2025-03-12,Great Lakes,2019-05-29T00:00:00,2313.39,1.68,35913.82,False
ves_ee1126f1abfe,CCGCFV3GDPK8,Regal,26 XO,2005,runabout,aluminum,planing,17.91,5.36,2.06,11864,outboard,1,gasoline,649,True,none,False,trailered,fair,63,,Gulf Coast,2014-05-17T00:00:00,9630.28,0.56,44367.97,False
ves_6d3872f7a7d5,FZ3CZC1Y2L17,Harris,Cruiser 210,2017,pontoon,aluminum,pontoon,26.0,6.5,1.27,13223,outboard,1,gasoline,354,False,none,False,wet_slip,excellent,98,2022-01-28,Inland Lakes,2021-12-10T00:00:00,22957.78,0.87,56384.0,False
ves_66c531d2c110,RBRD250GTZVP,Harris,Cruiser 210,2013,pontoon,aluminum,pontoon,19.72,5.56,0.84,8663,outboard,1,gasoline,552,False,none,False,dry_stack,excellent,93,2020-03-30,Great Lakes,2016-08-28T00:00:00,12810.94,0.94,38808.37,False
ves_1f760dc6f338,WZ4CZ02PWSF9,Grady-White,336 Canyon,2008,fishing,FRP,semi_displacement,23.32,6.67,1.55,14937,inboard,1,diesel,1220,False,none,False,wet_slip,excellent,94,2021-04-06,Great Lakes,2024-10-18T00:00:00,20425.82,0.8,71310.73,False
ves_12afff1c6336,SBNG187GL3G0,Alumacraft Pro,205 Bay,2006,workboat,aluminum,displacement,36.65,12.18,2.19,72551,outboard,1,gasoline,2477,True,none,False,wet_slip,good,69,2020-08-15,Maritimes,2019-07-17T00:00:00,55772.61,0.56,258901.21,False
ves_911ff0278ea7,CP826S97JW1G,Sun Tracker,Party Barge 22 DLX,2025,pontoon,aluminum,pontoon,24.9,6.25,1.11,9138,outboard,1,gasoline,49,True,none,False,wet_slip,excellent,90,2017-12-15,Maritimes,2017-02-07T00:00:00,41568.89,1.09,48928.33,False
ves_6594095c2442,8UG53XU31K98,Sea Ray,SPX 190,1982,runabout,FRP,planing,17.33,4.88,1.22,9165,outboard,1,gasoline,803,True,none,False,wet_slip,fair,61,,Atlantic Coast,2021-07-11T00:00:00,4520.13,0.33,42430.14,False
ves_6fc2d67b4e24,C0165GM0F0CT,Grady-White,257 Fisherman,2009,fishing,aluminum,planing,21.18,6.84,3.25,20766,inboard,1,gasoline,945,False,none,False,trailered,fair,63,,Inland Lakes,2023-08-07T00:00:00,12760.33,0.65,62635.28,True
ves_7ec0570fd716,VU8C1N3FXJ72,Alumacraft Pro,Trophy 195,2018,workboat,aluminum,semi_displacement,24.04,5.75,2.28,31287,outboard,1,gasoline,4075,True,none,False,trailered,very_good,80,2020-07-22,Maritimes,2018-08-25T00:00:00,55556.54,2.32,146544.03,False
ves_5c69a6ebabc1,CREHCK11HTHS,Beneteau,Oceanis 41.1,2013,sailboat,FRP,displacement,15.44,3.52,1.48,11665,sail_aux,1,diesel,1668,True,none,False,trailered,good,69,2021-11-29,Gulf Coast,2013-01-08T00:00:00,26511.65,3.21,65545.72,False
ves_348b42aedb21,83PVECRTFUFN,Boston Whaler,280 Vantage,2022,fishing,FRP,planing,24.94,5.84,1.04,16306,outboard,1,diesel,670,True,none,False,wet_slip,good,72,,Pacific Coast,2024-04-29T00:00:00,42334.42,1.97,87439.48,False
ves_9057f4df20fa,903AUD16GV96,Harris,Cruiser 210,1994,pontoon,aluminum,pontoon,11.15,3.5,0.99,2437,outboard,1,gasoline,1205,False,none,False,trailered,good,66,2025-08-06,Great Lakes,2014-01-30T00:00:00,2620.19,0.84,17977.91,False
ves_e30d9ec0adc5,6UBRP5TT5ARS,Chaparral,23 SSi,2022,runabout,aluminum,planing,16.61,3.67,2.34,7337,sterndrive,1,gasoline,233,False,none,False,unknown,excellent,98,2025-06-01,Great Lakes,2023-07-03T00:00:00,25338.42,1.06,40078.92,False
ves_b5b3e33bd889,CZ82SFCFB2YV,Formula,350 CBR,1982,cruiser,FRP,planing,46.64,10.51,2.17,76650,inboard,2,diesel,625,True,none,False,wet_slip,poor,40,2025-04-18,Pacific Coast,2016-10-05T00:00:00,39606.08,0.15,377529.66,True
ves_671000fade89,U9TE6AS2GBD6,Tiara,38 LS,2009,cruiser,FRP,semi_displacement,38.49,9.93,3.39,61065,inboard,2,diesel,1773,True,none,False,wet_slip,good,68,2018-11-25,Atlantic Coast,2015-05-20T00:00:00,91280.41,1.1,291266.83,False
ves_32a6384b4500,E5G4DCUBLFUV,Chaparral,280 OSX,2003,runabout,aluminum,planing,25.8,7.86,2.55,20063,outboard,1,gasoline,1152,False,freshwater,False,trailered,good,70,,Great Lakes,2019-04-21T00:00:00,11489.77,0.91,72608.85,False
ves_36b819fe3faa,7BPR0SADWM12,Bayliner,DX2000,2006,runabout,aluminum,planing,24.86,6.27,3.39,17513,sterndrive,1,gasoline,1250,True,none,False,trailered,good,71,2024-10-21,Gulf Coast,2018-02-01T00:00:00,15432.47,1.14,63539.44,False
ves_3009ef41b328,NZ1YSK716FTF,Sea Ray,SLX 260,1970,runabout,aluminum,planing,20.11,5.72,0.92,10814,outboard,1,gasoline,4465,True,none,False,wet_slip,fair,45,2024-04-27,Pacific Coast,2020-06-23T00:00:00,3179.29,1.45,51886.78,False
ves_6d6e1a6b1508,JHH1JYB2N0T2,Boston Whaler,230 Outrage,1970,fishing,aluminum,semi_displacement,17.41,4.07,1.55,7105,outboard,1,diesel,8950,True,none,False,trailered,poor,42,2019-03-20,Atlantic Coast,2019-02-10T00:00:00,2864.68,1.88,53818.65,False
ves_5dc6f85a5f5f,G22K0XJDYBM1,Lund,1650 Angler,2006,fishing,FRP,semi_displacement,19.98,6.36,2.64,13032,inboard,1,gasoline,2300,False,none,False,trailered,good,68,2018-03-24,Inland Lakes,2024-09-08T00:00:00,12340.12,1.35,57867.71,False
ves_9798acdeba9d,9FJFRAD9JNW1,Chaparral,23 SSi,2025,runabout,FRP,planing,17.64,4.96,1.94,10475,outboard,1,gasoline,42,True,none,False,trailered,good,75,2019-01-14,Maritimes,2013-01-15T00:00:00,32640.21,0.76,43464.21,False
ves_5e404df64bfe,S30X3EJJEJJB,Bennington,20 SVL,1975,pontoon,aluminum,pontoon,17.99,5.31,2.1,7463,outboard,1,gasoline,1785,True,none,False,unknown,poor,43,,Maritimes,2016-09-05T00:00:00,2407.68,0.78,38399.85,False
ves_de9bde14bca2,49NXE364UASK,Regal,LS4,2009,runabout,FRP,planing,21.56,6.11,2.59,17322,outboard,1,gasoline,691,False,none,False,wet_slip,very_good,86,2023-05-09,Great Lakes,2020-11-02T00:00:00,17390.14,0.74,56984.24,False
ves_f0e20685fba4,TXLMXM3TTWUS,Tiara,38 LS,2017,cruiser,FRP,planing,27.8,7.68,3.11,42440,inboard,1,diesel,594,True,none,False,wet_slip,excellent,93,2019-06-28,Maritimes,2016-04-06T00:00:00,93413.97,0.69,187799.95,False
ves_3af305b0ffdc,YXZD1L77DLZG,Sea Ray,Sundancer 320,2007,cruiser,FRP,planing,32.53,9.64,1.93,60953,inboard,2,diesel,1650,True,none,False,wet_slip,very_good,84,2025-01-27,Maritimes,2022-06-26T00:00:00,71864.99,0.91,207272.46,False
ves_8462e51cb1d2,AMXZ86R6NZ8X,Sea Ray,SLX 260,2009,runabout,aluminum,planing,24.24,7.4,1.55,19681,outboard,1,gasoline,1401,True,none,False,trailered,good,65,2020-01-10,Maritimes,2018-02-15T00:00:00,16689.95,1.5,66763.88,False
ves_541e23b193db,Z264GGL0VLPP,Sea Ray,SPX 190,1984,runabout,aluminum,planing,23.8,7.47,3.19,21403,sterndrive,1,gasoline,5588,True,saltwater,False,trailered,poor,15,2024-05-13,Maritimes,2025-03-16T00:00:00,1641.09,2.42,65107.17,False
ves_255a992f7973,C7NFL5R4ZVZK,Carver,C34 Coupe,2020,cruiser,FRP,planing,27.97,7.21,1.51,39001,sterndrive,1,gasoline,322,False,none,False,wet_slip,excellent,92,,Inland Lakes,2021-10-07T00:00:00,99835.46,0.56,169019.67,False
ves_049e353f2de3,P2XELXZYFBB0,Bayliner,Ciera 8,2017,runabout,FRP,planing,15.24,3.54,1.93,6264,sterndrive,1,gasoline,397,True,none,False,wet_slip,very_good,88,,Atlantic Coast,2024-01-30T00:00:00,13477.22,0.8,32812.03,False
ves_faf594349a5f,XCKRANUKUN6Y,Bayliner,Ciera 8,2004,runabout,aluminum,planing,26.0,6.52,3.2,20260,outboard,1,gasoline,713,False,none,False,unknown,good,78,2023-05-01,Great Lakes,2021-04-20T00:00:00,16510.94,0.59,67510.06,False
ves_57e346e2d943,WASPAT0UTEB1,Sun Tracker,Party Barge 22 DLX,1991,pontoon,aluminum,pontoon,26.0,6.41,1.88,13024,outboard,1,gasoline,5582,True,none,False,dry_stack,poor,32,2018-06-12,Pacific Coast,2023-08-29T00:00:00,4465.49,3.54,51873.28,False
ves_7deccb1d003c,LAJVGHZAXB33,Lund,1975 Impact,2015,fishing,aluminum,semi_displacement,26.0,8.22,2.32,23144,outboard,1,gasoline,855,True,none,False,trailered,excellent,93,2021-05-25,Gulf Coast,2023-09-05T00:00:00,28952.95,0.91,82599.89,False
ves_ceeda31dbf35,SZUDW82MYN0C,Carver,C34 Coupe,2024,cruiser,steel,semi_displacement,31.25,8.84,4.27,37528,inboard,2,gasoline,362,True,none,False,wet_slip,good,72,2022-08-14,Atlantic Coast,2023-07-03T00:00:00,130872.44,1.91,196285.37,False
ves_61b6fbee91f6,BTZ9A7H4EWJM,Regal,26 XO,1980,runabout,aluminum,planing,20.54,5.19,2.93,13115,outboard,1,gasoline,768,True,none,False,wet_slip,poor,35,2023-05-12,Gulf Coast,2020-12-14T00:00:00,3521.57,0.3,53386.02,True
ves_7c39a90be574,N5RBWY63K5TX,Boston Whaler,230 Outrage,2004,fishing,aluminum,planing,22.43,5.02,3.24,12855,inboard,1,diesel,3095,True,none,False,unknown,good,72,2018-05-25,Maritimes,2023-07-23T00:00:00,15842.56,1.66,75796.05,False
ves_2147f7f403aa,DA9NU64EJ9RA,Sea Ray,SPX 190,2017,runabout,aluminum,planing,20.54,5.88,2.38,13312,sterndrive,1,gasoline,192,True,none,False,wet_slip,good,69,2021-10-24,Pacific Coast,2014-10-09T00:00:00,18396.47,0.39,53373.94,False
ves_5839fca68438,ZK90929GTS62,Grady-White,191 CE,1985,fishing,aluminum,planing,21.82,6.3,2.01,19385,inboard,1,diesel,8742,False,none,False,trailered,poor,43,2020-07-31,Great Lakes,2020-06-12T00:00:00,5519.17,2.51,65210.41,False
ves_a78c73c01656,52L4J1YVRW5Z,Chaparral,23 SSi,2026,runabout,aluminum,planing,23.5,6.82,1.98,15798,sterndrive,1,gasoline,0,False,none,False,wet_slip,excellent,93,2025-07-17,Inland Lakes,2013-02-24T00:00:00,65410.22,0.0,64008.43,False
ves_00f77c01076c,3E17WPWC8PD5,Sea Ray,SLX 260,2022,runabout,FRP,planing,19.29,4.49,2.35,7846,sterndrive,1,gasoline,292,True,none,False,trailered,very_good,88,2022-04-30,Pacific Coast,2023-09-12T00:00:00,28590.38,1.33,49051.21,False
ves_734c857e8220,ASN3YJYCMRFJ,Tiara,38 LS,2009,cruiser,FRP,planing,50.79,17.12,5.28,162399,inboard,1,gasoline,845,True,none,False,wet_slip,excellent,95,2022-11-10,Pacific Coast,2017-01-31T00:00:00,169277.17,0.52,423587.49,False
ves_4b418f67df21,8EV4YCSZX0Z5,Lund,1975 Impact,2010,fishing,aluminum,planing,15.81,5.35,1.37,11509,inboard,1,gasoline,676,True,none,False,unknown,very_good,83,2020-08-15,Atlantic Coast,2024-12-13T00:00:00,11695.73,0.5,42193.66,False
ves_8222a19408a0,2HLGSFK7A3XB,SafeBoat,25 Defender,2020,workboat,aluminum,semi_displacement,27.98,7.18,4.39,43090,inboard,1,gasoline,3280,True,none,False,dry_stack,fair,61,2020-10-03,Atlantic Coast,2016-01-29T00:00:00,66192.85,2.48,179808.0,False
ves_1123a93dc009,00XYYDJ3PY4A,Sea Ray,Sundancer 320,1990,cruiser,FRP,planing,28.68,7.14,1.74,27952,sterndrive,1,diesel,1295,False,none,False,wet_slip,good,69,,Great Lakes,2014-09-07T00:00:00,34428.29,0.38,174869.89,False
ves_0f55e64c3b26,CBMS21K4BMMK,Harris,Cruiser 210,2005,pontoon,aluminum,pontoon,16.84,3.7,2.11,4348,outboard,1,gasoline,1743,False,none,False,trailered,good,78,2021-06-02,Inland Lakes,2024-07-01T00:00:00,7151.13,1.84,31359.73,False
ves_a87b739534ad,TWC647LH1MEN,Sun Tracker,Party Barge 22 DLX,1999,pontoon,aluminum,pontoon,19.18,6.45,1.75,8381,outboard,1,gasoline,1272,True,none,False,trailered,fair,64,2023-09-08,Gulf Coast,2020-07-24T00:00:00,5702.61,1.05,34392.82,False
ves_62113617c2e7,CDJK9R65UM6D,Formula,290 BR,2005,cruiser,FRP,planing,28.79,8.76,3.38,38103,inboard,1,gasoline,1571,True,none,False,wet_slip,good,79,,Atlantic Coast,2018-10-24T00:00:00,62063.07,0.79,196802.04,False
ves_bb01b2ba7011,FL3DVT3309XJ,Tracker,Pro Team 175,2004,fishing,aluminum,planing,21.85,5.47,2.28,14073,inboard,1,gasoline,2473,False,none,False,wet_slip,good,70,,Inland Lakes,2019-10-27T00:00:00,12317.56,1.32,60108.52,False
ves_13c4e29fd9c8,T78TA5AU3X76,Sun Tracker,Party Barge 22 DLX,1974,pontoon,aluminum,pontoon,21.14,5.87,1.31,7158,outboard,1,gasoline,1158,False,unknown,False,dry_stack,fair,48,2020-10-21,Great Lakes,2015-08-13T00:00:00,2549.56,0.49,39219.22,False
ves_4ad1b53769dd,E1TH5BAYN8E4,Carver,C40 Command Bridge,1995,cruiser,FRP,semi_displacement,48.63,15.46,6.63,111841,inboard,2,gasoline,1078,False,none,False,wet_slip,good,71,2017-12-16,Great Lakes,2025-02-22T00:00:00,81183.12,0.37,356699.76,False
ves_2cb339f5971e,NHMTJ0S0UF2B,Grady-White,257 Fisherman,1966,fishing,FRP,planing,26.0,5.85,1.34,22290,inboard,1,diesel,2651,True,none,False,trailered,poor,36,2020-02-26,Maritimes,2023-12-28T00:00:00,3575.08,0.52,82599.89,False
ves_b6cab66da5b8,0LC76GD7VDVR,Harris,Cruiser 210,1984,pontoon,aluminum,pontoon,19.62,5.54,2.02,6852,outboard,1,gasoline,701,False,none,False,wet_slip,fair,53,,Great Lakes,2020-11-05T00:00:00,3599.42,0.37,38550.94,False
ves_d33cc9a631b2,AD7DG80BMA0D,Tracker,Grizzly 1860,2004,fishing,aluminum,semi_displacement,26.0,6.62,2.84,20029,inboard,1,diesel,150,False,none,False,trailered,good,75,,Inland Lakes,2022-07-23T00:00:00,15042.09,0.08,75991.9,True
ves_c93605c9b798,6YR4X5WTLZK1,Boston Whaler,170 Montauk,2013,fishing,FRP,planing,22.3,6.68,1.57,20423,outboard,1,gasoline,624,True,none,False,wet_slip,good,78,2023-01-05,Gulf Coast,2020-02-09T00:00:00,21803.41,0.56,75212.7,False
ves_5ca0849ba709,NS6R54251H1A,Sea Ray,Sundancer 320,2025,cruiser,steel,semi_displacement,34.3,9.11,3.46,56497,inboard,2,gasoline,81,True,none,False,dry_stack,very_good,84,,Atlantic Coast,2013-12-31T00:00:00,187029.36,0.85,222629.87,False
ves_1f765ced0d17,Y92LVCZ5TTYB,Lund,1975 Impact,1971,fishing,FRP,semi_displacement,17.83,5.79,1.13,10610,inboard,1,gasoline,6556,True,none,False,trailered,poor,24,,Pacific Coast,2013-03-22T00:00:00,2042.71,1.4,49628.51,False
ves_6ba26e94e580,ET349XRLESZ3,Bennington,22 SSB,2013,pontoon,aluminum,pontoon,24.81,6.06,1.92,10909,outboard,1,gasoline,2374,False,none,False,wet_slip,fair,58,2018-04-04,Inland Lakes,2023-04-02T00:00:00,14007.76,4.06,59287.97,False
ves_ad4c9d34f541,8JAYYVL7GKEV,Harris,Cruiser 210,2016,pontoon,aluminum,pontoon,18.37,5.79,1.01,6813,outboard,1,gasoline,667,True,none,False,trailered,very_good,89,,Atlantic Coast,2015-05-04T00:00:00,12330.94,1.48,35285.64,False
ves_3ac34629d88f,MFT4F6M8YDUZ,Sea-Doo,RXT-X 300,2007,PWC,composite,planing,12.33,4.36,1.26,972,jet,1,gasoline,390,True,saltwater,False,wet_slip,fair,60,2020-09-15,Gulf Coast,2022-08-29T00:00:00,1260.04,0.59,20905.38,False
ves_e23709e59874,SUAHJP3AY4M6,Harris,Solstice 230,2002,pontoon,aluminum,pontoon,20.97,7.08,1.91,10741,outboard,1,gasoline,569,True,none,False,dry_stack,very_good,83,2025-04-02,Atlantic Coast,2018-06-05T00:00:00,9195.77,0.53,42173.41,False
ves_1f00b73f888b,4Z3HE032JJSD,Carver,C34 Coupe,1987,cruiser,steel,semi_displacement,27.91,6.37,3.09,28161,inboard,1,gasoline,3150,False,none,False,wet_slip,good,65,2023-04-24,Great Lakes,2015-06-15T00:00:00,29538.2,0.85,168517.55,False
ves_d16d221e6bc1,M8E3LVW6Z3NE,Sea Ray,SLX 260,2011,runabout,aluminum,planing,26.0,6.96,1.12,23514,outboard,1,gasoline,691,True,none,False,trailered,very_good,86,2021-02-03,Pacific Coast,2023-07-14T00:00:00,23778.62,0.84,73380.5,False
ves_1ca7c0321667,1RZ4XVFBLMYJ,Sea Ray,SLX 260,2026,runabout,FRP,planing,19.64,4.5,1.99,8607,sterndrive,1,gasoline,0,False,none,False,wet_slip,excellent,96,2021-07-12,Great Lakes,2024-03-09T00:00:00,52608.22,0.0,50256.23,False
ves_015d28c81504,5CYKCSFRL6FL,Alumacraft Pro,Trophy 195,2007,workboat,steel,semi_displacement,30.02,9.38,4.23,62753,jet,2,gasoline,8372,True,none,False,wet_slip,good,76,2022-10-25,Maritimes,2021-03-10T00:00:00,47001.23,2.0,197768.77,False
ves_7e674ed938ab,M7K61BSKA975,Tiara,38 LS,2020,cruiser,steel,semi_displacement,28.51,8.7,1.88,37786,sterndrive,1,diesel,771,False,none,False,wet_slip,very_good,86,,Great Lakes,2013-04-22T00:00:00,109132.2,1.35,194305.46,False
ves_441d38ebcfac,07SY4MNJ58CD,Bayliner,DX2000,2014,runabout,FRP,planing,19.03,5.14,1.92,11538,outboard,1,gasoline,216,True,none,False,wet_slip,very_good,81,,Gulf Coast,2020-03-06T00:00:00,15033.19,0.33,44307.11,False
ves_8770cfe8fc2b,WLTCKYYYV3R5,Tracker,Targa V-18,2004,fishing,FRP,planing,15.1,4.89,1.96,9866,outboard,1,gasoline,1320,True,none,False,dry_stack,good,65,,Gulf Coast,2015-08-13T00:00:00,7105.94,0.71,36499.05,False
ves_7279d34867d4,Y1AWU9T48RPM,Harris,Solstice 230,2020,pontoon,aluminum,pontoon,21.94,5.37,0.89,9104,outboard,1,gasoline,280,True,none,False,wet_slip,very_good,89,,Gulf Coast,2021-11-22T00:00:00,21576.76,1.04,44834.64,False
ves_a5d3fb38fa24,UL3UC83BXPDF,Harris,Solstice 230,1990,pontoon,aluminum,pontoon,26.0,7.65,1.4,13034,outboard,1,gasoline,541,False,none,False,trailered,fair,57,2022-07-09,Great Lakes,2023-01-02T00:00:00,6077.52,0.33,56384.0,True
ves_7eb922229eb7,DXECBH0PP6UN,Alumacraft Pro,205 Bay,2023,workboat,FRP,planing,35.07,11.02,4.86,90737,inboard,1,gasoline,320,False,none,False,trailered,excellent,98,2019-11-12,Great Lakes,2018-07-30T00:00:00,160526.39,0.48,243955.79,False
ves_d0aabb64d97c,Z8YY00BYXS1J,Boston Whaler,230 Outrage,2016,fishing,FRP,semi_displacement,26.0,5.82,2.5,16139,inboard,1,diesel,1229,False,none,False,wet_slip,very_good,87,2022-09-17,Great Lakes,2013-04-05T00:00:00,31786.46,1.45,92511.88,False
ves_d859c03b78d7,69LE2XGEMFW0,Sea Ray,SDX 250,2011,cruiser,steel,semi_displacement,43.25,11.16,3.19,90020,sterndrive,1,diesel,893,False,none,False,wet_slip,very_good,86,,Great Lakes,2014-11-14T00:00:00,118694.73,0.63,304425.48,False
ves_c0643d90aa35,N0SMFLVVAMN4,Grady-White,336 Canyon,2015,fishing,FRP,planing,21.17,5.81,2.16,15917,inboard,1,diesel,764,True,none,False,wet_slip,excellent,95,2025-05-23,Gulf Coast,2020-08-26T00:00:00,22300.43,0.82,62603.96,False
ves_1501ce611f99,TFJSKXW3AFFH,Lund,1975 Impact,2014,fishing,FRP,planing,21.7,5.07,1.28,14011,outboard,1,diesel,357,False,none,False,wet_slip,good,79,2020-08-30,Great Lakes,2021-04-26T00:00:00,19509.3,0.35,64711.46,False
ves_8f44adf3d0ca,3FM8SVJHHKBL,Formula,290 BR,1986,cruiser,steel,semi_displacement,24.87,6.15,2.71,26877,inboard,1,gasoline,2999,True,none,False,wet_slip,fair,47,2019-11-24,Maritimes,2023-12-15T00:00:00,22391.66,0.79,161550.79,False
ves_f7c908881951,13W0LNHGC9KE,Catalina,355,2025,sailboat,FRP,displacement,31.53,10.16,2.24,71822,inboard,1,diesel,48,True,freshwater,False,wet_slip,very_good,81,2025-03-29,Maritimes,2021-01-09T00:00:00,92200.24,1.2,153446.43,False
ves_332e1f27ce0b,7FAPFH97VCXB,Regal,28 Express,1987,runabout,FRP,planing,21.82,5.03,3.38,12101,sterndrive,1,gasoline,550,True,none,False,wet_slip,fair,54,,Pacific Coast,2023-05-19T00:00:00,6087.69,0.26,57910.54,True
ves_2dbaa36c91c7,ZD86ZKZ6KRE1,Chaparral,280 OSX,1999,runabout,FRP,planing,26.0,8.4,4.03,24132,sterndrive,1,gasoline,744,True,none,False,wet_slip,fair,59,,Atlantic Coast,2021-03-16T00:00:00,11713.78,0.5,73380.5,True
ves_2fc06b0eafac,D426BAZU222S,Sea Ray,Sundancer 320,1969,runabout,FRP,planing,21.24,5.64,1.99,11335,sterndrive,1,gasoline,1469,False,none,False,dry_stack,poor,43,,Great Lakes,2022-10-27T00:00:00,3233.43,0.47,55864.87,False
ves_9ae480daaf36,SMPWPB2Y8VVN,Kawasaki Jet Ski,STX 160,2019,PWC,composite,planing,11.64,4.33,0.87,810,jet,1,gasoline,94,True,none,False,wet_slip,excellent,91,2023-10-23,Atlantic Coast,2022-01-20T00:00:00,6014.78,0.38,17269.37,False
ves_fc59fc09cbc9,PH3BPWLS48P8,Bayliner,Element M17,2015,runabout,aluminum,planing,26.0,6.56,3.22,18554,outboard,1,gasoline,413,True,none,False,trailered,very_good,83,,Gulf Coast,2021-07-04T00:00:00,24028.25,0.68,67510.06,False
ves_aa75370a047c,47UG2R8FJC2R,Boston Whaler,230 Outrage,1988,fishing,FRP,planing,14.28,3.5,1.14,6815,outboard,1,diesel,4613,False,none,False,dry_stack,good,71,,Inland Lakes,2023-07-10T00:00:00,5276.71,1.43,41202.16,False
ves_4cfee87796be,MHWP1EE31HGW,Lund,1650 Angler,1972,fishing,FRP,planing,23.31,5.86,2.58,19728,inboard,1,gasoline,2975,True,none,False,trailered,poor,38,2021-02-06,Gulf Coast,2017-03-21T00:00:00,3805.9,0.65,71291.31,False
ves_63e4660447eb,TM29S19TR85F,HarborCat,36 Pilot,1996,workboat,aluminum,planing,18.58,5.51,2.37,17344,jet,1,diesel,4685,True,none,False,trailered,good,72,,Atlantic Coast,2019-11-27T00:00:00,17011.92,0.71,103467.84,False
ves_f999ef1dd66e,JK8KR17UJG5P,Tiara,44 Coupe,2003,cruiser,steel,semi_displacement,40.81,12.7,4.24,89163,sterndrive,1,diesel,1565,True,none,True,dry_stack,poor,42,2021-05-22,Atlantic Coast,2017-02-17T00:00:00,31632.31,0.72,315310.97,True
ves_aff04e491bd9,0CHEN3TBSUTU,Formula,290 BR,2005,cruiser,FRP,semi_displacement,28.95,9.72,1.49,39171,inboard,1,diesel,1114,True,none,False,wet_slip,good,74,,Atlantic Coast,2021-08-28T00:00:00,54901.17,0.56,198317.1,True
ves_413eb8320770,14YVJF7Z4J7Y,Beneteau,Oceanis 41.1,1998,sailboat,FRP,displacement,28.95,6.75,2.62,50210,inboard,1,diesel,273,True,none,False,wet_slip,good,69,2022-10-31,Pacific Coast,2022-02-10T00:00:00,45900.36,0.24,153183.5,False
ves_24808a9fba90,PRL4U98FCDF5,Sun Tracker,Party Barge 22 DLX,2025,pontoon,aluminum,pontoon,22.27,7.22,1.27,12447,outboard,1,gasoline,21,False,none,False,trailered,excellent,97,2021-06-09,Great Lakes,2025-08-09T00:00:00,37837.92,0.47,42084.37,False
ves_c053ba6bdc8e,FVMSXZKNP7L7,Grady-White,191 CE,2017,fishing,aluminum,semi_displacement,26.0,8.61,3.12,25844,outboard,1,gasoline,1449,False,none,False,wet_slip,very_good,80,2022-11-13,Great Lakes,2017-11-01T00:00:00,28907.0,1.89,82599.89,False
ves_4bdd6e656524,JE6CUEA8HH3H,Catalina,275 Sport,2007,sailboat,FRP,displacement,33.23,11.17,5.01,64051,inboard,1,diesel,785,True,none,False,trailered,very_good,84,2020-03-22,Maritimes,2024-03-08T00:00:00,68038.63,1.03,164732.11,False
ves_3cf1b1f5cc86,YMS87V86AD7H,Tracker,Pro Team 175,2009,fishing,FRP,planing,21.65,6.02,1.55,18097,inboard,1,diesel,753,True,none,False,wet_slip,good,78,2018-07-05,Pacific Coast,2022-08-05T00:00:00,15257.61,0.52,59342.86,False
ves_af6877532138,PP06E3W2JGAA,Tracker,Targa V-18,2014,fishing,FRP,planing,16.73,5.01,0.89,9820,inboard,1,gasoline,2960,True,none,False,trailered,fair,63,2021-12-26,Atlantic Coast,2021-08-27T00:00:00,10782.68,2.9,41910.93,False
ves_a4316049a950,RLC8C9SU9UK4,Sea Ray,SDX 250,2002,cruiser,FRP,semi_displacement,36.77,8.51,3.19,44034,sterndrive,1,gasoline,2328,True,none,False,wet_slip,fair,63,2021-02-25,Maritimes,2014-11-11T00:00:00,61057.08,1.02,244548.79,False
ves_60e39ed890a3,UF9L9G5U87ZA,Tiara,38 LS,2009,cruiser,FRP,semi_displacement,36.01,9.16,5.57,45254,sterndrive,1,diesel,2827,False,none,False,wet_slip,very_good,87,2018-06-09,Inland Lakes,2024-12-26T00:00:00,99613.84,1.75,266293.14,False
ves_38d38f6621f3,05RSAC6TC1RY,Regal,28 Express,1991,runabout,aluminum,planing,22.11,5.75,3.05,12240,outboard,1,gasoline,3747,True,none,False,unknown,fair,48,2024-02-07,Gulf Coast,2023-12-14T00:00:00,7055.02,1.95,58967.55,False
ves_abbed3c4629f,DZP23PNJ84RP,Lund,1875 Pro-V,2024,fishing,aluminum,semi_displacement,22.06,7.48,2.37,21762,outboard,1,diesel,74,True,none,False,wet_slip,very_good,84,,Gulf Coast,2020-02-09T00:00:00,45519.01,0.44,66179.79,False
ves_b24802e94ac5,7DAWKPTCP5AU,Bayliner,DX2000,1975,runabout,FRP,planing,22.88,6.91,3.09,16375,sterndrive,1,gasoline,2515,False,none,False,trailered,fair,53,,Inland Lakes,2021-06-17T00:00:00,4475.06,0.9,56810.85,False
ves_9dec61b17c0c,5G0H731B1V0Z,Chaparral,23 SSi,1966,runabout,FRP,planing,17.68,4.32,2.73,7784,outboard,1,gasoline,1492,True,none,False,wet_slip,poor,38,2023-07-28,Atlantic Coast,2019-01-01T00:00:00,2149.13,0.45,43609.97,False
ves_df35f06ddf5a,40PTJPCR66PP,Tracker,Targa V-18,2021,fishing,FRP,semi_displacement,26.0,6.64,1.71,16747,inboard,1,gasoline,189,True,none,False,dry_stack,very_good,84,2019-04-10,Maritimes,2024-02-03T00:00:00,37954.26,0.44,75991.9,False
ves_f9759b3c3377,2C26RW837FW4,Tiara,44 Coupe,2025,cruiser,steel,semi_displacement,31.47,9.96,1.78,47102,inboard,1,gasoline,138,False,none,False,wet_slip,excellent,98,,Great Lakes,2020-05-11T00:00:00,209312.77,1.45,221929.17,False
ves_c14f89d80599,S5VP3RTYVANZ,Chaparral,21 SSI,2006,runabout,FRP,planing,22.77,6.65,2.7,13333,sterndrive,1,gasoline,651,False,none,False,trailered,good,72,2021-07-15,Inland Lakes,2018-09-15T00:00:00,15045.64,0.59,61340.14,False
ves_b2598a8106de,P11RLZ16PMLP,Sea Ray,SLX 260,2009,cruiser,steel,planing,20.39,5.7,2.66,20157,inboard,1,diesel,1686,True,none,False,dry_stack,good,78,2020-10-13,Gulf Coast,2019-07-01T00:00:00,38104.55,1.04,110342.29,False
ves_4be814e1cd6e,B5PK3WW5N79Z,Parker,2820 XLD,2012,workboat,FRP,displacement,27.76,6.62,2.34,42125,inboard,1,diesel,1850,True,none,False,wet_slip,excellent,95,2017-12-14,Pacific Coast,2017-09-30T00:00:00,57932.99,0.6,177951.25,False
ves_078b4b0c0b0a,GAVZ8SU34WT8,Sun Tracker,Bass Buggy 18 DLX,2020,pontoon,aluminum,pontoon,14.7,3.93,1.86,4431,outboard,1,gasoline,806,True,none,False,dry_stack,good,70,,Gulf Coast,2021-02-07T00:00:00,9718.31,2.99,24026.02,False
ves_9e1a6f0d5a0b,55F9S5USTZC2,Carver,C34 Coupe,2003,cruiser,FRP,semi_displacement,35.87,10.63,5.03,60631,sterndrive,2,diesel,2434,True,none,False,wet_slip,fair,62,,Atlantic Coast,2014-06-30T00:00:00,59898.21,1.11,236523.87,False
ves_fdcf14f7a330,WRZT2YMHMGZ1,Tracker,Pro Team 175,2009,fishing,aluminum,planing,18.96,5.23,1.3,13853,outboard,1,diesel,1748,True,none,False,trailered,very_good,84,,Atlantic Coast,2025-03-03T00:00:00,13460.74,1.21,49601.58,False
ves_515800d4b7cd,T5U64HF4FMMH,Beneteau,Oceanis 41.1,2015,sailboat,steel,displacement,36.77,10.32,5.38,83346,inboard,1,diesel,440,False,none,False,wet_slip,very_good,80,2021-07-07,Inland Lakes,2018-04-23T00:00:00,98926.81,1.0,211516.91,False
ves_c52058d25cd7,32AGR9XXABLY,Sea Ray,SPX 190,1975,runabout,aluminum,planing,13.65,3.91,1.36,5773,outboard,1,gasoline,3706,True,none,False,trailered,poor,43,2019-12-06,Atlantic Coast,2015-01-31T00:00:00,2130.51,1.32,30745.82,False
ves_010129540a46,HN20CZYHGR35,Regal,LS4,2026,runabout,aluminum,planing,25.86,8.67,2.58,29679,outboard,1,gasoline,0,False,none,False,wet_slip,excellent,92,2019-03-20,Inland Lakes,2024-01-24T00:00:00,73820.24,0.0,72829.75,False
ves_5c3573c12a1e,0B8G4FKRPJEN,Harris,Cruiser 210,2008,pontoon,aluminum,pontoon,11.14,3.5,1.48,2100,outboard,1,gasoline,905,True,freshwater,False,wet_slip,fair,58,,Maritimes,2019-08-16T00:00:00,2630.32,1.12,17964.64,False
ves_ee52118cba08,1K5TA12GEM3J,Harris,Cruiser 210,1998,pontoon,aluminum,pontoon,22.27,6.36,1.04,9018,outboard,1,gasoline,544,True,none,False,wet_slip,fair,60,2022-02-12,Atlantic Coast,2025-02-26T00:00:00,7049.13,0.43,45752.95,False
ves_c781b9e7aeb3,JRRNDMXZ98JD,Sun Tracker,Bass Buggy 18 DLX,1977,pontoon,aluminum,pontoon,23.16,7.61,2.18,12510,outboard,1,gasoline,664,False,none,False,trailered,fair,53,2024-08-31,Great Lakes,2016-04-07T00:00:00,3090.35,0.3,44383.74,True
ves_02341d28cd8f,KDP4AH2UGATT,Sea Ray,SPX 190,2022,cruiser,steel,semi_displacement,41.09,11.62,1.76,73148,sterndrive,1,diesel,172,True,none,False,trailered,very_good,81,2025-04-19,Atlantic Coast,2016-10-05T00:00:00,172181.01,0.45,284129.76,False
ves_0441d640b2be,Y9C3J6TY24RZ,Catalina,445,1969,sailboat,FRP,displacement,9.99,3.5,1.34,8730,sail_aux,1,diesel,5146,False,none,False,wet_slip,poor,42,2018-05-27,Inland Lakes,2013-01-27T00:00:00,3971.89,2.26,32537.86,False
ves_7828e08f9e98,MXNV621FZNCG,Tiara,38 LS,2006,cruiser,steel,planing,25.33,7.51,2.55,35946,inboard,1,diesel,2910,True,none,False,wet_slip,good,74,,Pacific Coast,2017-02-16T00:00:00,51095.91,1.53,165613.28,False
ves_dce5b17acf16,1J51FH11J24A,Alumacraft Pro,Trophy 195,2007,workboat,FRP,semi_displacement,35.11,7.99,1.54,59015,outboard,1,gasoline,5847,True,none,False,trailered,good,70,,Gulf Coast,2021-08-21T00:00:00,54779.01,1.4,244308.71,False
ves_27b91b416ae3,E08JPFKXKUMN,Boston Whaler,170 Montauk,2020,fishing,aluminum,semi_displacement,28.3,9.43,3.96,35094,inboard,1,diesel,886,False,none,False,wet_slip,good,78,2024-04-03,Inland Lakes,2018-04-06T00:00:00,45313.04,1.74,103735.92,False
ves_e65fa01a72d3,RYNFNH9U03BY,Regal,LS4,2015,runabout,aluminum,planing,23.58,6.39,1.38,16841,sterndrive,1,gasoline,257,True,saltwater,False,wet_slip,fair,60,2021-12-28,Maritimes,2020-09-25T00:00:00,8204.63,0.42,64299.97,True
ves_609b0c73ca4a,EUB89RTN67KW,Boston Whaler,170 Montauk,2024,fishing,FRP,planing,17.88,4.85,1.33,11761,inboard,1,diesel,141,True,none,False,wet_slip,very_good,84,,Atlantic Coast,2024-11-17T00:00:00,38380.93,0.83,55801.77,False
ves_5bb1b59238cb,WL3Z64PY0975,Sea Ray,SDX 250,1973,cruiser,FRP,planing,27.82,6.22,3.17,30969,sterndrive,1,gasoline,5327,False,none,False,wet_slip,fair,64,2024-05-04,Great Lakes,2019-07-24T00:00:00,20510.06,1.06,167811.23,False
ves_d719a5b292f8,E6MBYCSTY0RM,Carver,C34 Coupe,1974,cruiser,FRP,semi_displacement,27.88,8.73,3.9,44110,sterndrive,1,gasoline,6680,True,none,False,wet_slip,poor,39,2024-09-19,Gulf Coast,2014-06-08T00:00:00,15485.57,1.35,168267.87,False
ves_9c39ff8b57d1,95FJD7XPEP10,Parker,2820 XLD,2022,workboat,steel,semi_displacement,15.11,4.08,1.94,10686,outboard,1,gasoline,884,True,none,False,unknown,very_good,88,2018-02-07,Atlantic Coast,2021-08-21T00:00:00,43852.99,1.0,78307.04,False
ves_98bdb93e9924,FUVZK1WZ6WUP,Chaparral,280 OSX,2024,runabout,FRP,planing,18.18,4.06,1.3,8452,outboard,1,gasoline,120,True,none,True,wet_slip,good,68,2021-09-06,Maritimes,2021-02-06T00:00:00,15025.47,1.09,45281.0,False
ves_00647de00edb,PWRVW80Z3E9F,Bayliner,DX2000,1994,runabout,aluminum,planing,20.95,6.38,1.69,14088,sterndrive,1,gasoline,1587,False,none,False,trailered,good,66,2025-07-07,Inland Lakes,2015-03-19T00:00:00,8126.34,0.9,50451.29,False
ves_45c89cbfa8a5,PPHLLMRXTC5A,Harris,Solstice 230,1992,pontoon,aluminum,pontoon,19.71,4.72,1.43,5146,outboard,1,gasoline,2255,False,none,False,wet_slip,fair,63,2025-07-10,Great Lakes,2019-05-23T00:00:00,5157.95,1.47,38789.34,False
ves_ba49a42745ca,Z2AA51JLKHMJ,Grady-White,257 Fisherman,2022,fishing,FRP,semi_displacement,22.3,5.82,3.47,14726,inboard,1,diesel,1171,True,none,True,trailered,fair,49,2021-06-02,Maritimes,2023-03-07T00:00:00,13851.73,3.44,67139.66,False
ves_9c102aacf222,W04LC222CUZR,Harris,Solstice 230,1968,pontoon,aluminum,pontoon,22.0,6.12,1.87,9176,outboard,1,gasoline,2049,True,none,False,trailered,poor,34,,Atlantic Coast,2023-10-09T00:00:00,2005.72,0.79,45003.37,False
ves_191dad1b34f7,S6F7BWR1TGF3,Sea Ray,SPX 190,1984,runabout,aluminum,planing,19.33,6.0,1.43,14032,sterndrive,1,gasoline,2209,True,none,False,trailered,poor,44,,Gulf Coast,2018-04-23T00:00:00,4524.9,0.96,49175.86,False
ves_bcd6f733e286,2Y8M82648780,Bennington,24 LXSB,1977,pontoon,aluminum,pontoon,18.9,4.24,1.21,5244,outboard,1,gasoline,2153,True,none,False,wet_slip,poor,43,2018-04-19,Gulf Coast,2013-02-25T00:00:00,2733.63,0.98,41059.42,False
ves_14adaba6e852,M48JNNA82H0B,Regal,26 XO,2012,runabout,aluminum,planing,25.36,6.3,2.92,17105,outboard,1,gasoline,497,False,none,False,unknown,excellent,90,2022-09-09,Inland Lakes,2025-02-23T00:00:00,24503.03,0.65,70937.65,False
ves_f90462be3e41,AFA2G1T6BWFY,Chaparral,21 SSI,2025,runabout,FRP,planing,25.87,7.5,1.23,19886,outboard,1,gasoline,61,False,none,False,trailered,very_good,88,,Great Lakes,2015-02-05T00:00:00,61518.59,1.11,72903.3,False
ves_10d91d1df614,6M4WRMD0915L,Bayliner,Ciera 8,1976,runabout,aluminum,planing,25.33,8.0,3.39,17916,sterndrive,1,gasoline,1336,True,none,False,trailered,poor,41,2023-11-09,Maritimes,2019-11-27T00:00:00,4526.33,0.49,65172.34,False
ves_d564983bbc4f,YWG68PM3A49Y,SafeBoat,33 Full Cabin,1994,workboat,FRP,planing,28.52,9.67,3.37,45318,jet,1,gasoline,2894,False,none,False,dry_stack,good,67,2018-05-22,Inland Lakes,2016-10-11T00:00:00,27172.83,0.41,184521.34,False
ves_4bc394fe2f37,VPN3UU8DL1NK,Bennington,24 LXSB,2005,pontoon,aluminum,pontoon,26.0,8.59,2.19,14581,outboard,1,gasoline,2295,True,none,False,unknown,fair,49,,Maritimes,2014-11-25T00:00:00,10537.98,2.43,63150.08,False
ves_d74f5f5ca8e0,ZZSU5TXCJTB0,Grady-White,336 Canyon,1978,fishing,aluminum,semi_displacement,26.0,8.17,3.61,25577,inboard,1,diesel,3317,True,none,False,unknown,fair,47,,Pacific Coast,2020-06-23T00:00:00,5976.75,0.81,82599.89,False
ves_ad28a50f7590,7A0RPN02NMHS,Lund,1875 Pro-V,2015,fishing,aluminum,semi_displacement,25.48,7.72,2.97,28620,inboard,1,diesel,490,True,none,False,trailered,very_good,89,2025-08-30,Atlantic Coast,2016-10-05T00:00:00,27256.65,0.52,80371.69,False
ves_dfb66a77bb9f,1PMTBXGCK30R,Sun Tracker,Bass Buggy 18 DLX,1967,pontoon,aluminum,pontoon,17.32,5.46,1.04,4937,outboard,1,gasoline,1326,True,none,False,dry_stack,poor,14,,Gulf Coast,2013-12-08T00:00:00,1200.0,0.5,29972.31,True
ves_415137c0e6fb,SPJ8N7THYKDV,Lund,1975 Impact,2012,fishing,aluminum,semi_displacement,26.36,5.99,2.41,16647,inboard,1,diesel,588,False,unknown,False,dry_stack,very_good,84,2025-08-11,Inland Lakes,2024-04-29T00:00:00,24987.41,0.49,84151.35,False
ves_68887580e684,NNSB4FTTPX50,Sea Ray,Sundancer 320,2016,runabout,FRP,planing,19.14,5.59,1.92,11136,outboard,1,gasoline,740,False,none,False,dry_stack,very_good,87,2020-10-06,Great Lakes,2019-11-05T00:00:00,18426.07,1.35,48524.22,False
ves_194a0384ef89,D7FHLMS2GPHJ,Tiara,38 LS,2012,cruiser,steel,planing,39.55,9.45,3.19,66340,sterndrive,2,diesel,450,True,none,False,wet_slip,good,70,,Pacific Coast,2021-09-07T00:00:00,104171.22,0.34,302221.87,True
ves_713e62aa4a1e,8EC20HB4UC8C,Harris,Cruiser 210,2005,pontoon,aluminum,pontoon,16.67,3.72,0.83,3424,outboard,1,gasoline,873,True,none,True,wet_slip,good,69,2025-11-24,Gulf Coast,2015-09-08T00:00:00,3556.41,0.92,30930.83,False
ves_1672f7d39d5a,VTJ7M9DANH59,Bennington,20 SVL,1981,pontoon,aluminum,pontoon,24.64,7.97,1.71,13614,outboard,1,gasoline,4653,False,none,False,wet_slip,fair,46,2025-12-12,Inland Lakes,2020-05-26T00:00:00,4589.47,2.3,58729.8,False
ves_e4599bad251d,PBNMC604AYK4,Formula,350 CBR,1984,cruiser,FRP,planing,30.74,7.16,2.78,30513,sterndrive,1,diesel,7340,True,unknown,False,wet_slip,fair,46,2022-06-28,Pacific Coast,2024-09-04T00:00:00,27988.92,1.84,215075.94,False
ves_6e7573512d13,2ZTASB5HZUDM,Regal,LS4,2016,runabout,FRP,planing,20.11,6.35,0.96,17337,outboard,1,gasoline,336,True,none,False,trailered,excellent,96,,Gulf Coast,2015-07-05T00:00:00,21219.14,0.61,51892.05,False
ves_67c8870fcee4,1JDWHCSDZWV5,Sea Ray,Sundancer 320,2024,runabout,aluminum,planing,19.63,6.23,1.41,13174,outboard,1,gasoline,68,True,none,False,wet_slip,good,78,2018-04-05,Atlantic Coast,2021-01-05T00:00:00,33380.41,0.62,50210.43,False
ves_2189854f2406,0FL8KN9J4UJZ,Parker,2320 Sport Cabin,2002,workboat,steel,planing,32.39,7.79,4.26,50469,jet,1,diesel,5771,True,none,False,trailered,good,74,2024-11-07,Gulf Coast,2023-09-07T00:00:00,43967.88,1.09,219074.21,False
ves_449962a28468,YWT961GYAV9V,Sun Tracker,Party Barge 22 DLX,1977,pontoon,aluminum,pontoon,19.46,6.12,1.69,8046,outboard,1,gasoline,463,True,none,False,wet_slip,fair,45,,Atlantic Coast,2012-10-07T00:00:00,2208.18,0.21,35091.48,True
ves_9b76a945a271,P0Y99ED9JK55,Tiara,44 Coupe,1999,cruiser,FRP,semi_displacement,38.79,9.4,3.53,53641,sterndrive,2,diesel,2373,True,freshwater,False,wet_slip,fair,53,2022-01-28,Maritimes,2018-06-30T00:00:00,40322.31,0.93,294417.59,True
ves_1b28b2e851fc,S77CB8DVY0VW,Lund,1650 Angler,2001,fishing,aluminum,planing,25.59,7.61,3.13,26829,outboard,1,gasoline,1255,True,none,False,wet_slip,good,78,,Pacific Coast,2013-02-15T00:00:00,16350.02,0.59,80840.86,False
ves_22b905efd691,YBL545TB1WHK,Formula,290 BR,2011,cruiser,FRP,semi_displacement,27.6,7.58,3.13,37148,inboard,1,diesel,3499,True,none,False,wet_slip,fair,58,2023-07-20,Pacific Coast,2022-06-17T00:00:00,55021.52,2.46,185957.68,False
ves_4e0d492ce37e,YSVZZY04MH4P,Sun Tracker,Bass Buggy 18 DLX,2010,pontoon,aluminum,pontoon,10.02,3.5,1.58,1873,outboard,1,gasoline,352,True,none,False,trailered,good,77,2021-12-09,Maritimes,2021-04-29T00:00:00,3459.85,0.49,14327.11,True
ves_6651c94f01a5,0Y7XLF6RR21C,Lund,1875 Pro-V,2002,fishing,aluminum,planing,12.93,3.5,0.91,5325,inboard,1,gasoline,1034,True,none,False,trailered,good,65,2025-01-12,Maritimes,2020-06-13T00:00:00,5423.64,0.51,32152.95,True
ves_1dddd702bb10,VDCNSP4S8CMA,Catalina,275 Sport,1998,sailboat,steel,displacement,49.34,16.27,2.51,157072,sail_aux,1,diesel,903,True,none,False,trailered,very_good,80,2021-06-23,Maritimes,2020-08-05T00:00:00,93527.54,0.81,280951.12,False
ves_6ae4b926ddbf,JARW9FMVM24V,Harris,Solstice 230,2013,pontoon,aluminum,pontoon,28.65,8.66,0.96,16587,outboard,1,gasoline,387,True,none,False,dry_stack,very_good,82,2022-12-19,Maritimes,2015-02-09T00:00:00,19326.05,0.66,64288.44,False
ves_d22605fb1d3d,XF75WULW15FW,Grady-White,336 Canyon,1981,fishing,FRP,semi_displacement,20.51,4.82,0.92,9605,outboard,1,gasoline,6777,True,none,False,trailered,fair,48,2018-09-22,Maritimes,2020-02-14T00:00:00,4808.89,1.77,59962.2,False
ves_badcf9320fdb,1A1U113EHMJK,Boston Whaler,230 Outrage,2017,fishing,aluminum,planing,15.19,4.29,1.32,9723,inboard,1,diesel,2037,False,none,False,trailered,very_good,80,,Inland Lakes,2020-06-10T00:00:00,15677.15,2.66,44796.47,False
ves_0dea5e4db32f,EP938WX89SDT,Formula,350 CBR,2001,cruiser,FRP,semi_displacement,32.31,8.76,2.91,45045,inboard,2,gasoline,1372,True,none,False,wet_slip,excellent,96,2021-09-09,Maritimes,2018-07-01T00:00:00,75872.93,0.58,230055.84,False
ves_df98d784b6f2,74TTTP3RL6C0,Lund,1650 Angler,1980,fishing,aluminum,semi_displacement,13.97,4.74,2.11,7403,inboard,1,gasoline,1244,True,none,False,wet_slip,poor,39,,Pacific Coast,2016-09-02T00:00:00,2262.47,0.32,35712.0,True
ves_824b9f558187,JDSXFFZBY30G,Sea Ray,SPX 190,2001,runabout,aluminum,planing,23.08,7.05,1.74,20257,sterndrive,1,gasoline,460,True,none,False,trailered,good,66,2021-11-22,Pacific Coast,2020-08-11T00:00:00,11423.87,0.33,62488.58,True
ves_076e50a6cf30,DUJPPGA2C9E8,Bayliner,DX2000,2007,runabout,aluminum,planing,24.08,5.81,3.35,18247,sterndrive,1,gasoline,1187,False,unknown,False,wet_slip,very_good,80,2017-12-28,Inland Lakes,2024-12-02T00:00:00,16585.84,1.14,60853.79,False
ves_e53d92eef3aa,4GHVPX9NCWA7,Chaparral,280 OSX,2025,runabout,aluminum,planing,21.43,4.99,2.56,9650,sterndrive,1,gasoline,23,True,none,False,wet_slip,excellent,94,2022-02-01,Atlantic Coast,2015-02-22T00:00:00,50128.11,0.42,56533.25,False
ves_f0a0b5787b54,N6HV5SKCVSFJ,Formula,290 BR,1993,cruiser,FRP,planing,48.43,16.08,6.04,124410,inboard,1,gasoline,5200,True,unknown,False,wet_slip,fair,62,2022-03-23,Maritimes,2015-12-12T00:00:00,78342.19,1.66,397219.38,False
ves_14c8c1ec71f0,T6XYYK36JDS2,Tracker,Pro Team 175,2020,fishing,aluminum,planing,26.0,8.38,3.54,22117,outboard,1,diesel,952,False,none,False,wet_slip,very_good,82,2024-05-24,Great Lakes,2015-04-13T00:00:00,34422.18,1.87,75991.9,False
ves_4f6caf4beeca,FF16NMS0NRRB,Sea Ray,Sundancer 320,2010,cruiser,FRP,planing,33.2,9.7,4.81,60106,sterndrive,1,gasoline,1588,True,none,False,dry_stack,good,70,2024-01-13,Atlantic Coast,2017-07-31T00:00:00,69856.78,1.04,213059.74,False
ves_9eaa63682ecb,2T3YYHBKCWEE,Grady-White,191 CE,1980,fishing,aluminum,semi_displacement,30.78,8.7,1.81,39157,inboard,1,diesel,3691,True,none,False,trailered,fair,48,2024-01-18,Gulf Coast,2018-08-25T00:00:00,8072.03,0.94,103715.54,False
ves_919526c3d1c2,AX70WN6DAVH2,Sea Ray,SDX 250,2003,cruiser,steel,planing,25.22,7.97,2.32,37351,inboard,1,diesel,890,False,none,False,unknown,good,78,2023-05-11,Inland Lakes,2019-12-25T00:00:00,43697.1,0.41,147015.12,False
ves_a13642b75eff,RP7F501G6150,Chaparral,23 SSi,2016,runabout,aluminum,planing,25.08,6.73,2.94,18430,outboard,1,gasoline,1697,True,none,False,wet_slip,fair,59,2018-05-27,Pacific Coast,2025-01-24T00:00:00,20196.78,3.09,69897.78,False
ves_edccad1bf626,E8P1V8BTWC1Z,Boston Whaler,170 Montauk,2004,fishing,FRP,planing,15.73,5.12,2.44,10727,inboard,1,diesel,2281,False,none,False,wet_slip,very_good,82,2023-04-03,Great Lakes,2019-04-03T00:00:00,10770.46,1.22,46933.54,False
ves_f58a2bd34406,X4KM5HL3BJ1E,SafeBoat,33 Full Cabin,1979,workboat,FRP,displacement,47.2,14.23,3.32,147634,inboard,1,gasoline,12900,True,none,False,trailered,fair,48,2019-12-30,Gulf Coast,2023-03-04T00:00:00,27509.71,1.25,364230.42,False
ves_98a0d5b7df21,J82LBZ6688DF,Sun Tracker,Bass Buggy 18 DLX,1999,pontoon,aluminum,pontoon,26.0,6.84,1.55,12540,outboard,1,gasoline,872,False,none,False,wet_slip,good,76,2023-10-29,Inland Lakes,2019-09-01T00:00:00,9697.61,0.72,51873.28,False
ves_3f3327e9b7a6,01HLKCZHP02S,Sea Ray,Sundancer 320,2020,cruiser,FRP,planing,36.19,8.24,5.07,55742,sterndrive,1,diesel,141,True,none,False,wet_slip,excellent,92,2019-05-12,Pacific Coast,2013-02-17T00:00:00,141380.48,0.25,239354.65,False
ves_b8fec7b92e06,37N0HJH88T95,HarborCat,36 Pilot,2011,workboat,FRP,planing,16.67,4.95,1.29,14235,inboard,1,diesel,1667,True,none,False,trailered,very_good,85,,Maritimes,2019-07-25T00:00:00,25979.24,0.51,89372.98,False
ves_7e6787dd6e07,FND1T4HK18HF,Bennington,24 LXSB,2017,pontoon,aluminum,pontoon,18.17,6.03,1.11,6816,outboard,1,gasoline,436,False,none,False,trailered,excellent,93,2025-08-16,Inland Lakes,2013-02-20T00:00:00,15237.84,1.08,38943.73,False
ves_b90b569a3935,70RSYYM4LDJU,Boston Whaler,170 Montauk,2012,fishing,FRP,planing,14.19,3.5,1.02,6380,inboard,1,gasoline,364,False,none,False,wet_slip,good,76,,Inland Lakes,2013-07-31T00:00:00,11277.72,0.31,40843.74,True
ves_b71ef9d2a4b9,JRF5694YASU5,HarborCat,36 Pilot,2014,workboat,aluminum,displacement,50.51,16.78,2.07,141952,jet,1,diesel,4289,True,none,False,wet_slip,good,73,2024-08-06,Gulf Coast,2017-07-07T00:00:00,113721.24,1.62,399155.86,False
ves_2bb7fc47a63e,S9EEY8ZCK6LD,Hunter,36,2010,sailboat,wood,displacement,27.19,8.17,2.59,47409,sail_aux,1,diesel,209,True,none,False,trailered,good,79,2022-02-08,Maritimes,2019-10-19T00:00:00,44593.17,0.33,115585.37,True
ves_56ee3e98c0ee,AXXB2URUUGDE,Harris,Solstice 230,1976,pontoon,aluminum,pontoon,24.12,6.86,1.51,10559,outboard,1,gasoline,1688,True,none,False,trailered,fair,49,2020-11-11,Maritimes,2025-07-16T00:00:00,3561.29,0.75,50940.07,False
ves_cc65ed5c52fb,3HPKS05XPW9E,Lund,1975 Impact,1970,fishing,FRP,semi_displacement,26.0,6.23,3.23,20403,outboard,1,gasoline,3950,True,none,False,wet_slip,fair,48,2018-11-06,Pacific Coast,2023-08-19T00:00:00,4762.44,0.83,82599.89,False
ves_235c2ac0c4b3,XV3LAMHRYT1L,Regal,LS4,2002,runabout,aluminum,planing,26.0,6.71,2.45,19952,outboard,1,gasoline,3117,True,freshwater,False,dry_stack,fair,53,2022-04-12,Maritimes,2022-08-29T00:00:00,9355.32,2.36,73380.5,False
ves_db6bed966f6f,T7DD3DSED5ZG,Carver,C40 Command Bridge,2008,cruiser,FRP,semi_displacement,43.71,11.67,3.28,84419,inboard,2,diesel,1537,False,none,False,wet_slip,excellent,94,,Inland Lakes,2017-02-12T00:00:00,119403.88,0.9,308820.06,False
ves_3974f35aacab,Y4TFYUHNPN42,Sea Ray,SDX 250,2016,runabout,FRP,planing,14.47,3.5,0.75,6024,outboard,1,gasoline,489,True,none,False,dry_stack,very_good,81,2019-03-21,Atlantic Coast,2017-10-28T00:00:00,11986.14,0.89,33269.33,False
ves_93f8fe9713d4,WMLFHGVLU9HV,Formula,350 CBR,2021,cruiser,FRP,semi_displacement,37.16,9.68,2.05,59335,inboard,2,gasoline,459,False,none,False,wet_slip,excellent,95,2024-01-14,Great Lakes,2023-06-03T00:00:00,178495.4,0.97,277767.78,False
ves_aa387f92b5b4,5WCKD9WW4992,Boston Whaler,230 Outrage,2018,fishing,aluminum,planing,21.02,5.75,1.32,14225,outboard,1,diesel,469,False,none,False,trailered,excellent,98,2024-10-25,Great Lakes,2016-11-05T00:00:00,30621.45,0.69,69423.77,False
ves_595ce7c41d61,HXNKHBGGNDXJ,Boston Whaler,170 Montauk,2004,fishing,aluminum,planing,23.65,7.24,3.43,19739,inboard,1,diesel,2834,True,none,False,trailered,fair,64,2022-12-19,Gulf Coast,2021-01-03T00:00:00,15684.17,1.52,81416.35,False
ves_7bcbbd97a9b0,7FSLAJXSTLS4,Bayliner,Element M17,1966,runabout,FRP,planing,24.31,6.62,1.94,18678,outboard,1,gasoline,1978,True,none,False,trailered,fair,45,2021-08-15,Pacific Coast,2016-01-01T00:00:00,3351.44,0.6,61670.02,False
ves_856fb7662960,EC5YMVDBSPC0,Carver,C40 Command Bridge,2015,cruiser,steel,planing,39.41,13.2,3.08,75012,sterndrive,1,diesel,1641,True,unknown,False,wet_slip,good,69,2024-07-10,Pacific Coast,2024-04-02T00:00:00,98773.78,1.57,268538.92,False
ves_ab2bfe0459db,PM84RXMRGL9N,Regal,LS4,1969,runabout,FRP,planing,21.15,5.36,3.38,14552,sterndrive,1,gasoline,3747,True,none,False,dry_stack,fair,51,,Maritimes,2017-05-04T00:00:00,3565.28,1.2,55523.47,False
ves_ec6094c8335d,0SEF4MFNXSW6,Sun Tracker,Bass Buggy 18 DLX,2003,pontoon,aluminum,pontoon,22.22,7.38,1.7,12338,outboard,1,gasoline,732,True,none,False,dry_stack,excellent,91,2025-02-21,Maritimes,2024-08-11T00:00:00,10091.72,0.71,41947.95,False
ves_694f848b0b69,JESAXZETUZUL,Lund,1975 Impact,2000,fishing,aluminum,planing,22.83,6.59,2.13,18837,inboard,1,diesel,3047,True,none,False,dry_stack,good,66,,Pacific Coast,2022-03-28T00:00:00,12090.65,1.38,69292.02,False
ves_4cd102da5e2b,GB38WYGR4R2Z,Catalina,445,2014,sailboat,FRP,displacement,31.17,7.19,1.35,39004,inboard,1,diesel,315,False,none,False,wet_slip,excellent,95,2018-02-18,Inland Lakes,2025-09-02T00:00:00,78702.4,0.66,151093.12,False
ves_a12e76274f8a,CNMPHJF5ERZW,HarborCat,36 Pilot,1984,workboat,aluminum,semi_displacement,33.46,9.34,4.88,66555,inboard,2,gasoline,6231,True,none,False,wet_slip,fair,49,,Gulf Coast,2015-12-14T00:00:00,20350.13,0.67,228975.55,False
ves_bb46c81a1645,PSGB92LSD4YT,Carver,C40 Command Bridge,2013,cruiser,FRP,planing,23.73,6.8,3.52,31666,sterndrive,1,diesel,1220,True,none,False,wet_slip,excellent,98,2019-03-25,Maritimes,2025-04-20T00:00:00,61236.04,0.99,135404.23,False
ves_c94462043075,F5CJT4E475NM,Chaparral,280 OSX,2026,runabout,aluminum,planing,15.86,4.66,1.58,10081,outboard,1,gasoline,0,False,none,False,trailered,excellent,93,2025-10-05,Inland Lakes,2024-06-13T00:00:00,38485.77,0.0,37661.0,False
ves_d42d6007958b,GC30ECBV2AEA,Tracker,Pro Team 175,2002,fishing,FRP,planing,22.65,7.28,1.39,23901,inboard,1,gasoline,1690,False,none,False,wet_slip,very_good,83,2024-07-28,Inland Lakes,2019-05-03T00:00:00,13755.28,0.83,63084.1,False
ves_f6331115d1da,6JF81E868475,Bayliner,VR5,2021,runabout,aluminum,planing,16.5,4.36,2.09,7554,sterndrive,1,gasoline,261,False,none,False,unknown,excellent,98,2018-04-06,Great Lakes,2017-07-27T00:00:00,21535.38,0.95,36533.36,False
ves_94854870680a,CU0HTXY939F6,Beneteau,Oceanis 31,2008,sailboat,steel,displacement,37.93,11.5,5.54,98196,sail_aux,1,diesel,185,True,none,False,trailered,good,73,2023-07-05,Atlantic Coast,2020-11-18T00:00:00,84005.13,0.26,220628.34,False
ves_eaab0f063a5c,GXS2JC0UWNSM,Boston Whaler,170 Montauk,2005,fishing,aluminum,semi_displacement,21.23,5.68,1.89,13501,outboard,1,diesel,2770,False,none,False,wet_slip,very_good,80,,Inland Lakes,2015-11-04T00:00:00,16343.48,1.55,70369.07,False
ves_ef39c788f66f,UMDZZZYRXUVC,Regal,26 XO,2015,runabout,FRP,planing,18.87,5.75,1.92,10560,outboard,1,gasoline,327,False,none,False,trailered,excellent,92,2020-11-19,Inland Lakes,2015-10-18T00:00:00,18289.09,0.54,47598.26,False
ves_057a46da2b16,BW8EHMV2G508,Carver,C34 Coupe,1974,cruiser,steel,semi_displacement,34.96,10.67,1.61,54334,inboard,1,gasoline,2491,False,none,False,wet_slip,fair,57,,Inland Lakes,2013-11-02T00:00:00,26495.88,0.5,228422.54,False
ves_e4a767783b0b,DT37FHBH966A,Formula,350 CBR,2026,cruiser,steel,semi_displacement,38.26,11.24,3.57,79136,inboard,1,diesel,0,True,none,False,wet_slip,excellent,96,2020-06-12,Gulf Coast,2020-09-17T00:00:00,302504.5,0.0,288980.22,False
ves_8732f77f9b7f,7TDPDTR9G659,Sea Ray,SLX 260,2015,runabout,aluminum,planing,26.0,7.76,3.92,26534,outboard,1,gasoline,442,True,none,False,wet_slip,very_good,80,,Gulf Coast,2012-08-29T00:00:00,25425.01,0.73,73380.5,False
ves_0624f79a26f1,TZ10G9HL60F7,Sun Tracker,Bass Buggy 18 DLX,2006,pontoon,aluminum,pontoon,22.51,7.15,1.27,11353,outboard,1,gasoline,311,True,none,False,trailered,fair,60,2025-02-02,Gulf Coast,2024-08-13T00:00:00,7694.77,0.35,42703.26,True
ves_52aa07dfb838,XFKPHEYTGEHB,Regal,28 Express,2019,runabout,FRP,planing,24.87,7.08,1.38,22826,sterndrive,1,gasoline,252,True,none,False,wet_slip,good,78,2024-06-24,Gulf Coast,2022-10-22T00:00:00,29880.98,0.65,69094.54,False
ves_b49a5e5f4019,S0NTJX4HH3GX,Sea Ray,Sundancer 320,2012,runabout,FRP,planing,19.44,4.3,1.51,10258,outboard,1,gasoline,192,False,none,False,wet_slip,good,76,2021-02-13,Great Lakes,2013-02-01T00:00:00,15119.82,0.25,49547.47,True
ves_a2052a5c7fca,GUWCMNJNZ0RZ,Tiara,44 Coupe,2013,cruiser,steel,planing,39.05,11.6,5.17,70226,sterndrive,2,diesel,929,True,none,False,wet_slip,very_good,86,2025-05-10,Gulf Coast,2014-06-05T00:00:00,121773.34,0.75,297089.33,False
ves_00a8af7a99ab,5P0TVJZMU788,Chaparral,21 SSI,1979,runabout,FRP,planing,15.86,5.36,0.69,8974,sterndrive,1,gasoline,464,True,none,False,trailered,poor,42,2018-12-16,Atlantic Coast,2015-01-26T00:00:00,2670.33,0.18,37665.52,True
ves_0286a76f1e3e,1W4J600P86RZ,Chaparral,23 SSi,2011,runabout,FRP,planing,23.04,7.0,1.38,14749,sterndrive,1,gasoline,66,True,none,False,wet_slip,very_good,82,,Gulf Coast,2019-05-20T00:00:00,19506.5,0.08,62344.37,True
ves_636c3df1e690,CF4DRKT6B5K2,Sea Ray,Sundancer 320,2025,cruiser,FRP,planing,27.6,9.29,1.15,35608,inboard,1,diesel,169,True,none,False,wet_slip,excellent,98,2021-02-23,Pacific Coast,2022-11-03T00:00:00,156597.0,1.78,166035.95,False
ves_92ebcfc0f556,9TUK6ZKS4F8T,Tracker,Pro Team 175,1982,fishing,aluminum,planing,24.36,6.19,2.25,21196,inboard,1,gasoline,4005,False,none,False,wet_slip,fair,61,2023-04-07,Great Lakes,2013-02-09T00:00:00,6708.84,1.07,69598.48,False
ves_2f7309c55065,K5GRJKUBLPP2,Grady-White,336 Canyon,2003,fishing,aluminum,semi_displacement,20.37,5.23,3.23,12794,outboard,1,gasoline,2174,True,none,False,wet_slip,good,67,2018-08-22,Gulf Coast,2022-12-28T00:00:00,11458.95,1.11,59401.45,False
ves_aef0f4bef2d1,BZAJJLC7VYZL,Boston Whaler,230 Outrage,2001,fishing,FRP,semi_displacement,14.68,4.49,1.86,8909,inboard,1,diesel,1691,False,none,False,dry_stack,good,73,2024-08-26,Great Lakes,2014-02-04T00:00:00,8249.75,0.8,42767.74,False
ves_f2cd092f3307,NJ5P3MFZHCAJ,Yamaha WaveRunner,VX Cruiser,2001,PWC,composite,planing,11.13,4.22,1.12,1077,jet,1,gasoline,564,True,none,False,trailered,good,70,2020-11-26,Atlantic Coast,2017-05-20T00:00:00,2131.13,0.64,18206.5,False
ves_8e9896339fd0,ANE6RB0D7PR6,Regal,26 XO,1996,runabout,aluminum,planing,19.65,5.77,2.68,12790,outboard,1,gasoline,508,True,none,False,trailered,fair,54,2023-12-29,Pacific Coast,2015-10-25T00:00:00,6923.45,0.31,50276.9,True
ves_ae11b40d012c,BK3BAD7KMB7F,Beneteau,Oceanis 41.1,2024,sailboat,steel,displacement,24.03,5.41,1.97,27927,sail_aux,1,diesel,103,True,unknown,False,wet_slip,very_good,80,2021-11-04,Atlantic Coast,2022-05-18T00:00:00,89151.51,1.29,119135.56,False
ves_03094a1a5de2,6ZH605BNLNAD,HarborCat,26 WB,2002,workboat,steel,semi_displacement,33.58,8.25,3.42,51054,jet,1,gasoline,5385,False,none,False,trailered,very_good,84,,Great Lakes,2016-02-28T00:00:00,50594.49,1.02,230001.92,False
ves_9ff53631837b,8XYYAYGWYCV5,Catalina,275 Sport,2014,sailboat,wood,displacement,31.9,8.79,1.61,61533,inboard,1,diesel,185,False,none,False,wet_slip,excellent,95,2022-02-09,Inland Lakes,2021-12-11T00:00:00,81205.41,0.39,155898.4,False
ves_a8eacf311aee,UXCT2KG81TNV,Beneteau,Oceanis 41.1,2011,sailboat,steel,displacement,23.78,7.23,2.73,35314,sail_aux,1,diesel,127,True,none,False,wet_slip,good,72,2023-06-30,Pacific Coast,2021-05-18T00:00:00,47033.46,0.21,117472.68,True
ves_4df0b5531682,46K4VF95S5XP,Catalina,355,2020,sailboat,wood,displacement,47.06,12.17,5.33,121160,inboard,1,diesel,230,True,none,False,unknown,excellent,92,2021-08-05,Gulf Coast,2015-09-12T00:00:00,170339.85,0.96,263561.62,False
ves_1706185ae7e7,C7N1ZE9502M4,Lund,1650 Angler,1983,fishing,FRP,semi_displacement,26.0,7.03,2.42,20961,outboard,1,diesel,3045,False,unknown,False,trailered,fair,51,2022-09-29,Great Lakes,2012-09-01T00:00:00,7304.16,0.83,82599.89,False
ves_588aa3af3164,ABY69ZH0RKWM,Bayliner,Element M17,1986,runabout,FRP,planing,22.49,5.89,2.17,11874,sterndrive,1,gasoline,1311,False,none,False,trailered,fair,61,2023-03-27,Great Lakes,2018-04-04T00:00:00,6665.78,0.6,55495.63,False
ves_35d63347e9aa,2YNJ9X4U55B8,Formula,290 BR,2017,cruiser,FRP,semi_displacement,38.88,9.09,5.97,66273,sterndrive,1,gasoline,894,True,none,False,wet_slip,excellent,96,2023-04-09,Pacific Coast,2024-11-30T00:00:00,150463.73,1.05,295297.75,False
ves_752745e8f2db,VN15F1S964MF,Tracker,Targa V-18,2009,fishing,aluminum,planing,26.0,6.05,2.61,15714,outboard,1,gasoline,2387,False,none,False,wet_slip,excellent,91,2022-07-25,Great Lakes,2017-11-13T00:00:00,21887.44,1.65,75991.9,False
ves_836e61f8a2e3,0RETG997M3PT,Jeanneau,Leader 10.5,2011,sailboat,FRP,displacement,34.08,9.05,2.75,75850,inboard,1,diesel,1784,True,none,False,trailered,fair,60,2020-05-09,Maritimes,2013-01-23T00:00:00,67454.07,2.97,190909.46,False
ves_c668287e3eab,VU9TZ367E0UH,Chaparral,280 OSX,2023,runabout,FRP,planing,24.97,6.7,1.31,20870,outboard,1,gasoline,75,True,none,False,unknown,very_good,82,2025-12-14,Maritimes,2015-06-21T00:00:00,41222.29,0.45,69470.68,False
ves_f9dd003078ff,207412T72CZJ,Bennington,22 SSB,2011,pontoon,aluminum,pontoon,23.45,5.57,2.12,8151,outboard,1,gasoline,285,True,none,False,wet_slip,good,77,,Pacific Coast,2025-09-14T00:00:00,14860.84,0.42,54941.84,False
ves_1b1fd91b390b,98K60WUKLA4E,Sun Tracker,Bass Buggy 18 DLX,1992,pontoon,aluminum,pontoon,17.1,5.39,0.98,5805,outboard,1,gasoline,999,True,none,False,wet_slip,good,75,2019-05-17,Maritimes,2013-06-19T00:00:00,4422.64,0.65,29462.83,False
ves_d67b845058a6,NCSLFTSDNFNS,Grady-White,336 Canyon,2006,fishing,aluminum,planing,12.24,3.5,1.07,5993,inboard,1,gasoline,281,False,none,False,dry_stack,very_good,81,,Great Lakes,2020-06-20T00:00:00,6633.72,0.17,29857.37,True
ves_2129712c9147,2GYEUN36TZ6P,Catalina,355,2025,sailboat,steel,displacement,37.01,10.33,2.39,96854,inboard,1,diesel,60,False,none,False,wet_slip,excellent,98,2019-08-23,Great Lakes,2018-10-10T00:00:00,183305.29,1.5,190505.62,False
ves_51faaf4407e5,Z4TE6KX1CHH4,Bayliner,Element M17,1966,runabout,aluminum,planing,22.69,7.55,2.87,18375,sterndrive,1,gasoline,4668,True,none,False,wet_slip,poor,29,2023-10-01,Pacific Coast,2022-12-31T00:00:00,2401.85,1.41,56157.67,False
ves_095c4d5d33ab,47DFAJ8EDXJA,Bayliner,Ciera 8,1981,runabout,aluminum,planing,20.59,6.36,1.78,11833,sterndrive,1,gasoline,4643,True,none,False,wet_slip,poor,31,2023-11-19,Pacific Coast,2021-09-04T00:00:00,3417.18,1.88,49277.54,False
ves_50f4d3ebfb27,U3MKCG2Y43PS,Harris,Cruiser 210,2014,pontoon,aluminum,pontoon,17.66,5.36,1.73,4982,outboard,1,gasoline,413,True,none,False,wet_slip,very_good,82,,Maritimes,2021-02-18T00:00:00,10361.78,0.76,33449.95,False
ves_8cbe6ebfe20c,VEULDKVWNZD8,Sea-Doo,RXT-X 300,2024,PWC,FRP,planing,11.14,3.89,0.99,962,jet,1,gasoline,129,True,none,False,wet_slip,very_good,89,2019-05-09,Gulf Coast,2019-08-12T00:00:00,11607.21,1.84,18228.58,False
ves_8545918a26c8,A67GMSYSJ87R,Grady-White,191 CE,2004,fishing,FRP,planing,24.72,6.96,3.82,19989,outboard,1,diesel,630,True,none,False,trailered,good,78,,Maritimes,2014-11-29T00:00:00,17079.27,0.34,77178.36,False
ves_45512ea8ede9,34GYSPJUM6DJ,Lund,1650 Angler,2009,fishing,FRP,semi_displacement,24.13,7.92,3.62,27323,outboard,1,diesel,1293,True,none,False,dry_stack,very_good,80,2021-08-29,Gulf Coast,2024-05-05T00:00:00,19551.81,0.89,74663.6,False
ves_347c90285448,V57NPEJCR5HH,Boston Whaler,230 Outrage,2022,fishing,FRP,planing,26.0,6.09,1.22,20140,outboard,1,diesel,131,True,none,False,wet_slip,good,75,2023-12-31,Maritimes,2022-07-28T00:00:00,46106.06,0.39,92511.88,False
ves_26a97a836a90,C2XFCAUTN2TP,Yamaha WaveRunner,VX Cruiser,2006,PWC,composite,planing,11.8,4.1,1.01,794,jet,1,gasoline,232,True,none,False,wet_slip,fair,56,,Gulf Coast,2017-02-03T00:00:00,2229.01,0.33,19701.47,True
ves_d5191d1c55aa,29SXL69D95X7,Chaparral,21 SSI,2024,runabout,aluminum,planing,19.23,4.95,2.66,9780,outboard,1,gasoline,112,True,none,False,wet_slip,good,77,,Gulf Coast,2023-07-04T00:00:00,32165.48,1.02,48834.62,False
ves_b00a4aa0240e,5YV203H7LW6B,Sea Ray,SPX 190,2021,runabout,FRP,planing,19.37,5.15,2.72,12960,sterndrive,1,gasoline,257,True,none,False,wet_slip,excellent,93,2020-09-09,Atlantic Coast,2020-06-24T00:00:00,27941.78,0.93,49326.39,False
ves_84991a9f5f21,YH6X8PXE90G8,Lund,1975 Impact,2012,fishing,aluminum,semi_displacement,26.0,6.44,3.36,18018,inboard,1,diesel,371,True,none,False,wet_slip,very_good,85,,Pacific Coast,2017-01-04T00:00:00,24741.65,0.31,82599.89,False
ves_1f9890260d43,UTJFALMJXFTY,Sun Tracker,Bass Buggy 18 DLX,2002,pontoon,aluminum,pontoon,24.51,7.5,1.28,10571,outboard,1,gasoline,355,True,none,False,trailered,good,66,,Pacific Coast,2017-12-21T00:00:00,8877.13,0.33,47912.45,False
ves_e370a1136c63,7CER8KMKHBN0,Tracker,Targa V-18,2002,fishing,aluminum,planing,20.89,5.16,2.04,14531,inboard,1,diesel,788,False,none,False,dry_stack,fair,62,2023-12-15,Inland Lakes,2022-07-23T00:00:00,9240.11,0.39,56562.05,True
ves_cf63fa933cfa,YND6PV826BD5,Boston Whaler,280 Vantage,2024,fishing,aluminum,planing,20.34,6.35,1.94,19134,inboard,1,diesel,261,True,none,False,wet_slip,excellent,94,2018-07-17,Maritimes,2014-07-19T00:00:00,49672.18,1.54,66399.67,False
ves_3cd83d640d2f,XYMY4L7M11KP,Regal,28 Express,2009,runabout,aluminum,planing,19.0,4.6,1.05,11078,outboard,1,gasoline,1123,True,none,False,wet_slip,good,75,2025-11-04,Gulf Coast,2022-09-09T00:00:00,13274.76,1.2,48050.7,False
ves_bc55d1641c44,32GCZGW1FD19,Tracker,Targa V-18,1969,fishing,aluminum,semi_displacement,26.0,8.05,2.93,20465,outboard,1,diesel,7287,True,none,False,trailered,poor,26,2021-03-14,Maritimes,2017-01-05T00:00:00,3054.54,1.5,75991.9,False
ves_80124d1ac30e,0F4X3FRWUDRS,Chaparral,23 SSi,2004,runabout,aluminum,planing,22.78,5.74,2.79,12195,sterndrive,1,gasoline,2101,False,none,False,wet_slip,good,71,,Inland Lakes,2023-08-13T00:00:00,14040.67,1.74,61383.75,False
ves_8be2179ac841,AFLLBE1PG90M,Sun Tracker,Party Barge 22 DLX,2020,pontoon,aluminum,pontoon,24.19,6.75,1.11,9431,outboard,1,gasoline,188,False,none,False,unknown,very_good,88,2023-04-02,Inland Lakes,2025-03-12T00:00:00,22451.02,0.7,47046.23,False
ves_078bf89072d6,CMSH47MCHMZB,Bayliner,DX2000,2025,runabout,FRP,planing,24.01,5.71,3.76,16369,sterndrive,1,gasoline,67,True,none,True,wet_slip,good,70,2020-08-03,Atlantic Coast,2020-05-25T00:00:00,23855.57,1.22,60641.55,False
ves_665f78771c0b,VWSTP97H0EXV,Sea Ray,SPX 190,2010,runabout,FRP,planing,22.33,6.95,3.54,15008,outboard,1,gasoline,1132,True,none,False,trailered,good,71,,Pacific Coast,2014-11-02T00:00:00,16366.3,1.29,59764.48,False
ves_ef5f2bd421f2,ANVHMPLH1AB0,Boston Whaler,170 Montauk,2019,fishing,FRP,semi_displacement,29.81,8.22,3.12,28356,inboard,1,gasoline,559,False,none,False,trailered,excellent,98,2023-05-14,Inland Lakes,2021-01-28T00:00:00,53166.69,0.94,111270.12,False
ves_31021e1fdfaf,6ZVLPL18BGF2,Regal,26 XO,2023,runabout,aluminum,planing,15.27,4.08,1.89,5759,outboard,1,gasoline,185,True,none,False,trailered,excellent,95,2021-02-17,Maritimes,2015-11-21T00:00:00,23697.32,1.12,35786.99,False
ves_e9a535920ee3,RBLLCWF7YPBV,Harris,Cruiser 210,1971,pontoon,aluminum,pontoon,22.04,4.9,1.52,8541,outboard,1,gasoline,157,False,none,False,trailered,fair,62,2021-01-24,Great Lakes,2025-08-16T00:00:00,2908.27,0.06,45120.8,True
ves_521594149656,85DR89T458DA,Lund,1875 Pro-V,2018,fishing,FRP,planing,25.6,7.61,2.3,24591,inboard,1,diesel,591,True,none,False,trailered,very_good,84,2021-05-25,Atlantic Coast,2013-05-08T00:00:00,31778.78,0.87,80886.24,False
ves_9423db978a78,65SJMBHSJA0G,Tiara,38 LS,1972,cruiser,steel,semi_displacement,39.45,11.64,6.25,90417,sterndrive,1,gasoline,8162,True,none,True,wet_slip,poor,27,2024-02-26,Atlantic Coast,2023-11-15T00:00:00,11982.34,1.59,301149.82,False
ves_c4f801dc3c3c,EE7U7EF6D2UZ,Carver,C40 Command Bridge,1984,cruiser,FRP,semi_displacement,28.2,8.56,3.15,41960,inboard,1,gasoline,1163,False,none,False,wet_slip,fair,57,2022-07-01,Great Lakes,2016-01-10T00:00:00,25456.5,0.29,170917.11,False
ves_d54401a6ebfd,HDHGUY382653,Sun Tracker,Bass Buggy 18 DLX,2012,pontoon,aluminum,pontoon,25.22,6.15,1.91,11066,outboard,1,gasoline,1166,False,none,False,wet_slip,excellent,91,2018-08-27,Inland Lakes,2024-04-17T00:00:00,15691.35,1.85,49790.46,False
ves_743b8e40544b,6CJKPATZRW59,Sun Tracker,Bass Buggy 18 DLX,2017,pontoon,aluminum,pontoon,22.83,6.14,1.03,10811,outboard,1,gasoline,695,True,none,False,wet_slip,good,71,,Gulf Coast,2022-04-03T00:00:00,13987.7,1.72,43526.3,False
ves_4c08d15154f5,NPY7BLTBS924,Tracker,Grizzly 1860,2023,fishing,FRP,semi_displacement,19.82,5.33,2.81,13823,inboard,1,diesel,296,True,none,False,trailered,excellent,90,2024-02-08,Maritimes,2021-07-04T00:00:00,32490.73,1.16,52665.43,False
ves_690cb1a69ce2,E362LK7SYRSW,Tiara,38 LS,2009,cruiser,steel,semi_displacement,54.85,18.47,2.56,135414,sterndrive,2,gasoline,2897,False,none,False,wet_slip,good,78,2019-04-08,Inland Lakes,2025-10-28T00:00:00,162300.38,1.79,469985.77,False
ves_5b0046e62fa3,YM3P2L3MPN06,HarborCat,26 WB,2025,workboat,steel,semi_displacement,8.91,3.5,1.26,7164,outboard,1,diesel,323,True,none,False,dry_stack,good,77,2023-03-01,Maritimes,2025-03-03T00:00:00,29046.75,1.47,38338.41,False
ves_cddf9280eb1c,Y7VLFWMW1S9H,Lund,1650 Angler,2003,fishing,aluminum,planing,21.4,5.16,1.59,11131,outboard,1,gasoline,166,True,none,False,wet_slip,fair,64,2019-08-30,Gulf Coast,2017-08-28T00:00:00,10923.37,0.08,63510.84,True
ves_ce575d69e42e,XP80H0SAD6XH,Chaparral,280 OSX,2020,runabout,aluminum,planing,20.36,6.24,2.17,17065,sterndrive,1,gasoline,237,False,none,False,dry_stack,good,78,2023-09-27,Inland Lakes,2020-01-14T00:00:00,24462.67,0.72,52741.46,False
ves_6e7fc9e0b74c,EB9FJT2WS71L,Tracker,Grizzly 1860,2018,fishing,aluminum,semi_displacement,26.0,5.89,3.14,17148,outboard,1,gasoline,656,True,none,False,trailered,very_good,88,2023-10-28,Maritimes,2018-12-21T00:00:00,30902.35,0.96,75991.9,False
ves_17cca19014d9,WGKE8C1YA4EU,Regal,26 XO,1996,runabout,aluminum,planing,19.21,6.1,2.43,14251,sterndrive,1,gasoline,2006,False,none,False,wet_slip,good,73,2021-01-10,Great Lakes,2016-01-27T00:00:00,8945.24,1.22,48750.9,False
ves_4a85d4c367d0,L39RJHMD2FTV,Bayliner,DX2000,2025,runabout,aluminum,planing,18.85,6.03,0.85,13142,outboard,1,gasoline,47,False,none,False,trailered,excellent,97,,Inland Lakes,2022-09-23T00:00:00,39711.4,0.85,43728.61,False
ves_1ecaa1cf76b8,R8LS4EZ0LXU6,Tracker,Pro Team 175,2003,fishing,aluminum,semi_displacement,22.03,7.08,0.88,22879,outboard,1,gasoline,2651,True,none,False,trailered,fair,61,2020-09-10,Pacific Coast,2018-08-19T00:00:00,10998.36,1.36,60767.98,False
ves_054f1310de69,154B7WGC0PUG,Carver,C34 Coupe,2001,cruiser,steel,planing,51.55,12.1,3.37,118905,sterndrive,2,diesel,2141,True,none,False,wet_slip,good,67,,Maritimes,2018-10-17T00:00:00,97994.17,0.9,385852.6,False
ves_5dd919879078,4A3PZW62B8XF,Regal,28 Express,1986,runabout,FRP,planing,26.0,7.38,1.33,16915,outboard,1,gasoline,4843,True,none,False,wet_slip,poor,44,,Gulf Coast,2022-01-17T00:00:00,7169.6,2.2,73380.5,False
ves_8ce05c616b11,9ZRX20SYLUS7,Chaparral,280 OSX,2013,runabout,FRP,planing,19.72,5.06,1.05,12481,sterndrive,1,gasoline,2392,False,none,False,trailered,fair,62,2025-05-06,Great Lakes,2015-09-23T00:00:00,13791.29,3.35,50523.54,False
ves_414371bbb716,KYELLYV36DF8,Tiara,44 Coupe,2002,cruiser,steel,semi_displacement,25.99,6.75,1.88,30958,sterndrive,1,gasoline,1429,False,none,False,wet_slip,very_good,83,,Inland Lakes,2018-08-11T00:00:00,52012.92,0.63,171492.3,False
ves_1438b942a8f6,DRYUC5ADTFYF,Tiara,38 LS,1989,cruiser,steel,semi_displacement,11.29,3.5,0.79,7210,inboard,1,diesel,2929,True,none,False,wet_slip,fair,52,2024-06-07,Atlantic Coast,2023-01-01T00:00:00,8848.6,0.83,55621.6,False
ves_dc9fcfd69f2e,4LBUD9ZKB2SP,Lund,1875 Pro-V,2010,fishing,aluminum,planing,17.22,5.0,1.87,10896,outboard,1,diesel,2016,True,none,False,trailered,good,70,2024-07-24,Pacific Coast,2019-12-25T00:00:00,11621.58,1.48,47370.02,False
ves_61a3d5cf7f12,CVGE7F1DSNRD,Beneteau,Oceanis 41.1,2017,sailboat,wood,displacement,57.88,17.7,3.08,266595,sail_aux,1,diesel,227,False,unknown,False,trailered,excellent,95,2020-05-02,Great Lakes,2014-07-29T00:00:00,222424.98,0.63,390259.74,False
ves_e5d09d45ae72,DLECS3838666,Beneteau,Oceanis 41.1,2007,sailboat,steel,displacement,19.12,5.32,2.67,22887,inboard,0,diesel,756,True,none,False,trailered,good,65,2019-10-28,Gulf Coast,2020-07-03T00:00:00,30119.38,0.99,87489.98,False
ves_d83ac5ae8dfe,TNZHGDJ1PX0P,Jeanneau,Leader 10.5,1971,sailboat,wood,displacement,42.71,11.0,6.37,91951,inboard,1,diesel,2284,True,none,False,wet_slip,fair,52,,Gulf Coast,2020-08-14T00:00:00,37458.23,1.04,258925.08,False
ves_97a8a058cab3,K1TB4J4A15VG,Beneteau,Oceanis 31,2003,sailboat,FRP,displacement,13.58,3.76,1.88,9626,sail_aux,1,diesel,603,False,none,False,wet_slip,good,78,2025-10-09,Inland Lakes,2018-09-19T00:00:00,19916.48,0.66,55135.9,False
ves_6203b0e9f439,6SDMVD4X7LZL,Bennington,20 SVL,1981,pontoon,aluminum,pontoon,24.3,6.44,1.05,8284,outboard,1,gasoline,1684,False,none,False,wet_slip,good,78,2019-07-15,Great Lakes,2025-02-19T00:00:00,6398.08,0.83,57641.97,False
ves_ba42eb3a32a6,WZF1YEUX2VW4,Regal,LS4,1977,runabout,FRP,planing,26.0,8.09,3.8,23749,outboard,1,gasoline,4201,True,none,False,wet_slip,poor,42,2025-01-29,Maritimes,2020-04-02T00:00:00,5325.45,1.56,73380.5,False
ves_c1813f3d7f4e,T8AE978ZCHW1,Tiara,38 LS,2017,cruiser,FRP,planing,38.34,8.5,1.57,45865,sterndrive,2,gasoline,647,True,none,False,wet_slip,very_good,83,2022-04-29,Atlantic Coast,2015-10-07T00:00:00,132423.63,0.76,289759.83,False
ves_bd4fe450d716,C8SU4CSG3GRW,HarborCat,36 Pilot,1986,workboat,steel,semi_displacement,31.01,9.32,1.26,52445,inboard,1,diesel,6656,True,none,False,dry_stack,fair,50,,Maritimes,2025-08-10T00:00:00,18162.15,0.76,206580.39,True
ves_14db247c223a,NJ289YFZD429,Tiara,44 Coupe,2003,cruiser,FRP,semi_displacement,39.94,13.07,2.99,72108,sterndrive,2,gasoline,1495,False,none,False,wet_slip,very_good,80,,Inland Lakes,2024-04-25T00:00:00,92702.04,0.68,306223.49,False
ves_eafe6240d276,AY0XH3HERPY3,Boston Whaler,230 Outrage,2004,fishing,aluminum,semi_displacement,24.57,7.66,2.81,22231,inboard,1,diesel,760,True,none,False,wet_slip,very_good,81,2021-06-17,Maritimes,2021-09-04T00:00:00,19492.04,0.41,85703.27,False
ves_ff724423f01e,W18W793NF4RD,Regal,LS4,1996,runabout,aluminum,planing,20.64,5.84,2.01,12497,outboard,1,gasoline,3785,True,none,False,wet_slip,fair,51,,Gulf Coast,2018-02-05T00:00:00,7756.36,2.29,53735.7,False
ves_9c1ccd59dfee,AH81PGF94S6B,Chaparral,280 OSX,2023,runabout,FRP,planing,15.22,3.62,1.8,7288,outboard,1,gasoline,222,True,none,False,trailered,very_good,88,2019-06-15,Maritimes,2014-02-19T00:00:00,22272.18,1.35,35628.04,False
ves_d0244efe2e92,VLWEAWACPL7P,Tracker,Pro Team 175,2020,fishing,FRP,planing,26.0,8.64,3.56,24890,inboard,1,gasoline,268,True,none,False,dry_stack,excellent,96,2021-08-21,Gulf Coast,2025-06-23T00:00:00,38720.33,0.53,75991.9,False
ves_389981d7c077,KASA4Y93JEYN,Regal,LS4,2007,runabout,aluminum,planing,19.92,4.52,3.14,10137,sterndrive,1,gasoline,499,True,none,False,dry_stack,excellent,92,2020-04-03,Atlantic Coast,2024-06-15T00:00:00,15478.68,0.48,51211.03,False
ves_cf59bffda907,9ESL3X9UYANN,Formula,290 BR,1990,cruiser,FRP,semi_displacement,39.77,8.9,4.51,51091,inboard,1,diesel,2604,False,none,False,wet_slip,very_good,80,2024-01-24,Great Lakes,2014-11-14T00:00:00,66596.69,0.76,304472.12,False
ves_2c620b2f2935,YJ5Y35GYDSD0,Sun Tracker,Party Barge 22 DLX,2016,pontoon,aluminum,pontoon,19.76,5.23,1.96,6104,outboard,1,gasoline,337,True,none,False,wet_slip,excellent,97,2023-03-20,Maritimes,2016-11-09T00:00:00,13358.84,0.75,35821.3,False
ves_fa1bc6adb0ce,LAEXHU6583UF,Bennington,22 SSB,2025,pontoon,aluminum,pontoon,24.58,5.9,1.66,9712,outboard,1,gasoline,24,False,none,False,unknown,excellent,98,2020-05-22,Inland Lakes,2020-05-16T00:00:00,53042.67,0.53,58535.03,False
ves_2bf5b307adb6,JWTVNTX6732E,Tracker,Pro Team 175,2010,fishing,aluminum,planing,18.36,4.62,0.81,8927,inboard,1,gasoline,1093,False,none,False,wet_slip,good,78,2025-10-05,Great Lakes,2020-07-23T00:00:00,12582.89,0.8,47493.42,False
ves_2524fb3517b3,P0N1AHVFK6B3,Alumacraft Pro,205 Bay,1979,workboat,FRP,semi_displacement,27.82,6.46,3.16,31151,jet,1,diesel,9994,False,none,False,wet_slip,fair,54,2024-06-09,Inland Lakes,2017-04-21T00:00:00,14514.14,0.97,178461.55,False
ves_b89e65bcbd0a,GELA4274R5LB,Regal,LS4,1974,runabout,aluminum,planing,22.3,5.1,3.09,15600,outboard,1,gasoline,1294,True,none,False,wet_slip,fair,50,2019-11-14,Gulf Coast,2021-06-02T00:00:00,4043.1,0.45,59642.08,True
ves_bdae4d7c38a1,8VN387CXT25N,Sun Tracker,Party Barge 22 DLX,2011,pontoon,aluminum,pontoon,25.63,6.35,1.44,11098,outboard,1,gasoline,824,True,none,False,trailered,good,71,2022-05-16,Atlantic Coast,2020-06-02T00:00:00,12992.57,1.22,50884.81,False
ves_109c76faac78,DLYPGJM43JXU,Regal,28 Express,2000,runabout,aluminum,planing,20.87,6.91,1.83,16395,sterndrive,1,gasoline,1124,True,none,False,unknown,good,76,2024-08-18,Gulf Coast,2014-10-13T00:00:00,11610.26,0.79,54533.44,False
ves_a2ff47c1c927,DC5P9XT25RW8,Sea Ray,SPX 190,1980,cruiser,FRP,semi_displacement,39.35,12.71,3.42,65923,sterndrive,2,diesel,3483,False,none,False,trailered,fair,62,2019-07-11,Great Lakes,2019-07-18T00:00:00,38181.86,0.8,267940.0,False
ves_c4f3f6d44bfc,ZVJTMZEGFCNZ,Sea Ray,SDX 250,1986,runabout,FRP,planing,19.49,4.82,1.32,11132,outboard,1,gasoline,5164,True,none,False,trailered,fair,46,2025-11-17,Pacific Coast,2019-02-27T00:00:00,4990.04,2.35,49730.9,False
ves_0c6b9ef29b85,3614C1LXENWB,Catalina,275 Sport,2013,sailboat,steel,displacement,42.11,11.66,3.66,103732,inboard,1,diesel,191,False,none,False,trailered,very_good,80,2021-01-03,Great Lakes,2021-02-15T00:00:00,101935.3,0.37,226844.11,False
ves_97cc94dcf95c,5AM11S9LA7HZ,Bennington,24 LXSB,2007,pontoon,aluminum,pontoon,17.43,4.91,1.06,6019,outboard,1,gasoline,768,True,none,False,wet_slip,good,73,2018-05-10,Pacific Coast,2018-12-18T00:00:00,8501.27,0.9,36811.75,False
ves_1f8dba1ad5bd,JCRDK5X5UCZ9,Sun Tracker,Party Barge 22 DLX,2012,pontoon,aluminum,pontoon,26.0,7.99,1.46,13809,outboard,1,gasoline,279,False,none,False,wet_slip,good,76,2018-02-17,Inland Lakes,2021-09-22T00:00:00,14323.18,0.44,51873.28,False
ves_e3e78a61f24b,2V37T0GWXR5Z,Sea Ray,SDX 250,2026,runabout,aluminum,planing,20.19,5.97,1.54,16152,sterndrive,1,gasoline,0,False,none,False,wet_slip,excellent,97,2023-11-27,Great Lakes,2021-11-27T00:00:00,55031.71,0.0,52157.81,False
ves_6a1a6999dab1,HX47SRZEX64V,Tracker,Grizzly 1860,2003,fishing,FRP,semi_displacement,24.85,7.61,3.27,19914,inboard,1,gasoline,1391,True,none,False,trailered,good,67,,Maritimes,2016-06-17T00:00:00,13793.11,0.71,71501.39,False
ves_08153d412253,DSWZ1NSPKSW0,Harris,Cruiser 210,2015,pontoon,aluminum,pontoon,17.68,4.23,1.9,6023,outboard,1,gasoline,233,False,none,False,wet_slip,excellent,90,2021-03-23,Great Lakes,2022-10-15T00:00:00,11454.84,0.47,33495.69,False
ves_40ed0ca1efc3,6F1H1L916T73,Tracker,Targa V-18,2010,fishing,aluminum,semi_displacement,21.56,5.6,1.17,15648,outboard,1,gasoline,2374,True,none,False,trailered,good,73,2024-05-25,Gulf Coast,2021-11-09T00:00:00,14912.2,1.75,59014.39,False
ves_f5806a007247,NHKMUFMRJ9A2,SafeBoat,33 Full Cabin,2015,workboat,aluminum,planing,32.35,7.47,3.93,51333,outboard,1,gasoline,898,True,none,False,trailered,very_good,84,,Atlantic Coast,2021-09-24T00:00:00,71068.09,0.37,218739.92,False
ves_fdca1fd0edf3,SFTADRZ2RBNL,Lund,1650 Angler,2002,fishing,aluminum,semi_displacement,21.19,6.67,1.34,20133,inboard,1,gasoline,2035,True,none,False,wet_slip,fair,58,,Maritimes,2014-07-25T00:00:00,10642.86,1.0,62657.52,False
ves_9409029c0c87,FNK0D3M3X1VP,Regal,28 Express,2016,runabout,FRP,planing,26.0,7.53,3.45,22520,sterndrive,1,gasoline,487,True,none,False,wet_slip,very_good,80,2024-06-19,Pacific Coast,2019-03-17T00:00:00,26199.32,0.89,73380.5,False
ves_aca0ac5a8925,P2PE2NSBV1CG,Boston Whaler,280 Vantage,1967,fishing,FRP,planing,26.0,6.39,2.52,17385,outboard,1,diesel,3049,False,none,False,wet_slip,poor,39,2020-10-16,Great Lakes,2015-05-16T00:00:00,4313.24,0.61,92511.88,False
ves_bb2e4ce1ea1e,F4STRCRGDG13,Bayliner,Ciera 8,1991,runabout,FRP,planing,23.64,5.23,2.61,14975,sterndrive,1,gasoline,1775,True,none,False,wet_slip,good,71,2025-02-14,Pacific Coast,2020-08-15T00:00:00,9195.6,0.92,59377.28,False
ves_ceaa23f5d20c,KLZEGA9W4FC1,Tiara,44 Coupe,2024,cruiser,steel,semi_displacement,43.3,14.42,6.01,93865,inboard,2,gasoline,180,True,none,False,wet_slip,very_good,87,,Pacific Coast,2016-08-04T00:00:00,261150.63,0.95,341515.8,False
ves_4299cc7f896f,G1JWUEB318VX,Sea Ray,Sundancer 320,1997,cruiser,FRP,semi_displacement,16.66,4.53,2.62,13052,sterndrive,1,gasoline,1463,True,none,False,wet_slip,good,67,2018-12-01,Maritimes,2015-05-03T00:00:00,19304.21,0.53,84004.55,False
ves_bc0359696bac,A6EEA6L0BLSB,Jeanneau,Sun Odyssey 349,1991,sailboat,FRP,displacement,38.37,12.26,3.19,120170,sail_aux,1,diesel,466,True,none,False,trailered,fair,50,2023-03-06,Atlantic Coast,2018-02-17T00:00:00,47176.53,0.33,224049.01,False
ves_8050f77774b8,ZTELLVMLAM9E,Harris,Solstice 230,2020,pontoon,aluminum,pontoon,21.31,4.94,1.0,8486,outboard,1,gasoline,162,True,none,False,trailered,very_good,87,2022-06-23,Maritimes,2017-11-23T00:00:00,20396.18,0.6,43105.23,False
ves_16fd581dd2ad,XD7RJUERVSDS,Sea Ray,SLX 260,2017,cruiser,steel,planing,50.2,16.31,4.17,118693,sterndrive,1,gasoline,1556,True,none,False,wet_slip,good,70,,Atlantic Coast,2022-02-08T00:00:00,150581.95,1.82,372275.04,False
ves_ac23269f3fa0,72ZTPUKZBNRB,Tracker,Grizzly 1860,1969,fishing,aluminum,planing,21.63,7.29,1.6,19672,outboard,1,diesel,7593,True,none,False,unknown,poor,37,2023-06-05,Maritimes,2014-03-02T00:00:00,2850.53,1.57,59294.47,False
ves_05364e710942,GYBXHJP68LGD,Boston Whaler,280 Vantage,1982,fishing,FRP,planing,21.93,6.08,1.47,14623,inboard,1,gasoline,2305,True,none,False,wet_slip,fair,59,2020-06-21,Gulf Coast,2024-09-22T00:00:00,6931.07,0.62,73517.65,False
ves_c573ec7ee3cd,9U2Y8P7VU121,Grady-White,191 CE,2006,fishing,FRP,planing,19.85,5.35,1.35,13520,inboard,1,diesel,1132,True,none,False,trailered,good,79,2018-05-29,Gulf Coast,2025-10-12T00:00:00,13607.07,0.67,57376.63,False
ves_8fa1489d8e2c,KZJVAWPS0H2B,Lund,1875 Pro-V,2004,fishing,aluminum,semi_displacement,26.0,6.0,3.21,18489,outboard,1,gasoline,2236,True,none,False,wet_slip,good,67,2018-11-09,Atlantic Coast,2022-10-28T00:00:00,16419.36,1.2,82599.89,False
ves_977421275e4f,KTESYS81UL9R,Lund,1975 Impact,2008,fishing,aluminum,semi_displacement,26.0,6.11,2.8,18978,outboard,1,gasoline,1104,True,none,False,dry_stack,very_good,82,2022-06-30,Maritimes,2020-12-14T00:00:00,21372.02,0.72,82599.89,False
ves_93bdc55ac08e,FFT8W6YU8N56,Regal,LS4,1978,runabout,aluminum,planing,22.12,6.16,3.35,16641,sterndrive,1,gasoline,1021,False,none,False,wet_slip,very_good,80,2025-09-09,Inland Lakes,2025-01-23T00:00:00,6737.64,0.39,59005.72,False
ves_a387f48e5473,R1GCNTBY7P2G,Boston Whaler,280 Vantage,1998,fishing,aluminum,semi_displacement,19.23,6.05,1.64,16749,inboard,1,diesel,1967,False,none,False,wet_slip,very_good,81,,Inland Lakes,2024-09-28T00:00:00,11699.41,0.83,61585.27,False
ves_6c2fce8bc871,966E4G1X96MR,Sun Tracker,Party Barge 22 DLX,2025,pontoon,aluminum,pontoon,23.23,7.78,0.8,12579,outboard,1,gasoline,81,True,none,False,trailered,very_good,81,2018-08-16,Maritimes,2016-09-09T00:00:00,35024.22,1.8,44563.92,False
ves_82caeb99acca,HL890LTE2BVG,Regal,26 XO,2022,runabout,aluminum,planing,14.5,4.77,1.46,6699,outboard,1,gasoline,439,False,none,False,wet_slip,very_good,86,2024-06-01,Great Lakes,2018-02-03T00:00:00,19123.19,2.0,33373.88,False
ves_89c5c0b5eab1,H4TTGUWAADUC,Carver,C34 Coupe,1977,cruiser,FRP,semi_displacement,35.12,9.89,4.84,50816,sterndrive,2,diesel,7196,False,none,False,wet_slip,fair,55,2020-07-01,Inland Lakes,2015-12-03T00:00:00,28076.81,1.55,229838.27,False
ves_33b6d9fdffd4,WK6PUT8K0H7N,Boston Whaler,230 Outrage,2025,fishing,aluminum,semi_displacement,21.43,7.22,3.09,20255,inboard,1,gasoline,82,False,none,False,wet_slip,excellent,98,2022-04-29,Great Lakes,2016-09-02T00:00:00,64581.79,0.96,71268.98,False
ves_c53defb600ea,KZD486HXN2AG,Tracker,Grizzly 1860,1972,fishing,aluminum,semi_displacement,26.0,7.42,1.2,23756,inboard,1,gasoline,4890,True,none,False,unknown,fair,58,,Gulf Coast,2015-03-24T00:00:00,5247.92,1.07,75991.9,False
ves_3a7ff6f2c502,K7A5HK56G54P,Grady-White,191 CE,1984,fishing,FRP,semi_displacement,16.52,4.19,0.98,8923,outboard,1,diesel,3186,True,none,False,dry_stack,fair,61,2022-01-29,Atlantic Coast,2018-08-02T00:00:00,4581.99,0.89,44766.07,False
ves_3530a2da14a3,ZWSE2REX9W3U,Bayliner,VR5,2019,runabout,FRP,planing,14.76,3.52,2.0,6985,sterndrive,1,gasoline,247,True,none,False,wet_slip,excellent,93,2024-05-31,Gulf Coast,2015-01-26T00:00:00,15484.03,0.64,31442.04,False
ves_af8df6ede677,M2ESTB7RFJKD,Sea Ray,SDX 250,2022,runabout,aluminum,planing,23.16,5.32,2.09,14511,sterndrive,1,gasoline,365,True,none,False,wet_slip,very_good,82,2018-08-04,Pacific Coast,2016-03-15T00:00:00,34738.77,1.66,62789.13,False
ves_ab706db19ffb,URYRL94E6A0E,Tracker,Grizzly 1860,2010,fishing,FRP,semi_displacement,16.34,4.24,2.18,7037,outboard,1,diesel,1154,True,unknown,False,wet_slip,very_good,86,,Pacific Coast,2020-07-06T00:00:00,11547.01,0.85,40580.91,False
ves_e894ba7adcb0,5AZ08A0L0C28,Sea-Doo,RXT-X 300,2021,PWC,FRP,planing,11.44,4.44,0.98,888,jet,1,gasoline,187,False,none,False,dry_stack,good,69,2025-09-09,Inland Lakes,2019-11-27T00:00:00,6577.81,1.07,18894.4,False
ves_9007194aef70,ZE0F750EN7TY,Lund,1975 Impact,1979,fishing,aluminum,planing,23.26,7.05,3.05,21737,inboard,1,gasoline,6395,True,none,False,trailered,poor,37,2022-04-10,Atlantic Coast,2021-01-02T00:00:00,4611.98,1.6,71070.2,False
ves_ca3ae68817bd,1EXK4YSKKJT5,Sea Ray,SPX 190,2012,runabout,aluminum,planing,21.85,6.72,3.37,15613,sterndrive,1,gasoline,842,True,none,False,dry_stack,good,67,2022-12-02,Atlantic Coast,2025-01-05T00:00:00,16206.82,1.09,58031.11,False
ves_ebb275f8e976,WHJ29H8SAABX,Sea Ray,SDX 250,2026,cruiser,FRP,semi_displacement,31.85,7.08,3.28,43657,sterndrive,2,diesel,0,False,none,False,unknown,excellent,98,2021-01-04,Inland Lakes,2014-05-05T00:00:00,214172.53,0.0,201403.54,False
ves_7c916a3f9734,HDY1RY4CMGSE,Sun Tracker,Bass Buggy 18 DLX,2015,pontoon,aluminum,pontoon,20.36,5.52,1.92,8494,outboard,1,gasoline,278,False,none,False,trailered,excellent,98,,Inland Lakes,2023-09-17T00:00:00,13603.71,0.56,37295.43,False
ves_c54350fea6e8,N2LD6U9TXEM1,Tracker,Targa V-18,2009,fishing,FRP,planing,24.15,5.7,3.03,16833,inboard,1,diesel,477,True,none,False,trailered,good,74,2022-02-20,Pacific Coast,2025-10-16T00:00:00,17026.59,0.33,68767.23,False
ves_79efd6c45f75,GPBVZDWS92VG,Hunter,36,2023,sailboat,FRP,displacement,19.43,5.89,2.57,21886,inboard,1,diesel,73,True,none,False,dry_stack,good,79,2020-04-13,Atlantic Coast,2016-12-19T00:00:00,49264.23,0.61,73423.6,False
ves_e2cb67c5b295,81TGM3GP008T,Tracker,Pro Team 175,2013,fishing,aluminum,planing,28.29,6.25,1.93,22020,outboard,1,gasoline,1179,False,none,False,wet_slip,good,79,,Great Lakes,2018-09-13T00:00:00,24915.45,1.07,85160.29,False
ves_48380acf7843,Z9HMA4101NM0,Sun Tracker,Bass Buggy 18 DLX,2015,pontoon,aluminum,pontoon,15.4,3.5,0.84,3483,outboard,1,gasoline,795,False,none,False,trailered,excellent,92,2020-04-02,Great Lakes,2012-06-24T00:00:00,8894.33,1.61,25582.42,False
ves_1bffe39104bd,ZY7CLJ9BF68F,Grady-White,336 Canyon,1973,fishing,FRP,planing,19.85,5.44,2.02,13606,outboard,1,gasoline,2298,True,none,False,trailered,fair,53,2019-02-26,Atlantic Coast,2025-04-16T00:00:00,3850.36,0.51,57361.55,False
ves_fe69b446d81c,VSEBPMSH446D,Lund,1650 Angler,2002,fishing,FRP,semi_displacement,19.83,5.9,1.97,15693,inboard,1,gasoline,740,False,none,False,unknown,excellent,91,,Inland Lakes,2016-05-15T00:00:00,13379.43,0.36,57307.55,False
ves_a205c649b750,M2BF577ZRNVK,Boston Whaler,170 Montauk,1984,fishing,FRP,planing,24.54,6.97,2.98,21797,outboard,1,diesel,951,True,none,False,wet_slip,fair,54,,Pacific Coast,2022-11-26T00:00:00,7437.03,0.27,85550.21,True
ves_55c64730e5ee,GZMFGVW4CR1N,Lund,1650 Angler,2017,fishing,aluminum,planing,23.64,6.42,1.88,15428,inboard,1,diesel,484,False,none,False,dry_stack,very_good,84,2024-03-06,Inland Lakes,2013-12-23T00:00:00,26349.02,0.63,72651.65,False
ves_f3a3d322d84a,9W57D1SMYSJD,Sea Ray,Sundancer 320,1966,runabout,aluminum,planing,26.0,7.63,3.34,26816,sterndrive,1,gasoline,3756,True,none,False,wet_slip,poor,40,2018-08-03,Pacific Coast,2022-07-10T00:00:00,3722.42,1.14,73380.5,False
ves_35219ac9b876,RXVXJEHY5MRY,Yamaha WaveRunner,FX HO,2014,PWC,composite,planing,11.3,4.2,1.09,989,jet,1,gasoline,677,True,none,False,dry_stack,good,69,2025-02-23,Gulf Coast,2024-09-24T00:00:00,3622.19,1.61,18582.91,False
ves_13aea867544b,6F7KJBCHBBGT,Regal,28 Express,2008,runabout,aluminum,planing,21.1,4.69,2.29,11371,outboard,1,gasoline,1075,True,none,False,wet_slip,good,76,2020-06-29,Gulf Coast,2021-11-25T00:00:00,14978.73,1.09,55343.31,False
ves_f285013a73b9,5GA9AATZ97MU,Sun Tracker,Party Barge 22 DLX,1997,pontoon,aluminum,pontoon,15.68,3.92,1.44,4368,outboard,1,gasoline,151,True,none,False,wet_slip,fair,54,2021-07-27,Pacific Coast,2022-05-18T00:00:00,3364.04,0.12,26200.34,True
ves_7a2fd53daeba,YEMPTPSXR460,Tiara,38 LS,1982,cruiser,steel,semi_displacement,20.39,6.58,1.52,17269,sterndrive,1,gasoline,3656,True,freshwater,False,wet_slip,poor,35,2024-04-14,Pacific Coast,2015-11-09T00:00:00,9421.1,0.87,123558.79,False
ves_8f137c5fd603,7EM9B3FC7T22,Tiara,44 Coupe,2011,cruiser,FRP,semi_displacement,31.94,7.64,2.51,41661,sterndrive,2,gasoline,1041,True,none,False,wet_slip,excellent,92,2020-10-02,Pacific Coast,2016-08-23T00:00:00,92845.7,0.73,226428.83,True
ves_ad7636d9f96b,DPKZN10K0X51,Bennington,20 SVL,1983,pontoon,aluminum,pontoon,18.85,5.59,0.83,5654,outboard,1,gasoline,1157,True,none,False,trailered,fair,50,,Pacific Coast,2014-11-29T00:00:00,3573.63,0.6,40917.14,False
ves_8055067a4c82,EM1FTP2SG2M5,Bayliner,DX2000,2018,runabout,FRP,planing,15.35,5.12,1.23,10661,sterndrive,1,gasoline,494,True,none,False,wet_slip,very_good,84,,Maritimes,2018-05-28T00:00:00,14105.2,1.12,33141.58,False
ves_dcecf8e18912,KHDZE1TD596D,Boston Whaler,280 Vantage,2006,fishing,FRP,semi_displacement,26.0,5.8,2.0,22053,inboard,1,diesel,2371,True,none,False,trailered,good,74,2021-08-27,Gulf Coast,2019-02-25T00:00:00,20934.24,1.39,92511.88,False
ves_8d3adaf5ac0d,X2567DY0WC7F,Beneteau,First 27,2023,sailboat,steel,displacement,42.66,11.42,2.79,82149,inboard,1,diesel,168,False,none,False,wet_slip,excellent,93,,Inland Lakes,2021-10-21T00:00:00,195727.3,1.4,258542.14,False
ves_131bb072e779,29N7T3BLES4V,Tiara,38 LS,2003,cruiser,FRP,semi_displacement,40.06,9.34,4.36,67139,sterndrive,2,gasoline,1980,False,none,False,wet_slip,good,76,,Inland Lakes,2024-03-11T00:00:00,89704.06,0.91,307489.42,False
ves_ed2c54c7521b,YLKR00JX8B4N,Tracker,Grizzly 1860,2024,fishing,FRP,semi_displacement,22.91,6.63,2.61,21536,inboard,1,gasoline,113,True,none,False,trailered,excellent,98,2021-12-09,Pacific Coast,2025-10-05T00:00:00,49475.37,0.66,64071.76,False
ves_e676046ed77a,W8L3W8U3U0XC,Tiara,38 LS,1989,cruiser,FRP,planing,24.75,7.5,3.76,30240,sterndrive,1,diesel,1159,True,none,False,wet_slip,fair,56,2021-06-06,Atlantic Coast,2015-09-09T00:00:00,24631.73,0.33,160480.03,True
ves_a84fa88990ae,AXAGA388TT84,Sea Ray,SPX 190,2026,cruiser,FRP,semi_displacement,35.57,9.07,4.36,50411,sterndrive,2,diesel,0,False,freshwater,False,wet_slip,excellent,92,2024-10-12,Inland Lakes,2024-02-10T00:00:00,170643.82,0.0,233825.28,False
ves_2a0231912f6a,3RN7KK4L9HEZ,Bennington,22 SSB,2003,pontoon,aluminum,pontoon,21.88,5.77,2.05,8563,outboard,1,gasoline,3774,True,none,False,trailered,fair,46,2022-12-05,Pacific Coast,2025-11-17T00:00:00,7565.63,3.65,50038.79,False
ves_3de5303a7048,7J3B74LEUZ85,Chaparral,23 SSi,2007,runabout,aluminum,planing,24.79,7.93,3.12,21412,outboard,1,gasoline,671,True,none,False,trailered,excellent,91,2023-03-13,Pacific Coast,2020-08-04T00:00:00,20626.85,0.64,68807.14,False
ves_3af9832970a7,Z5W9Z05HSHTT,Kawasaki Jet Ski,Ultra 310LX,2006,PWC,composite,planing,10.64,4.09,1.03,898,jet,1,gasoline,984,True,none,False,dry_stack,fair,64,2018-10-15,Pacific Coast,2019-12-21T00:00:00,2055.96,1.41,15297.17,False
ves_51e4b59eef69,9U96501EF7Y0,HarborCat,36 Pilot,2009,workboat,aluminum,semi_displacement,30.87,7.49,2.29,41036,inboard,2,gasoline,6239,True,none,False,wet_slip,good,68,2023-07-15,Maritimes,2014-11-03T00:00:00,47918.7,1.67,205369.23,False
ves_1d34839e2fa4,0VCXERUWMV3J,Harris,Cruiser 210,2012,pontoon,aluminum,pontoon,26.0,7.14,1.92,14839,outboard,1,gasoline,858,True,none,False,trailered,good,70,2022-06-01,Maritimes,2015-05-14T00:00:00,14688.43,1.36,56384.0,False
ves_662ca39eca89,B2L9MH2A88X7,Chaparral,21 SSI,2023,runabout,FRP,planing,21.86,6.93,3.41,14712,outboard,1,gasoline,149,True,none,False,wet_slip,very_good,84,2019-06-19,Atlantic Coast,2014-08-01T00:00:00,35062.45,0.9,58054.13,False
ves_5ce6322322dd,13B889XYADVU,Formula,290 BR,2019,cruiser,FRP,semi_displacement,45.2,12.35,2.71,98056,inboard,1,diesel,1780,False,none,False,wet_slip,very_good,86,,Inland Lakes,2017-09-24T00:00:00,191395.13,2.68,361843.39,False
ves_8d0c737121a9,1SBYWFZ48HE6,Sea Ray,SPX 190,1975,cruiser,FRP,planing,35.14,8.94,5.37,40469,sterndrive,1,gasoline,3017,True,none,False,wet_slip,poor,41,2022-10-12,Pacific Coast,2015-12-23T00:00:00,22336.23,0.62,230058.68,False
ves_edf7bc87225a,9WA8YXNA0N2Y,Lund,1975 Impact,2003,fishing,aluminum,planing,19.88,4.95,2.41,13130,inboard,1,gasoline,2246,False,none,False,wet_slip,good,65,2020-05-09,Inland Lakes,2015-03-10T00:00:00,10859.64,1.15,57478.38,False
ves_d0bc2f8b2fac,GX1S5BM7YR5K,Sea Ray,Sundancer 320,2017,runabout,FRP,planing,14.51,3.99,0.89,7264,outboard,1,gasoline,246,False,none,False,trailered,excellent,98,,Inland Lakes,2023-05-22T00:00:00,14881.2,0.5,33402.4,False
ves_398544fc653a,3T9P4H45LN24,Grady-White,191 CE,2011,fishing,aluminum,planing,21.09,6.19,1.77,14119,outboard,1,diesel,1815,True,none,False,wet_slip,good,70,2025-08-27,Maritimes,2018-05-10T00:00:00,15746.33,1.42,62285.75,False
ves_ac2c88a55bd7,7JZAVCMY9EBX,Tiara,44 Coupe,1970,cruiser,steel,semi_displacement,30.27,9.48,2.04,54851,sterndrive,1,diesel,4244,False,none,False,wet_slip,good,67,2021-01-26,Great Lakes,2018-08-05T00:00:00,24642.42,0.8,210611.86,False
ves_b6d814f954ee,WSH21AH4HFY0,Harris,Cruiser 210,2019,pontoon,aluminum,pontoon,16.61,5.38,0.82,6348,outboard,1,gasoline,917,True,freshwater,False,trailered,fair,47,2020-10-16,Atlantic Coast,2017-04-25T00:00:00,6376.11,2.91,30790.12,False
ves_51fed56ac47f,JJ7B2C1WWSY4,SafeBoat,33 Full Cabin,2022,workboat,aluminum,planing,32.17,7.78,4.18,46772,jet,1,diesel,487,False,none,False,wet_slip,excellent,95,2018-11-04,Great Lakes,2018-01-29T00:00:00,128791.46,0.55,217112.82,False
ves_304ed602e1e4,8CRSZEVMTU32,Carver,C34 Coupe,1998,cruiser,FRP,semi_displacement,34.37,10.47,2.31,55224,sterndrive,2,gasoline,3664,True,none,False,wet_slip,good,74,,Maritimes,2020-05-02T00:00:00,56393.85,1.38,223254.24,False
ves_63d80b017fcb,H5D95PE8A9H2,Carver,C34 Coupe,1998,cruiser,steel,semi_displacement,54.04,14.95,6.69,103755,sterndrive,1,diesel,2033,False,none,False,wet_slip,good,69,2021-10-21,Great Lakes,2016-10-11T00:00:00,98898.59,0.76,411273.58,False
ves_a1002976f9fc,31K05RHKZR3G,SafeBoat,33 Full Cabin,2026,workboat,aluminum,planing,21.69,5.56,2.82,23510,jet,1,diesel,0,False,none,False,trailered,excellent,98,2023-02-06,Inland Lakes,2023-01-14T00:00:00,135598.97,0.0,127514.55,False
ves_fd03db5f16a0,H6RRFY8G4CUM,Grady-White,336 Canyon,2009,fishing,FRP,semi_displacement,24.19,7.42,1.21,20515,inboard,1,diesel,1723,False,none,False,wet_slip,excellent,91,2020-12-19,Inland Lakes,2017-04-23T00:00:00,21581.46,1.19,74929.57,False
ves_a0545cdef9dc,9K3V0TFHR6CT,Alumacraft Pro,Trophy 195,2001,workboat,steel,semi_displacement,21.76,6.93,1.21,27422,outboard,1,diesel,4074,False,none,False,trailered,good,69,2022-02-27,Great Lakes,2012-07-19T00:00:00,23752.55,0.74,128105.41,False
ves_7e89df1528e2,8VHW4TUAL4HN,Bennington,24 LXSB,2017,pontoon,aluminum,pontoon,20.7,5.43,0.89,8399,outboard,1,gasoline,515,True,none,False,wet_slip,good,76,2018-02-14,Pacific Coast,2017-12-27T00:00:00,15660.23,1.27,46434.79,False
ves_b82ff4618081,ZUJ0K7YA029D,Regal,28 Express,2010,runabout,FRP,planing,15.23,4.44,1.79,8312,outboard,1,gasoline,745,True,none,False,wet_slip,very_good,82,2025-12-05,Atlantic Coast,2014-06-10T00:00:00,10822.6,0.85,35643.34,False
ves_5a919ec7638e,GSK37L5SSK3J,Hunter,31,1989,sailboat,steel,displacement,39.46,12.0,2.53,122282,inboard,0,diesel,1605,True,none,False,trailered,fair,54,2020-07-19,Maritimes,2015-10-29T00:00:00,40605.49,1.08,191168.05,False
ves_fd802d5cbc69,NEN38Z8L239T,Lund,1650 Angler,2011,fishing,aluminum,planing,22.95,5.4,2.84,17601,inboard,1,diesel,1117,True,none,False,wet_slip,very_good,80,2019-03-08,Maritimes,2025-10-15T00:00:00,19411.78,0.88,69811.91,False
ves_fca11aae8c1b,AYSWCPRNNGXG,Beneteau,Oceanis 31,2016,sailboat,wood,displacement,17.02,3.99,1.42,15096,sail_aux,1,diesel,400,True,none,False,wet_slip,very_good,89,2019-05-03,Gulf Coast,2014-05-28T00:00:00,38587.11,1.0,74759.97,False
ves_d54b8789d9d1,0NEHZUS7G08S,Regal,LS4,2007,runabout,FRP,planing,21.03,6.87,2.48,18926,outboard,1,gasoline,1966,True,none,False,wet_slip,good,67,,Pacific Coast,2020-01-22T00:00:00,13246.43,1.88,55106.95,False
ves_fa1be9c15665,3MKW8JKYGK4G,Formula,290 BR,2014,cruiser,FRP,semi_displacement,28.4,9.16,3.14,45027,sterndrive,1,gasoline,1025,True,none,False,wet_slip,fair,64,,Gulf Coast,2020-05-27T00:00:00,65843.18,0.9,193291.59,False
ves_8d141dd19a9e,7ZM4230DP3F2,Lund,1650 Angler,2026,fishing,FRP,planing,23.09,7.28,1.7,23527,inboard,1,gasoline,0,True,none,False,trailered,excellent,97,2019-03-03,Pacific Coast,2013-05-24T00:00:00,74252.9,0.0,70375.23,False
ves_153567703c5e,NAKBDY2M2C7A,Parker,2320 Sport Cabin,1993,workboat,steel,displacement,33.48,8.73,1.77,46072,outboard,1,diesel,7810,True,unknown,False,trailered,fair,45,2025-10-29,Maritimes,2021-11-30T00:00:00,25327.31,1.08,229130.01,False
ves_18c3f8b01950,MJ6MXTCHVSV8,Sea-Doo,GTI 130,2007,PWC,composite,planing,11.06,4.44,0.95,831,jet,1,gasoline,1631,True,none,False,trailered,fair,45,2023-09-15,Gulf Coast,2017-08-22T00:00:00,2015.47,2.45,18052.08,False
ves_18e784e385e4,4P23S7Z00BUY,Lund,1650 Angler,2018,fishing,aluminum,semi_displacement,22.38,6.42,1.98,18798,outboard,1,gasoline,398,True,none,False,trailered,excellent,98,,Maritimes,2013-09-08T00:00:00,29761.68,0.59,67474.54,False
ves_f288ddb31cad,9AVNPSH033TB,Sea Ray,SPX 190,2015,runabout,aluminum,planing,23.13,5.74,2.96,17222,outboard,1,gasoline,427,True,none,False,trailered,good,79,2021-12-17,Pacific Coast,2023-04-20T00:00:00,21513.89,0.71,62661.43,False
ves_203059349faf,1UJ12RRH1GVD,Chaparral,21 SSI,2014,runabout,FRP,planing,32.16,8.24,3.2,33712,outboard,1,gasoline,238,True,none,False,trailered,very_good,86,2025-02-28,Gulf Coast,2013-07-24T00:00:00,34670.25,0.36,97783.27,False
ves_ac1568c7b48d,0BEAAY35RZL3,Parker,2320 Sport Cabin,2025,workboat,steel,displacement,48.13,13.45,3.66,106903,jet,1,gasoline,315,True,none,False,trailered,very_good,80,2018-07-24,Atlantic Coast,2020-10-28T00:00:00,291306.54,1.43,374016.84,False
ves_4d8a3dbd6dce,D23X4BLVLN05,Boston Whaler,170 Montauk,2020,fishing,FRP,semi_displacement,21.68,6.87,1.63,14779,outboard,1,gasoline,234,True,none,False,wet_slip,excellent,93,2024-12-06,Gulf Coast,2016-01-07T00:00:00,35995.44,0.46,72365.43,False
ves_32949d3fb4e2,ZL2HX6H2SG7G,Lund,1875 Pro-V,1998,fishing,FRP,semi_displacement,26.0,5.97,3.05,14985,outboard,1,gasoline,3258,False,none,False,wet_slip,good,70,,Great Lakes,2018-10-11T00:00:00,14138.24,1.37,82599.89,False
ves_557497840d7e,P5E7TFA32XWX,Catalina,275 Sport,2022,sailboat,FRP,displacement,8.0,3.5,1.21,4788,inboard,1,diesel,127,False,none,False,dry_stack,excellent,90,2018-06-26,Great Lakes,2024-09-09T00:00:00,16928.42,0.79,24094.86,False
ves_a1ba62c1c979,HGJ5PRFF6LBS,Harris,Cruiser 210,2000,pontoon,aluminum,pontoon,18.65,4.77,1.39,4634,outboard,1,gasoline,2088,True,none,False,trailered,fair,64,2025-08-13,Pacific Coast,2018-10-05T00:00:00,6153.66,1.78,36016.3,False
ves_e475c04367e2,5KVEH3UPUMWE,Boston Whaler,280 Vantage,2002,fishing,FRP,planing,19.12,6.42,2.86,17784,outboard,1,diesel,1240,True,none,False,trailered,good,68,,Pacific Coast,2023-02-25T00:00:00,11551.03,0.61,61073.49,False
ves_d4dda0db6e95,JEF49T2DRZGY,Chaparral,280 OSX,2011,runabout,aluminum,planing,25.21,8.52,2.07,19247,outboard,1,gasoline,894,True,none,False,wet_slip,good,66,,Pacific Coast,2022-07-21T00:00:00,18879.06,1.08,70382.92,False
ves_dde15999f832,A4CXVGGP7GRV,Regal,26 XO,2010,runabout,aluminum,planing,19.74,6.31,2.36,16670,sterndrive,1,gasoline,451,True,none,False,wet_slip,very_good,83,2022-07-02,Maritimes,2016-05-09T00:00:00,15496.87,0.51,50586.47,False
ves_a7429de5aac2,UGXUV8W8SSUR,Sea Ray,SLX 260,2003,cruiser,FRP,semi_displacement,36.22,9.62,2.2,54925,sterndrive,1,diesel,1437,True,none,False,wet_slip,good,76,2025-11-15,Atlantic Coast,2017-07-26T00:00:00,69902.32,0.66,239612.61,False
ves_0d27f07753e1,7XDTAP7BFHX2,Sea-Doo,RXT-X 300,1970,PWC,composite,planing,12.02,4.19,0.95,986,jet,1,gasoline,2835,True,none,False,wet_slip,poor,43,,Maritimes,2013-05-25T00:00:00,1200.0,1.45,20198.96,False
ves_ef64245082c6,5K129D2PMVE4,Harris,Cruiser 210,2015,pontoon,aluminum,pontoon,23.12,5.21,1.75,9330,outboard,1,gasoline,368,True,none,False,trailered,very_good,86,2023-01-13,Pacific Coast,2023-10-06T00:00:00,15907.6,0.74,48118.57,True
ves_b3746dc9541f,H6YJKLPSFMY1,Regal,28 Express,1998,runabout,aluminum,planing,23.49,7.14,1.66,19664,outboard,1,gasoline,1402,True,none,False,trailered,fair,59,,Gulf Coast,2014-12-28T00:00:00,10770.79,0.91,63965.81,False
ves_dc5ee2a59caa,88NKNX8R8TMG,Bennington,22 SSB,2023,pontoon,aluminum,pontoon,22.41,5.78,2.13,8088,outboard,1,gasoline,229,True,saltwater,False,trailered,fair,61,,Gulf Coast,2018-12-13T00:00:00,10881.93,1.7,51672.65,False
ves_d9dded49e0bb,YJYRA0Z88R2V,Carver,C40 Command Bridge,2013,cruiser,FRP,semi_displacement,50.3,16.86,3.54,132839,sterndrive,2,diesel,622,False,none,False,wet_slip,very_good,82,,Great Lakes,2021-10-21T00:00:00,147726.09,0.5,373263.86,True
ves_4269c80a3f85,DGB7YN0CMT2U,Boston Whaler,170 Montauk,2008,fishing,FRP,semi_displacement,24.01,8.03,2.99,20063,outboard,1,gasoline,312,True,none,False,wet_slip,good,68,2023-09-14,Pacific Coast,2014-02-09T00:00:00,18811.43,0.2,83077.04,False
ves_03e9617f3c2b,7DWPGS7AZ5P7,Beneteau,First 27,1994,sailboat,FRP,displacement,42.44,9.42,3.09,97352,sail_aux,1,diesel,1020,True,none,False,wet_slip,good,77,2018-02-18,Gulf Coast,2022-02-02T00:00:00,76754.93,0.8,256765.48,False
ves_d62c7433e2e8,WUSAN5U5RHGR,Sea Ray,SPX 190,2004,runabout,FRP,planing,18.65,6.22,2.11,14202,outboard,1,gasoline,541,False,none,False,wet_slip,good,69,,Great Lakes,2021-03-16T00:00:00,9664.95,0.45,46854.7,True
ves_3d50d63b32ca,X9JPTGH9BMRX,Lund,1650 Angler,2011,fishing,aluminum,semi_displacement,24.02,6.35,3.02,16019,outboard,1,diesel,1376,True,none,False,trailered,good,68,2022-01-13,Maritimes,2024-08-04T00:00:00,18393.47,1.08,74239.73,False
ves_b524b61fc34d,GXSPC5B1338D,Formula,290 BR,1966,cruiser,steel,semi_displacement,20.35,4.53,1.14,14099,sterndrive,1,diesel,12017,True,none,False,wet_slip,poor,33,,Atlantic Coast,2016-11-19T00:00:00,8479.69,2.11,123239.29,False
ves_d30a90cef48d,TDR88E6AP8PB,Sea Ray,SPX 190,2017,runabout,FRP,planing,23.58,5.66,2.97,15259,sterndrive,1,gasoline,577,True,none,False,trailered,very_good,85,2023-11-23,Atlantic Coast,2016-08-08T00:00:00,25741.08,1.17,64303.14,False
ves_5dfac7bfcc39,WJW4U7SK0XD4,Chaparral,280 OSX,2001,runabout,FRP,planing,12.6,3.5,1.88,5040,outboard,1,gasoline,1008,False,none,False,wet_slip,good,76,2018-04-05,Inland Lakes,2018-07-11T00:00:00,6055.56,0.73,27602.38,False
ves_748197bc4e34,BRXXAG3TUX4X,Hunter,36,1999,sailboat,wood,displacement,16.88,3.98,2.33,15206,sail_aux,1,diesel,874,False,none,False,trailered,good,67,2019-11-16,Inland Lakes,2015-11-15T00:00:00,18187.56,0.81,60720.74,False
ves_d226372dbd4d,0X37UAMDH28X,Yamaha WaveRunner,VX Cruiser,1966,PWC,composite,planing,12.31,4.19,1.03,952,jet,1,gasoline,2883,True,none,False,wet_slip,poor,37,,Maritimes,2012-07-04T00:00:00,1200.0,1.37,20859.61,False
ves_e734386a3dc3,TU4ZWTADACVC,Tiara,38 LS,1999,cruiser,FRP,planing,22.26,6.33,3.45,27864,sterndrive,1,gasoline,2425,False,none,False,wet_slip,good,74,2025-03-21,Great Lakes,2025-05-21T00:00:00,36014.09,0.95,139053.85,False
ves_21f205d91921,V24JX54DFNC7,Tracker,Targa V-18,2010,fishing,aluminum,semi_displacement,20.94,5.41,1.87,14054,inboard,1,diesel,1360,True,none,False,wet_slip,very_good,80,2024-06-08,Pacific Coast,2018-06-17T00:00:00,15312.68,1.0,56747.16,False
ves_733fb8d8d15c,GYB5E8TE4U77,Formula,350 CBR,1993,cruiser,FRP,planing,43.04,14.39,3.91,121648,inboard,1,diesel,653,False,none,False,wet_slip,good,65,2023-05-02,Great Lakes,2017-03-16T00:00:00,63475.88,0.21,338795.62,True
ves_2d099571fa10,U13V09MTWFRM,Beneteau,Oceanis 31,2004,sailboat,FRP,displacement,29.68,6.94,4.59,51911,inboard,1,diesel,1666,False,none,False,dry_stack,fair,60,2022-09-30,Great Lakes,2014-06-27T00:00:00,48666.34,1.89,158434.3,False
ves_25dde407b609,WWBAW1YT2SKV,Jeanneau,Leader 10.5,1985,sailboat,wood,displacement,43.21,14.18,4.36,157892,inboard,1,diesel,3332,False,none,False,unknown,fair,55,2023-01-16,Great Lakes,2013-04-28T00:00:00,52191.24,2.03,263050.68,False
ves_6a84097665d3,KZHG6H4J5W54,Formula,350 CBR,2015,cruiser,steel,planing,38.81,12.92,3.33,77338,sterndrive,2,diesel,447,False,none,False,wet_slip,very_good,87,2022-12-14,Inland Lakes,2015-08-17T00:00:00,128021.57,0.43,294563.73,False
ves_62d339e10109,48AZ35XHB04P,Tracker,Targa V-18,1997,fishing,FRP,planing,21.17,4.95,1.37,10966,outboard,1,diesel,2511,True,none,False,wet_slip,fair,59,2020-12-31,Maritimes,2012-08-18T00:00:00,8514.83,1.02,57588.3,False
ves_0003ff80d1ab,DJ0BF00VTVCX,Formula,350 CBR,2005,cruiser,steel,semi_displacement,36.8,8.16,4.93,47806,sterndrive,1,gasoline,1694,True,none,False,wet_slip,good,78,,Pacific Coast,2015-08-12T00:00:00,85663.52,0.85,274151.44,False
ves_9ef7cac0e86f,3PSYUMAYBYPA,Jeanneau,Leader 10.5,2005,sailboat,FRP,displacement,36.66,8.85,4.8,54872,inboard,1,diesel,345,True,none,False,wet_slip,very_good,82,,Atlantic Coast,2015-10-25T00:00:00,82142.61,0.41,210688.89,False
ves_d8fdac810415,L42BS34BM64W,Regal,28 Express,2007,runabout,FRP,planing,21.69,6.07,1.78,14303,sterndrive,1,gasoline,83,True,none,False,trailered,good,70,,Maritimes,2019-12-19T00:00:00,13098.78,0.08,57456.39,True
ves_2761b6c7804b,JU8G3VEH1N4Y,Bennington,22 SSB,1982,pontoon,aluminum,pontoon,16.98,4.43,1.63,4295,outboard,1,gasoline,2550,True,none,False,wet_slip,poor,43,2023-02-27,Maritimes,2025-05-28T00:00:00,2748.22,1.29,35528.87,False
ves_48e974e52367,D7CBENPWBKP7,Jeanneau,Sun Odyssey 349,2013,sailboat,wood,displacement,22.49,5.83,1.44,26064,sail_aux,1,diesel,871,True,none,False,wet_slip,excellent,91,2023-09-11,Maritimes,2019-03-04T00:00:00,53837.58,1.68,108927.85,False
ves_7042bab0a5a0,MW3TCSEGK6GT,Sea Ray,SPX 190,2004,runabout,aluminum,planing,21.85,7.22,2.67,14376,outboard,1,gasoline,544,True,none,False,wet_slip,good,70,2018-03-30,Pacific Coast,2016-02-22T00:00:00,13144.92,0.45,58041.66,False
ves_768b6c8c72f9,TKPVNP7ZVL9W,Alumacraft Pro,205 Bay,2014,workboat,FRP,displacement,38.22,11.26,2.39,76519,inboard,1,diesel,6919,False,none,False,dry_stack,good,76,2019-07-12,Inland Lakes,2017-04-04T00:00:00,80323.51,2.62,273961.35,False
ves_c3739662c771,2LZCYZNL45KU,Bayliner,VR5,2011,runabout,aluminum,planing,26.0,8.28,3.42,21673,outboard,1,gasoline,1081,True,none,False,unknown,good,77,2025-03-11,Maritimes,2019-01-17T00:00:00,20180.79,1.31,67510.06,False
ves_22af4f25f641,FL45L987T81F,Formula,350 CBR,2004,cruiser,steel,planing,32.55,7.63,4.86,32732,sterndrive,1,gasoline,1366,True,none,False,wet_slip,very_good,80,,Maritimes,2024-09-21T00:00:00,72124.07,0.65,232365.73,False
ves_13d9454435c9,VBTEA6GEJUSS,Grady-White,257 Fisherman,2002,fishing,FRP,semi_displacement,26.0,6.61,2.37,19252,outboard,1,diesel,344,True,none,False,wet_slip,fair,53,2025-10-28,Pacific Coast,2015-08-28T00:00:00,12175.41,0.17,82599.89,True
ves_9d70800ac49f,HX9W025RFR7D,Regal,LS4,2008,runabout,FRP,planing,24.71,7.93,1.02,25334,sterndrive,1,gasoline,123,True,none,False,wet_slip,very_good,80,2025-09-08,Atlantic Coast,2024-11-07T00:00:00,17696.79,0.12,68490.13,True
ves_5b8a05ccc3e9,5P6PS7CFAGVL,Carver,C34 Coupe,2016,cruiser,steel,semi_displacement,30.23,8.32,2.89,38405,sterndrive,2,gasoline,994,True,unknown,True,wet_slip,very_good,87,2018-03-05,Maritimes,2016-08-11T00:00:00,45999.75,1.05,187685.86,False
ves_1b3a6ffa8532,DLXFUSYCU7FE,Sea Ray,SPX 190,2013,runabout,FRP,planing,21.24,6.38,1.43,14249,sterndrive,1,gasoline,733,False,none,False,wet_slip,very_good,87,2021-07-05,Inland Lakes,2013-05-25T00:00:00,19382.63,1.03,55850.25,False
ves_a08b22060ae3,3DK72NU8843D,Sea Ray,SPX 190,1998,cruiser,steel,semi_displacement,37.12,12.55,4.07,71904,sterndrive,1,gasoline,2362,False,none,False,unknown,good,76,,Great Lakes,2018-07-20T00:00:00,63765.2,0.89,247678.67,False
ves_2be5c0b4b03f,93H8YTGL88GH,Chaparral,21 SSI,1979,runabout,aluminum,planing,24.58,7.85,2.16,22650,sterndrive,1,gasoline,792,False,none,False,trailered,fair,62,2023-01-27,Inland Lakes,2019-02-28T00:00:00,6695.36,0.31,68021.07,False
ves_0f5d8fc1df7f,CTUVFWUJTK28,Harris,Solstice 230,2010,pontoon,aluminum,pontoon,19.44,5.76,1.55,6628,outboard,1,gasoline,433,False,none,False,wet_slip,excellent,91,2022-05-16,Great Lakes,2025-06-21T00:00:00,11303.89,0.6,38086.55,False
ves_eaae6043998a,E39HVKA51F5A,Sun Tracker,Party Barge 22 DLX,1998,pontoon,aluminum,pontoon,26.0,8.42,0.86,12327,outboard,1,gasoline,1700,False,none,False,dry_stack,good,65,2023-03-04,Great Lakes,2024-11-25T00:00:00,8435.5,1.35,51873.28,False
ves_fbf3f9f0f836,FXCB84AF6ZHA,Tracker,Grizzly 1860,1986,fishing,aluminum,planing,26.0,7.7,1.73,25843,inboard,1,diesel,3516,False,none,False,trailered,fair,59,,Great Lakes,2025-10-08T00:00:00,8077.77,1.03,75991.9,False
ves_c795e613b64d,LMRWHTPAKH0L,Jeanneau,Leader 10.5,2013,sailboat,steel,displacement,32.16,7.95,4.78,49089,inboard,1,diesel,247,True,none,False,dry_stack,very_good,81,2024-12-28,Pacific Coast,2015-09-29T00:00:00,80049.11,0.47,176536.04,False
ves_f1bc6261c379,ZUV62BFMLY2J,HarborCat,36 Pilot,2008,workboat,FRP,displacement,36.8,9.46,3.28,61316,outboard,1,gasoline,2856,True,none,False,wet_slip,very_good,84,2025-07-10,Maritimes,2024-07-11T00:00:00,68550.65,0.72,260295.6,False
ves_212d9ac85af8,S6DR0YZGXH25,Sun Tracker,Party Barge 22 DLX,2026,pontoon,aluminum,pontoon,26.0,6.64,2.18,10478,outboard,1,gasoline,0,True,none,False,trailered,excellent,93,2017-12-21,Pacific Coast,2017-05-24T00:00:00,53009.31,0.0,51873.28,False
ves_12d2cd3fb00e,DKMXU0CB1UB5,Formula,290 BR,1991,cruiser,steel,semi_displacement,38.03,11.4,2.12,55903,sterndrive,1,gasoline,5195,True,none,False,wet_slip,fair,60,2024-05-29,Pacific Coast,2013-05-08T00:00:00,52601.65,1.56,286603.51,False
ves_299929675611,SRBAU4DRX3A8,Tiara,38 LS,1969,cruiser,FRP,planing,37.07,11.2,1.57,76044,inboard,1,gasoline,8033,True,none,False,wet_slip,fair,49,,Pacific Coast,2025-01-13T00:00:00,25741.84,1.48,276896.97,False
ves_e77821858336,BL64T0HNADXD,Lund,1650 Angler,1985,fishing,FRP,semi_displacement,26.0,8.6,2.1,28593,outboard,1,diesel,1898,False,none,False,dry_stack,fair,53,2018-09-07,Inland Lakes,2023-03-29T00:00:00,7947.04,0.54,82599.89,False
ves_5111d7b55ded,XA5LZXRMA0J0,Jeanneau,Leader 10.5,1980,sailboat,wood,displacement,29.82,9.22,4.47,67002,sail_aux,1,diesel,1997,False,none,False,dry_stack,good,67,2020-05-28,Inland Lakes,2024-04-03T00:00:00,32660.03,1.09,159445.09,False
ves_c1df50455602,HPHUF9BZFVGJ,Grady-White,191 CE,1993,fishing,FRP,semi_displacement,17.88,4.87,2.52,12892,outboard,1,diesel,2858,True,none,False,wet_slip,fair,57,2021-12-22,Gulf Coast,2025-05-25T00:00:00,6386.96,1.02,49822.47,False
ves_9e7d4644ebbd,T5R96NCK0MPD,SafeBoat,25 Defender,2005,workboat,aluminum,semi_displacement,33.89,9.1,4.01,47337,outboard,2,diesel,4066,False,none,False,wet_slip,very_good,80,2021-09-26,Great Lakes,2017-06-21T00:00:00,54097.36,0.88,232923.5,False
ves_20e56eb37036,ER41VN4WP4ZN,Sea-Doo,RXT-X 300,2009,PWC,composite,planing,11.62,3.98,0.87,992,jet,1,gasoline,362,True,none,False,trailered,good,73,2020-01-10,Gulf Coast,2024-01-03T00:00:00,3203.81,0.61,19296.84,False
ves_a73ce09b9521,573RSCJNAUKP,Sea Ray,Sundancer 320,1983,cruiser,steel,semi_displacement,34.99,9.52,5.25,48102,inboard,1,diesel,9938,True,none,False,wet_slip,poor,38,2024-10-26,Maritimes,2020-06-29T00:00:00,25976.6,2.43,228701.53,False
ves_809ea1a360fb,4149W6C8K1CL,Hunter,31,2005,sailboat,FRP,displacement,28.0,8.7,3.15,41949,sail_aux,1,diesel,423,True,none,False,trailered,good,73,,Maritimes,2015-06-26T00:00:00,43134.49,0.5,120292.31,False
ves_fb9bca65e9d9,NNC6BFLV68D6,Boston Whaler,230 Outrage,2009,fishing,FRP,semi_displacement,13.93,4.43,2.21,8100,outboard,1,diesel,1212,True,none,False,wet_slip,good,78,,Maritimes,2017-10-10T00:00:00,10246.7,0.84,39853.47,False
ves_380f13f57a18,9EL8DWL0LU1X,Regal,26 XO,1992,runabout,aluminum,planing,26.0,6.51,3.42,16128,outboard,1,gasoline,2605,True,none,False,trailered,fair,63,2021-07-21,Maritimes,2014-08-06T00:00:00,10783.88,1.39,73380.5,False
ves_1d5cb1a247c0,HCDPTAZTT6CU,HarborCat,26 WB,2014,workboat,FRP,semi_displacement,8.58,3.5,1.25,6053,jet,1,gasoline,1491,True,none,False,unknown,good,71,2023-08-06,Pacific Coast,2013-11-30T00:00:00,10178.18,0.56,36431.48,True
ves_9ab7c2ac0853,3WDX7WRB8AP5,Bayliner,Ciera 8,2003,runabout,aluminum,planing,10.92,3.5,0.98,5112,outboard,1,gasoline,207,True,none,False,wet_slip,fair,49,2021-04-16,Gulf Coast,2014-02-20T00:00:00,3342.85,0.16,20920.55,True
ves_2292a4ebd3e7,5NEVLH7Y1JU7,Regal,LS4,1985,runabout,FRP,planing,18.06,4.79,2.36,11646,sterndrive,1,gasoline,5825,True,freshwater,False,unknown,poor,33,2018-12-11,Maritimes,2012-07-25T00:00:00,2608.67,2.58,44871.33,False
ves_30275ea4290c,5U2TAHY55V31,Sun Tracker,Bass Buggy 18 DLX,2012,pontoon,aluminum,pontoon,26.0,6.86,1.74,12547,outboard,1,gasoline,572,True,none,False,trailered,good,70,2025-11-14,Maritimes,2022-10-11T00:00:00,13513.35,0.91,51873.28,False
ves_0d6b5c8b728d,D6LJ37UC4BGX,Bayliner,Element M17,1968,runabout,aluminum,planing,20.55,6.94,1.97,19122,sterndrive,1,gasoline,3244,False,none,False,dry_stack,fair,58,2024-01-10,Inland Lakes,2020-01-24T00:00:00,3327.32,1.02,49154.21,False
ves_bf7905a96163,M34FDR0208UD,Bayliner,DX2000,2023,runabout,FRP,planing,21.87,5.59,2.3,15788,sterndrive,1,gasoline,178,False,none,False,wet_slip,excellent,90,,Inland Lakes,2013-05-05T00:00:00,33972.38,1.08,53439.62,False
ves_b2f502b03b61,K43V1C4EVCFA,SafeBoat,25 Defender,2001,workboat,aluminum,planing,8.0,3.5,0.72,5212,outboard,1,diesel,5949,True,none,True,dry_stack,poor,43,2025-02-28,Atlantic Coast,2024-11-02T00:00:00,2495.52,1.08,33172.69,False
ves_4c19ef5bac3f,8WLAXMJY96ND,Sun Tracker,Party Barge 22 DLX,2002,pontoon,aluminum,pontoon,15.02,4.94,1.13,3928,outboard,1,gasoline,133,True,none,False,trailered,good,72,2018-09-09,Pacific Coast,2014-09-12T00:00:00,4479.36,0.12,24734.72,True
ves_cf98ec96a1d7,8FPTAKZCB3UM,Formula,290 BR,2020,cruiser,steel,semi_displacement,24.49,5.78,3.0,20311,inboard,1,diesel,635,True,none,False,wet_slip,very_good,84,2024-09-14,Atlantic Coast,2022-07-31T00:00:00,87319.43,1.11,158193.36,False
ves_038837fc0e9c,FF3AL90ZN8YZ,Yamaha WaveRunner,VX Cruiser,1984,PWC,composite,planing,11.13,4.38,1.1,925,jet,1,gasoline,546,True,none,False,wet_slip,poor,36,2023-01-28,Pacific Coast,2013-04-23T00:00:00,1200.0,0.37,18206.5,True
ves_5918f54abaad,DG2URBSJ86UV,Harris,Solstice 230,2004,pontoon,aluminum,pontoon,23.1,6.03,1.87,8936,outboard,1,gasoline,1372,True,saltwater,False,wet_slip,fair,45,2023-06-20,Gulf Coast,2019-06-13T00:00:00,3325.08,1.39,48057.91,False
ves_53bbcb8c648d,2U7K9PVGA35E,Regal,28 Express,1981,runabout,aluminum,planing,21.93,6.27,1.02,16705,sterndrive,1,gasoline,5340,True,none,False,dry_stack,fair,47,2018-11-22,Maritimes,2025-05-27T00:00:00,5103.36,2.16,58324.98,False
ves_3321194392eb,7DMVEAY07F0T,Bayliner,VR5,2011,runabout,FRP,planing,19.61,5.12,2.06,9044,sterndrive,1,gasoline,609,False,none,False,dry_stack,good,78,2019-04-02,Inland Lakes,2020-10-06T00:00:00,13918.78,0.74,46131.36,False
ves_1aa5aa3a1daf,PESYVSX5UXB7,Chaparral,21 SSI,1978,runabout,FRP,planing,25.27,6.72,3.25,22122,sterndrive,1,gasoline,1011,True,none,False,wet_slip,poor,44,2018-09-18,Gulf Coast,2021-03-13T00:00:00,4991.7,0.38,70595.52,True
ves_f83864a1ae17,9P66D8D0B5B0,Sea-Doo,GTI 130,1991,PWC,FRP,planing,10.93,3.85,1.09,714,jet,1,gasoline,1058,True,none,False,trailered,fair,64,2020-06-20,Maritimes,2025-06-11T00:00:00,1310.46,0.86,17766.22,False
ves_8dcdd98aa9ab,8C79S588YLN4,Sun Tracker,Bass Buggy 18 DLX,2012,pontoon,aluminum,pontoon,19.5,4.82,1.7,6130,outboard,1,gasoline,1222,True,none,False,wet_slip,good,65,2023-03-02,Atlantic Coast,2021-07-07T00:00:00,8707.83,1.94,35183.54,False
ves_b9e9a060839d,BG3ZGXXL7V58,Tracker,Grizzly 1860,1981,fishing,aluminum,planing,26.0,6.04,1.27,15440,inboard,1,diesel,1413,False,none,False,trailered,fair,56,,Great Lakes,2023-09-04T00:00:00,6718.56,0.37,75991.9,False
ves_7868e1265969,G610DKHBBCL8,Tracker,Pro Team 175,1988,fishing,FRP,semi_displacement,31.6,10.14,3.02,36598,outboard,1,diesel,4681,True,none,False,trailered,poor,43,,Gulf Coast,2014-01-15T00:00:00,9155.77,1.45,98867.02,False
ves_73688bd1d878,NGAYP81PL6L8,Boston Whaler,230 Outrage,2006,fishing,aluminum,planing,23.68,6.6,1.85,15715,outboard,1,gasoline,764,True,none,False,trailered,good,66,2021-04-19,Maritimes,2019-06-16T00:00:00,17030.99,0.45,81526.84,False
ves_afc16588abb0,B5X5NGWWTUH1,Tiara,38 LS,1989,cruiser,steel,semi_displacement,42.27,10.25,6.2,66893,inboard,2,diesel,1489,True,none,False,wet_slip,good,74,2018-09-01,Pacific Coast,2019-10-31T00:00:00,66690.91,0.42,330636.57,False
ves_bd055c12d566,5EZ5R3YA5DXH,Lund,1975 Impact,2003,fishing,aluminum,planing,23.81,5.34,3.54,12368,outboard,1,diesel,221,True,none,False,wet_slip,good,68,,Maritimes,2013-09-28T00:00:00,13154.75,0.11,73366.58,True
ves_7d2cec222fa1,E3261AFYDUSU,Regal,26 XO,2014,runabout,FRP,planing,26.0,7.31,1.8,21696,outboard,1,gasoline,407,False,none,False,wet_slip,very_good,89,2021-03-18,Great Lakes,2025-11-09T00:00:00,26690.13,0.62,73380.5,False
ves_e8c2634d8622,NJ77WFDYA4XB,Formula,350 CBR,1975,cruiser,steel,semi_displacement,42.99,14.42,3.38,91222,sterndrive,1,diesel,11084,False,none,False,wet_slip,poor,40,,Great Lakes,2022-06-26T00:00:00,32379.72,2.29,338260.81,False
ves_b2fe89c3a0bd,RAXPVLA8E3KN,Sea Ray,Sundancer 320,2011,runabout,aluminum,planing,22.86,5.74,3.45,16113,sterndrive,1,gasoline,470,False,none,False,unknown,very_good,83,2020-11-02,Great Lakes,2024-06-28T00:00:00,19466.94,0.57,61667.92,False
ves_9901cdb4335a,DUHH6754NGV3,Alumacraft Pro,205 Bay,2010,workboat,aluminum,semi_displacement,26.51,8.67,3.08,42049,outboard,1,gasoline,4356,True,none,False,wet_slip,good,79,2022-04-23,Maritimes,2015-12-14T00:00:00,44698.2,1.24,167164.83,False
ves_9fc9f7550249,99KTP6Z224M5,Sea Ray,SDX 250,2015,runabout,aluminum,planing,17.61,5.35,1.32,10960,outboard,1,gasoline,85,False,none,False,wet_slip,very_good,83,2020-12-15,Inland Lakes,2020-03-15T00:00:00,15429.73,0.14,43351.55,True
ves_f2a8e4bc1867,P15KFEX15EUB,Parker,2320 Sport Cabin,1986,workboat,aluminum,displacement,41.12,11.31,3.01,81885,outboard,2,gasoline,2476,True,none,False,unknown,poor,44,,Atlantic Coast,2013-11-16T00:00:00,26733.62,0.28,302393.66,False
ves_653ca9edb10d,G03S7FRHE0G9,Sea Ray,SDX 250,2022,runabout,aluminum,planing,22.75,7.1,3.19,21292,sterndrive,1,gasoline,303,False,none,False,wet_slip,excellent,92,2023-08-07,Inland Lakes,2024-03-21T00:00:00,36920.86,1.38,61268.65,False
ves_6ac33aefe6ff,GRTK8FEL4DB9,Formula,290 BR,1999,cruiser,FRP,semi_displacement,44.59,14.56,1.91,96489,sterndrive,2,diesel,3607,True,none,False,wet_slip,fair,46,2022-05-06,Pacific Coast,2016-05-03T00:00:00,67286.89,1.41,355365.86,False
ves_b1fdbf08bb62,KULA37DBYZKU,SafeBoat,33 Full Cabin,2002,workboat,FRP,displacement,21.32,5.97,3.29,21176,inboard,1,gasoline,2643,False,none,False,trailered,good,73,2020-10-17,Great Lakes,2025-08-18T00:00:00,24757.42,0.5,124552.45,False
ves_799b894270eb,F5Z4MKWW63TG,Bayliner,Element M17,2004,runabout,aluminum,planing,20.6,5.66,2.84,15533,outboard,1,gasoline,2011,True,none,False,wet_slip,fair,49,2021-05-22,Maritimes,2019-10-29T00:00:00,8822.96,1.66,49298.12,False
ves_3082e4c56843,JK587DXWL49M,Harris,Cruiser 210,1987,pontoon,aluminum,pontoon,26.0,8.69,0.84,12887,outboard,1,gasoline,1076,True,none,False,trailered,fair,47,,Gulf Coast,2020-08-16T00:00:00,5344.43,0.61,56384.0,False
ves_92eb6708b710,UG0GP00SLP70,Harris,Cruiser 210,2010,pontoon,aluminum,pontoon,14.86,3.5,1.31,3940,outboard,1,gasoline,952,True,none,False,wet_slip,good,70,2021-06-25,Maritimes,2025-07-30T00:00:00,6499.61,1.32,26492.65,False
ves_88910158e390,4X4LA8NR0BA3,Sun Tracker,Bass Buggy 18 DLX,2012,pontoon,aluminum,pontoon,23.29,5.4,1.83,9797,outboard,1,gasoline,435,True,none,False,wet_slip,very_good,87,2020-08-13,Atlantic Coast,2020-01-31T00:00:00,13628.67,0.69,44722.31,False
ves_5c3b54d48426,N5B4L096P1BD,Beneteau,First 27,1967,sailboat,FRP,displacement,27.27,6.15,1.64,36922,inboard,0,diesel,2606,True,none,False,wet_slip,poor,39,,Gulf Coast,2017-08-27T00:00:00,15885.2,1.1,141321.39,False
ves_d6460668331f,PWGV57Y193P8,Grady-White,257 Fisherman,1992,fishing,FRP,planing,24.71,7.09,2.95,19240,inboard,1,gasoline,687,True,none,False,wet_slip,fair,47,2025-10-02,Atlantic Coast,2023-11-17T00:00:00,7813.42,0.24,77119.39,True
ves_ecfb9795c42c,1Y50N81UVYHL,Bayliner,DX2000,1966,runabout,FRP,planing,21.61,5.26,0.91,11515,outboard,1,gasoline,11847,True,none,False,unknown,poor,25,,Pacific Coast,2018-07-17T00:00:00,2097.34,3.59,52596.35,False
ves_bbe63ec965d6,HPD5E1C4NTYE,HarborCat,36 Pilot,1991,workboat,aluminum,planing,19.07,5.38,2.52,16120,outboard,1,gasoline,8495,True,none,False,wet_slip,good,67,,Atlantic Coast,2025-01-23T00:00:00,14424.02,1.1,107172.77,False
ves_483aac5c0e15,DS3NA01Y3MXC,HarborCat,26 WB,1988,workboat,FRP,planing,35.87,7.97,5.63,46626,inboard,2,gasoline,3250,True,none,False,dry_stack,fair,46,2024-11-03,Maritimes,2012-11-08T00:00:00,22301.39,0.39,251442.19,True
ves_4fc675b81f06,2BS39B9Y9VTU,Boston Whaler,280 Vantage,2023,fishing,FRP,semi_displacement,10.03,3.5,1.49,4948,outboard,1,gasoline,264,True,none,False,wet_slip,excellent,95,2023-09-27,Gulf Coast,2021-03-12T00:00:00,16424.85,1.04,25559.73,False
ves_42b93626e7ca,9DWR9WSC78Y1,Formula,350 CBR,2025,cruiser,FRP,planing,31.1,10.31,2.96,63998,sterndrive,1,gasoline,117,True,none,False,wet_slip,excellent,98,2025-03-06,Pacific Coast,2014-05-24T00:00:00,206036.77,1.23,218455.72,False
ves_a9bb503dcdec,Z5W1APDJPGJE,Sea Ray,SLX 260,2018,cruiser,FRP,planing,36.71,8.24,3.36,57623,sterndrive,1,gasoline,1144,True,none,False,wet_slip,very_good,87,,Gulf Coast,2014-12-01T00:00:00,122613.99,1.51,244041.35,False
ves_f770fa809ba5,H1ZJ6L2FGAZR,Sun Tracker,Party Barge 22 DLX,1999,pontoon,aluminum,pontoon,22.52,5.85,2.12,10196,outboard,1,gasoline,856,True,none,False,dry_stack,good,69,2023-02-04,Pacific Coast,2023-09-20T00:00:00,7459.73,0.7,42720.65,False
ves_637ae83e6eba,5CMBFWAEU11F,HarborCat,36 Pilot,1996,workboat,steel,planing,20.25,6.06,2.53,27025,inboard,1,diesel,22904,False,none,False,wet_slip,fair,48,2023-08-13,Great Lakes,2020-08-04T00:00:00,14613.87,3.47,116189.04,False
ves_2de6ab33f74b,RSP0BH2M3JXE,Beneteau,Oceanis 31,1969,sailboat,FRP,displacement,36.45,12.24,2.12,87834,inboard,1,diesel,1702,False,none,False,wet_slip,poor,39,,Great Lakes,2025-02-02T00:00:00,24462.23,0.75,209092.92,False
ves_d8bd79596928,KVA7WFNY33YS,Boston Whaler,280 Vantage,2014,fishing,FRP,semi_displacement,20.36,6.27,2.62,18088,inboard,1,gasoline,1244,False,none,False,dry_stack,very_good,83,2019-06-14,Inland Lakes,2020-08-02T00:00:00,20783.26,1.22,66499.49,False
ves_a6f39318ade2,WG2K180CFW4S,Sun Tracker,Bass Buggy 18 DLX,1986,pontoon,aluminum,pontoon,16.18,4.86,1.62,5637,outboard,1,gasoline,3713,True,none,False,trailered,poor,44,,Atlantic Coast,2023-03-04T00:00:00,2417.31,2.06,27343.11,False
ves_c0d71ed4c624,BJPLAG1ZGA2B,Chaparral,280 OSX,2026,runabout,aluminum,planing,16.91,5.07,2.49,10581,sterndrive,1,gasoline,0,True,none,False,trailered,very_good,84,2018-10-15,Gulf Coast,2012-07-28T00:00:00,38892.22,0.0,41060.2,False
ves_245ca7f74007,K9VN4Z48LAKA,Bayliner,Ciera 8,1998,runabout,aluminum,planing,21.4,6.51,3.34,16109,sterndrive,1,gasoline,2667,True,none,False,trailered,fair,55,2024-03-28,Pacific Coast,2020-02-15T00:00:00,8346.94,1.73,51900.43,False
ves_1b410ca2e63b,7H5VYPEV00ZA,Hunter,36,1995,sailboat,FRP,displacement,26.08,6.81,3.46,39685,sail_aux,1,diesel,1782,False,none,False,trailered,good,66,,Inland Lakes,2013-05-02T00:00:00,29907.41,1.44,109289.86,False
ves_6976bb8e0a41,TP3FCBLTXDHT,SafeBoat,33 Full Cabin,2017,workboat,aluminum,semi_displacement,19.41,6.39,1.22,21432,outboard,1,diesel,1537,False,none,False,trailered,excellent,93,2024-06-20,Great Lakes,2016-03-26T00:00:00,42944.21,0.78,109753.64,False
ves_e8cc778d0f99,FNTF53MMBZWE,Formula,350 CBR,2023,cruiser,steel,planing,32.13,10.1,3.07,61887,inboard,1,diesel,384,True,none,False,wet_slip,excellent,91,,Pacific Coast,2014-11-11T00:00:00,160131.08,1.35,228310.54,False
ves_3e0f1fde5455,2GBL4Z4GJD1V,Lund,1975 Impact,2020,fishing,aluminum,planing,26.0,7.7,3.67,23918,inboard,1,gasoline,413,True,none,False,trailered,very_good,86,,Maritimes,2017-03-23T00:00:00,38750.24,0.81,82599.89,False
ves_9f9ad6d27beb,SKZ6AL94HAKZ,Grady-White,191 CE,1970,fishing,aluminum,semi_displacement,26.0,6.85,2.99,22213,inboard,1,gasoline,1000,True,none,False,wet_slip,poor,42,2022-08-07,Pacific Coast,2018-05-19T00:00:00,4396.67,0.21,82599.89,False
ves_0efafa5c30a8,CZMPCYNA48RA,Tiara,38 LS,2007,cruiser,FRP,semi_displacement,38.65,12.93,5.73,92505,inboard,2,diesel,1453,False,none,False,unknown,excellent,93,,Great Lakes,2013-10-01T00:00:00,109594.66,0.8,292986.06,False
ves_2c28618383c8,YA8G6CZ8VWZU,Regal,26 XO,2018,runabout,FRP,planing,24.15,7.71,3.02,21933,sterndrive,1,gasoline,200,False,none,False,wet_slip,excellent,94,,Great Lakes,2025-05-05T00:00:00,30745.91,0.45,66420.38,False
ves_4cbc26c4d201,384X6L1M3RL7,Hunter,36,1993,sailboat,wood,displacement,31.28,9.83,3.98,65428,inboard,1,diesel,2333,False,none,False,trailered,good,70,,Inland Lakes,2020-12-28T00:00:00,38249.89,1.77,139667.72,False
ves_78af633b3952,RWNB52RK951F,Sea Ray,Sundancer 320,1969,runabout,FRP,planing,18.94,4.72,1.11,8398,sterndrive,1,gasoline,3430,True,none,False,wet_slip,poor,36,2018-05-06,Gulf Coast,2016-03-19T00:00:00,2504.55,1.09,47852.74,False
ves_f1c45c7b43f3,CEPETNVENZ7H,Bayliner,Element M17,1995,runabout,aluminum,planing,19.31,5.87,0.79,15349,outboard,1,gasoline,1066,True,none,False,wet_slip,good,65,2020-01-15,Gulf Coast,2016-01-30T00:00:00,7419.35,0.63,45170.62,False
ves_2645a0e2907e,WHUXZ3W5NEG2,Formula,350 CBR,2014,cruiser,FRP,semi_displacement,33.44,9.94,3.74,61586,inboard,2,gasoline,1477,True,none,False,wet_slip,good,74,,Atlantic Coast,2014-05-30T00:00:00,90788.14,1.3,240923.56,False
ves_6d2c2d2b3b5f,G204ADTE9CJV,Harris,Solstice 230,2020,pontoon,aluminum,pontoon,21.63,5.38,1.47,8309,outboard,1,gasoline,582,False,none,False,wet_slip,very_good,85,,Inland Lakes,2019-07-07T00:00:00,20459.62,2.16,43990.5,False
ves_2ca3d5dfe687,NFTNFFN5JKNA,Alumacraft Pro,Trophy 195,2018,workboat,aluminum,semi_displacement,18.84,5.05,2.92,15286,inboard,1,gasoline,2090,True,none,False,wet_slip,good,77,2021-02-28,Maritimes,2019-01-15T00:00:00,38868.23,1.19,105395.79,False
ves_d090085f98b1,3GPR7JL8GE0Z,Boston Whaler,280 Vantage,2016,fishing,FRP,semi_displacement,26.0,7.01,3.71,18779,outboard,1,diesel,1223,True,none,False,wet_slip,very_good,83,2018-04-14,Maritimes,2021-03-27T00:00:00,30700.86,1.44,92511.88,False
ves_8fdc16f4f5c1,62AK98WA7L3T,Carver,C34 Coupe,2007,cruiser,FRP,planing,21.69,6.68,2.65,21921,inboard,1,diesel,2128,True,none,False,wet_slip,good,72,2020-09-19,Atlantic Coast,2013-12-27T00:00:00,37206.48,1.18,119920.55,False
ves_5e826c4295b1,RDKM5GU4ZSXS,Sun Tracker,Bass Buggy 18 DLX,2015,pontoon,aluminum,pontoon,26.0,8.39,1.53,14150,outboard,1,gasoline,791,False,none,False,wet_slip,very_good,88,,Great Lakes,2016-06-07T00:00:00,17444.24,1.6,51873.28,False
ves_f6a973d30843,RD18BEU18CFU,Harris,Solstice 230,2024,pontoon,aluminum,pontoon,26.0,7.34,2.05,11382,outboard,1,gasoline,73,True,none,False,wet_slip,very_good,85,,Maritimes,2024-02-26T00:00:00,39121.22,0.81,56384.0,False
ves_08c8aba38a1a,P54E7RJ563B3,Hunter,31,2000,sailboat,wood,displacement,25.61,7.94,2.16,47309,sail_aux,0,diesel,587,False,none,False,trailered,good,73,2023-12-11,Inland Lakes,2021-09-01T00:00:00,34604.09,0.56,106652.24,False
ves_a8a078f67a9a,32SS703F9UZR,Sun Tracker,Party Barge 22 DLX,1996,pontoon,aluminum,pontoon,22.9,5.94,1.79,9419,outboard,1,gasoline,340,True,none,False,wet_slip,fair,56,,Maritimes,2018-03-16T00:00:00,5576.43,0.25,43714.63,True
ves_249c3bc6448e,VWLN1CVJUUXA,Lund,1975 Impact,1967,fishing,FRP,semi_displacement,22.65,7.42,3.06,18366,outboard,1,diesel,481,True,unknown,False,wet_slip,poor,41,2021-02-04,Pacific Coast,2021-10-19T00:00:00,3025.97,0.1,68561.99,True
ves_49fefc0ecea9,VAR9BWP8TFL4,Lund,1975 Impact,2015,fishing,aluminum,planing,26.0,6.88,3.67,23888,outboard,1,diesel,1126,True,none,False,dry_stack,good,79,2024-03-19,Pacific Coast,2013-07-31T00:00:00,25660.72,1.2,82599.89,False
ves_45ceacc98019,PFSJWCL70VMZ,Alumacraft Pro,Trophy 195,1980,workboat,steel,displacement,27.21,8.62,3.26,55066,inboard,1,gasoline,3470,False,none,False,wet_slip,good,69,2019-01-09,Inland Lakes,2024-12-06T00:00:00,17104.17,0.34,173206.75,False
ves_2a91368f4a15,Y2DYX7PVHD2A,Regal,LS4,2010,runabout,aluminum,planing,18.49,4.11,0.82,8215,outboard,1,gasoline,2228,True,none,False,wet_slip,good,68,,Pacific Coast,2025-04-01T00:00:00,12309.64,2.53,46325.2,False
ves_cdb37da5879b,F9FVPR15Y6Y0,Carver,C34 Coupe,1974,cruiser,FRP,semi_displacement,40.56,9.08,6.33,61490,sterndrive,2,gasoline,4376,True,none,False,wet_slip,fair,49,2018-02-25,Pacific Coast,2019-12-30T00:00:00,29411.82,0.89,279198.91,False
ves_435c16cc8404,21DH96XCVGVB,Boston Whaler,230 Outrage,2012,fishing,FRP,semi_displacement,24.6,7.54,1.23,18960,outboard,1,gasoline,1539,False,none,False,trailered,excellent,96,2021-02-23,Great Lakes,2021-07-25T00:00:00,28170.51,1.29,85844.53,False
ves_c1e7b9ec029e,LPBVVPELFNUX,Tracker,Grizzly 1860,1967,fishing,aluminum,planing,23.65,7.83,3.28,19827,inboard,1,gasoline,5925,True,none,False,wet_slip,poor,36,,Atlantic Coast,2018-06-25T00:00:00,2981.71,1.18,66854.43,False
ves_281eb905fce5,N5E0GDVGS286,Beneteau,Oceanis 41.1,2015,sailboat,FRP,displacement,34.68,11.44,2.76,77774,inboard,1,diesel,410,False,none,False,trailered,excellent,98,2021-01-07,Inland Lakes,2015-01-20T00:00:00,106375.82,0.93,195489.57,False
ves_b6b827507aa4,Y5HJBWYTBLUW,HarborCat,26 WB,2003,workboat,FRP,planing,33.86,9.52,4.07,55958,jet,1,gasoline,5145,True,none,False,trailered,good,70,2022-07-06,Pacific Coast,2021-04-30T00:00:00,46264.92,1.02,232644.03,False
ves_306e5b59396a,2A74RFWHSXCV,Harris,Solstice 230,2009,pontoon,aluminum,pontoon,21.72,6.83,1.09,11154,outboard,1,gasoline,640,True,none,False,wet_slip,good,73,2020-05-08,Maritimes,2024-09-14T00:00:00,10848.77,0.84,44241.07,False
ves_f740b7c9e52e,6L7UD6XFSHT1,Sea Ray,SLX 260,2011,cruiser,FRP,semi_displacement,50.91,11.35,5.77,100622,inboard,2,diesel,685,True,none,False,dry_stack,very_good,86,2023-03-13,Gulf Coast,2025-09-23T00:00:00,147924.13,0.48,379392.38,False
ves_1bb57a9bded1,7ZBGNPMX257W,Chaparral,23 SSi,2018,runabout,FRP,planing,24.78,7.61,2.51,16754,outboard,1,gasoline,440,False,none,False,wet_slip,very_good,81,2017-12-16,Inland Lakes,2017-01-16T00:00:00,28494.3,1.0,68757.7,False
ves_2acfe22f385c,2PHSANK3JW3W,Hunter,31,1970,sailboat,wood,displacement,26.62,7.69,1.74,35001,inboard,1,diesel,1667,False,none,False,dry_stack,fair,47,2023-06-28,Great Lakes,2025-04-12T00:00:00,14959.33,0.74,112332.8,False
ves_89e5d0641a58,YVGJG61LDCEM,Bennington,22 SSB,2003,pontoon,aluminum,pontoon,18.23,5.24,2.16,6299,outboard,1,gasoline,2251,True,saltwater,False,wet_slip,poor,24,,Pacific Coast,2013-12-24T00:00:00,1891.66,2.17,39105.03,False
ves_c1e6884cd17c,CCFLPNFXJWAU,Bennington,22 SSB,1990,pontoon,aluminum,pontoon,20.05,6.63,1.73,9192,outboard,1,gasoline,3975,True,none,False,wet_slip,poor,41,2019-04-25,Gulf Coast,2023-02-19T00:00:00,4253.45,2.45,44471.82,False
ves_2b1157a30e4f,NSRSY4WKBFUT,HarborCat,36 Pilot,2007,workboat,FRP,semi_displacement,8.0,3.5,1.1,4860,outboard,1,gasoline,5325,True,none,False,wet_slip,good,73,,Maritimes,2018-09-14T00:00:00,7660.87,1.27,33172.69,False
ves_0f85cbaa2beb,8SM30JPT400V,Grady-White,257 Fisherman,2016,fishing,aluminum,planing,19.29,5.97,2.24,16414,outboard,1,gasoline,615,True,none,False,wet_slip,excellent,93,,Pacific Coast,2016-04-04T00:00:00,19933.04,0.72,55186.31,False
ves_409ade15446a,9M9HWPYPYTMY,Formula,350 CBR,1997,cruiser,FRP,semi_displacement,23.65,7.76,1.09,32570,inboard,1,diesel,1322,True,none,False,wet_slip,good,66,,Atlantic Coast,2016-04-02T00:00:00,34332.85,0.48,150957.76,False
ves_c844b857a3ed,6UF9XB0JTDZX,Sea Ray,SDX 250,1973,runabout,FRP,planing,17.14,4.37,2.43,9457,sterndrive,1,gasoline,4295,False,none,False,wet_slip,fair,47,,Inland Lakes,2019-11-06T00:00:00,2877.44,1.47,41805.62,False
ves_63e10be9ecc6,U1WRTUJBXTBD,Boston Whaler,170 Montauk,2026,fishing,FRP,semi_displacement,23.89,7.82,1.63,26376,inboard,1,diesel,0,True,none,False,wet_slip,excellent,90,2022-06-28,Gulf Coast,2012-10-13T00:00:00,82252.78,0.0,82500.28,False
ves_defaf9eb5e78,PML1KBY00Z1K,Kawasaki Jet Ski,STX 160,1994,PWC,FRP,planing,12.15,3.91,0.97,782,jet,1,gasoline,489,True,none,False,trailered,good,66,2022-12-25,Maritimes,2014-07-26T00:00:00,1554.15,0.44,18298.6,False
ves_309da882f306,Z55MAY7M9S5N,Tracker,Grizzly 1860,2003,fishing,aluminum,planing,20.85,6.12,1.52,16437,outboard,1,diesel,5500,True,none,False,trailered,fair,64,2020-04-29,Pacific Coast,2025-08-14T00:00:00,10544.05,2.81,56400.94,False
ves_2307839ff5ce,6APL5G95Z5YD,Tiara,44 Coupe,2007,cruiser,steel,semi_displacement,28.34,6.58,4.03,26218,inboard,1,diesel,2456,False,none,False,wet_slip,very_good,80,2021-10-19,Great Lakes,2012-11-20T00:00:00,64462.83,1.36,192676.67,False
ves_f25825653087,T78NLCKWTUA7,Sun Tracker,Party Barge 22 DLX,1998,pontoon,aluminum,pontoon,26.0,5.81,0.98,8464,outboard,1,gasoline,945,False,none,False,dry_stack,good,70,2020-01-19,Great Lakes,2020-08-10T00:00:00,8878.91,0.75,51873.28,False
ves_930acbc21707,TJ4F233U7EB8,Bennington,20 SVL,2001,pontoon,aluminum,pontoon,11.02,3.5,1.21,2714,outboard,1,gasoline,597,False,none,False,wet_slip,good,74,2021-08-07,Inland Lakes,2013-01-13T00:00:00,3859.73,0.53,19817.16,False
ves_08eeaeaceb8e,LCD8VE11UPC1,Sea Ray,SDX 250,2009,runabout,FRP,planing,14.87,3.88,1.69,6119,outboard,1,gasoline,476,True,none,False,wet_slip,fair,52,2022-04-28,Atlantic Coast,2025-05-07T00:00:00,6852.51,0.51,34512.07,True
ves_50b4de24470e,2D46S86LETHH,Formula,350 CBR,2005,cruiser,FRP,planing,40.39,13.15,1.81,86518,inboard,2,diesel,1883,True,none,False,wet_slip,good,75,2025-06-27,Atlantic Coast,2025-01-03T00:00:00,94442.99,0.94,310874.42,False
ves_0a8e19a1a1c0,4Y0605BRR26X,Sea Ray,SPX 190,1999,runabout,aluminum,planing,19.76,6.46,2.09,15112,outboard,1,gasoline,262,True,none,False,dry_stack,good,67,,Atlantic Coast,2012-09-05T00:00:00,8812.52,0.18,50658.26,True
ves_c97da20c82a5,BTMB6CABK26Z,Formula,350 CBR,1995,cruiser,FRP,planing,42.44,11.94,3.91,86340,sterndrive,2,gasoline,1521,True,none,False,wet_slip,good,70,2023-08-26,Gulf Coast,2018-04-27T00:00:00,74897.32,0.52,332368.25,False
ves_9ac0475a4b48,NZ9LF7M1RSBD,Regal,LS4,2017,runabout,aluminum,planing,19.0,6.02,1.13,14554,outboard,1,gasoline,165,True,none,False,wet_slip,good,76,2025-06-09,Gulf Coast,2020-02-06T00:00:00,17734.46,0.33,48059.24,False
ves_8b904c37a7bd,7JFGJ5G2GAG6,Bennington,20 SVL,2000,pontoon,aluminum,pontoon,26.0,6.13,0.9,11163,outboard,1,gasoline,394,True,none,False,dry_stack,good,78,2020-10-26,Maritimes,2016-07-27T00:00:00,12394.6,0.34,63150.08,False
ves_c1e6e6c9403b,4U3WGV7SZW4Y,Beneteau,Oceanis 41.1,1992,sailboat,FRP,displacement,33.33,11.27,3.87,74764,inboard,1,diesel,384,True,none,False,wet_slip,fair,48,2020-02-17,Atlantic Coast,2021-08-06T00:00:00,35702.52,0.28,185276.71,True
ves_d235a7e06717,LS7BGTBZD5EZ,Sun Tracker,Party Barge 22 DLX,1979,pontoon,aluminum,pontoon,23.21,5.32,1.07,7632,outboard,1,gasoline,4796,True,none,False,wet_slip,poor,38,2023-07-06,Gulf Coast,2023-09-14T00:00:00,2930.94,2.27,44502.48,False
ves_81b450010469,ZRR9VF2JB4M9,Sun Tracker,Party Barge 22 DLX,1986,pontoon,aluminum,pontoon,22.4,5.66,2.17,10183,outboard,1,gasoline,1009,True,none,False,dry_stack,fair,56,,Pacific Coast,2023-12-09T00:00:00,4356.67,0.56,42413.21,False
ves_fe4f7efbcab5,D85SV8KVTG46,Boston Whaler,230 Outrage,1975,fishing,FRP,planing,15.63,4.89,2.31,9546,outboard,1,gasoline,8707,True,none,False,trailered,poor,43,2021-02-23,Maritimes,2017-03-13T00:00:00,2918.38,2.01,46545.03,False
ves_98494d619142,MYG3LCWZTK1J,Regal,26 XO,2011,runabout,aluminum,planing,22.68,5.85,2.43,12331,outboard,1,gasoline,1708,False,none,False,wet_slip,very_good,87,2017-12-18,Inland Lakes,2016-01-25T00:00:00,19945.39,2.07,61025.67,False
ves_b5d9c1f4569e,TT64YMJW22YH,Grady-White,257 Fisherman,2024,fishing,FRP,planing,20.55,6.44,1.74,13556,inboard,1,gasoline,165,True,none,False,dry_stack,very_good,89,,Atlantic Coast,2016-08-24T00:00:00,43162.75,0.97,60119.98,False
ves_bfa7f60bb2e4,Z5TYC833W6WH,Harris,Cruiser 210,2014,pontoon,aluminum,pontoon,22.75,5.9,1.84,8894,outboard,1,gasoline,688,False,none,False,wet_slip,good,78,2025-10-08,Great Lakes,2020-10-28T00:00:00,14063.34,1.27,47078.9,False
ves_0d631dcf0996,H1AN0SWG84ZW,Bennington,22 SSB,2019,pontoon,aluminum,pontoon,26.0,8.81,1.38,13870,outboard,1,gasoline,585,True,none,False,trailered,good,72,2019-12-17,Atlantic Coast,2016-10-02T00:00:00,24050.79,1.86,63150.08,False
ves_b774a647c58b,9SXTVAGJ67EJ,Sea Ray,Sundancer 320,2016,runabout,FRP,planing,13.47,4.56,1.3,7225,sterndrive,1,gasoline,220,True,none,False,wet_slip,very_good,84,,Gulf Coast,2015-12-20T00:00:00,11172.07,0.4,30194.56,False
ves_bac04a365744,ANBLLC2TG1XV,Kawasaki Jet Ski,Ultra 310LX,2021,PWC,composite,planing,12.39,4.21,0.97,783,jet,1,gasoline,246,True,none,False,trailered,very_good,87,,Maritimes,2025-02-25T00:00:00,7728.65,1.41,18788.24,False
ves_1d19e7477e3b,3CAA0BH9AASA,Chaparral,280 OSX,2020,runabout,FRP,planing,17.77,5.34,0.75,8407,sterndrive,1,gasoline,134,False,none,False,wet_slip,very_good,89,2024-01-11,Inland Lakes,2025-11-18T00:00:00,22429.22,0.41,43891.86,False
ves_03306ef684ea,E4LLP612LH0U,Tracker,Grizzly 1860,2013,fishing,aluminum,semi_displacement,11.91,3.5,1.13,5581,outboard,1,gasoline,1044,True,unknown,False,trailered,very_good,80,,Atlantic Coast,2024-05-04T00:00:00,7824.58,0.94,26501.31,False
ves_9a131fe558b0,3PYSWL1N8UXZ,Boston Whaler,280 Vantage,2017,fishing,FRP,semi_displacement,20.93,4.87,1.16,14361,outboard,1,diesel,725,True,none,False,wet_slip,excellent,90,2024-04-17,Maritimes,2023-11-28T00:00:00,26358.31,0.95,69047.03,False
ves_1737443ed7ac,FBZX80PBK3FU,Chaparral,23 SSi,1986,runabout,aluminum,planing,17.26,4.64,2.13,10476,outboard,1,gasoline,4263,True,none,False,wet_slip,fair,45,2021-02-25,Atlantic Coast,2012-10-07T00:00:00,4179.91,1.94,42211.63,False
ves_2dce2fe49bb7,YTFEH7L9UYW7,Harris,Cruiser 210,1981,pontoon,aluminum,pontoon,22.77,5.34,0.87,8270,outboard,1,gasoline,1676,False,none,False,wet_slip,fair,58,2022-12-12,Great Lakes,2019-10-29T00:00:00,4265.56,0.83,47151.66,False
ves_d0eda435b916,F8VPX5XKJYZ0,Harris,Cruiser 210,1989,pontoon,aluminum,pontoon,22.85,7.64,1.35,13075,outboard,1,gasoline,3712,False,none,False,wet_slip,fair,53,2025-10-18,Great Lakes,2016-06-07T00:00:00,5136.69,2.23,47352.4,False
ves_20b673b3f41e,V7CAJZHC25JW,Bennington,22 SSB,1983,pontoon,aluminum,pontoon,15.71,4.07,1.5,4756,outboard,1,gasoline,1363,True,none,False,wet_slip,fair,52,2018-10-15,Maritimes,2019-11-07T00:00:00,2864.09,0.7,31994.49,False
ves_399e00194d24,5JBGDC3SU6WF,Carver,C40 Command Bridge,2010,cruiser,steel,semi_displacement,44.3,14.82,6.29,128259,sterndrive,1,diesel,1436,False,freshwater,False,wet_slip,very_good,80,2022-04-16,Great Lakes,2014-07-26T00:00:00,81657.17,0.94,314491.91,False
ves_acec3196c7fb,M971Z50ZZJY9,Bayliner,VR5,1992,runabout,FRP,planing,24.83,5.51,3.22,15095,sterndrive,1,gasoline,3702,True,none,False,wet_slip,fair,56,2019-10-20,Gulf Coast,2016-08-12T00:00:00,8620.19,1.98,63425.11,False
ves_dafe1a2044f9,YZT2TYSSV59Z,Sun Tracker,Party Barge 22 DLX,1977,pontoon,aluminum,pontoon,15.41,3.5,2.03,2993,outboard,1,gasoline,3192,True,unknown,False,trailered,fair,60,2024-01-22,Pacific Coast,2022-11-01T00:00:00,2100.11,1.45,25593.63,False
ves_ec28e8033bea,YGEG2HN50ZXU,Sun Tracker,Bass Buggy 18 DLX,2007,pontoon,aluminum,pontoon,19.62,5.21,1.83,7221,outboard,1,gasoline,147,True,none,False,wet_slip,very_good,82,2021-03-27,Maritimes,2022-03-23T00:00:00,8193.08,0.17,35466.81,True
ves_2cfe6066d6e1,VN1DTAYK5GTR,Sea Ray,SLX 260,1988,runabout,FRP,planing,26.0,6.67,2.73,16294,sterndrive,1,gasoline,539,False,none,False,wet_slip,fair,51,2020-11-10,Inland Lakes,2016-07-27T00:00:00,7665.37,0.26,73380.5,True
ves_0afb5d7203f7,1WXDVNF3XLE5,Sun Tracker,Bass Buggy 18 DLX,2006,pontoon,aluminum,pontoon,22.71,5.73,1.36,8844,outboard,1,gasoline,464,True,none,False,wet_slip,very_good,83,2020-11-16,Gulf Coast,2013-03-26T00:00:00,10620.96,0.52,43201.52,False
ves_b7dee48853f4,WY054X0GL3FR,Carver,C40 Command Bridge,1980,cruiser,FRP,planing,42.91,13.05,6.54,89518,inboard,2,diesel,2286,True,none,False,wet_slip,fair,59,,Maritimes,2025-02-10T00:00:00,41531.14,0.52,301254.08,False
ves_503d4fe94ff1,M0DMVZX8EG1M,Harris,Solstice 230,2012,pontoon,aluminum,pontoon,25.48,8.23,1.06,12858,outboard,1,gasoline,2539,True,none,False,trailered,fair,48,2023-10-07,Atlantic Coast,2015-06-16T00:00:00,11154.39,4.03,54876.27,False
ves_b82233747cdf,EC1A81RVUPPU,Bayliner,DX2000,2001,runabout,FRP,planing,20.83,5.5,1.77,10951,sterndrive,1,gasoline,985,True,none,False,wet_slip,good,68,2020-02-22,Atlantic Coast,2016-07-31T00:00:00,10149.99,0.72,50037.68,False
ves_a2f004a15e22,CLYKG0FURZG7,Chaparral,23 SSi,1976,runabout,FRP,planing,16.73,4.84,2.33,10294,sterndrive,1,gasoline,2892,True,none,False,wet_slip,poor,39,,Maritimes,2022-12-17T00:00:00,2730.81,1.05,40457.31,False
ves_77c776aebb3c,7KLTCX0SC2EH,Harris,Solstice 230,2007,pontoon,aluminum,pontoon,12.55,3.5,1.91,3403,outboard,1,gasoline,53,True,none,False,wet_slip,good,73,2022-10-22,Maritimes,2020-10-30T00:00:00,4481.74,0.06,21094.11,True
ves_42f2c36e1091,RRY0Z2S90EKT,Sun Tracker,Bass Buggy 18 DLX,2005,pontoon,aluminum,pontoon,24.24,7.61,1.63,10736,outboard,1,gasoline,431,False,none,False,dry_stack,good,68,,Great Lakes,2021-03-08T00:00:00,8983.84,0.46,47186.7,True
ves_68d5a0e07b98,21AVAWT60BG6,Sun Tracker,Party Barge 22 DLX,2003,pontoon,aluminum,pontoon,26.0,6.35,1.75,8862,outboard,1,gasoline,296,True,none,False,trailered,very_good,81,2024-08-13,Pacific Coast,2018-11-01T00:00:00,11449.19,0.29,51873.28,False
ves_29c3c20df0d2,CTSBD2SEGC47,Regal,26 XO,1975,runabout,aluminum,planing,26.0,6.93,2.24,20942,sterndrive,1,gasoline,2128,True,none,False,trailered,poor,44,2023-12-28,Pacific Coast,2023-08-19T00:00:00,5154.4,0.76,73380.5,False
ves_2decef181289,HUAJVYWJKTKL,Sea Ray,Sundancer 320,2012,cruiser,steel,planing,33.69,9.46,4.74,56849,inboard,1,gasoline,506,True,none,False,wet_slip,very_good,87,2018-05-30,Atlantic Coast,2019-06-13T00:00:00,87614.74,0.38,217292.82,False
ves_e497a5fff736,SYD8GRYRLX1H,Sea Ray,SPX 190,2024,runabout,FRP,planing,21.93,7.24,1.66,19615,outboard,1,gasoline,74,True,freshwater,False,wet_slip,very_good,82,2018-08-08,Atlantic Coast,2015-01-08T00:00:00,28945.52,0.67,58314.18,False
ves_42aa9212ea90,60P1EUANA6CD,Kawasaki Jet Ski,STX 160,2001,PWC,composite,planing,11.84,4.29,1.27,979,jet,1,gasoline,156,True,none,False,wet_slip,fair,49,2020-12-07,Atlantic Coast,2017-02-04T00:00:00,1503.84,0.18,17671.14,True
ves_338058e6238f,KVX756NMWN9K,Chaparral,23 SSi,2013,runabout,FRP,planing,15.36,3.93,1.28,7972,sterndrive,1,gasoline,535,True,none,False,wet_slip,very_good,84,2019-06-09,Atlantic Coast,2024-06-15T00:00:00,12191.47,0.75,36052.7,False
ves_18584011b964,1K8BVCGUWELW,Tracker,Grizzly 1860,2013,fishing,FRP,planing,26.0,6.79,2.49,24846,outboard,1,gasoline,1054,True,none,False,trailered,very_good,86,2025-09-18,Atlantic Coast,2018-04-20T00:00:00,23659.28,0.95,75991.9,False
ves_1f7009fb98b4,ZCU3LNN6UHZN,Parker,2820 XLD,2013,workboat,steel,semi_displacement,20.64,6.91,1.65,24036,jet,1,diesel,1549,True,none,False,wet_slip,good,69,2018-03-17,Atlantic Coast,2018-03-22T00:00:00,31691.55,0.54,119249.0,False
ves_8664e5a4f2db,ZD9MZ7JRMNAA,Harris,Cruiser 210,1986,pontoon,aluminum,pontoon,15.89,4.52,0.87,5048,outboard,1,gasoline,2221,True,none,False,trailered,fair,61,2021-12-22,Maritimes,2015-01-30T00:00:00,3151.48,1.23,28996.94,False
ves_64e438be7cdc,S010C1JJ6AMY,Regal,28 Express,1996,runabout,aluminum,planing,18.22,5.76,1.4,9830,sterndrive,1,gasoline,652,True,none,False,wet_slip,good,73,2019-11-20,Pacific Coast,2022-12-21T00:00:00,8330.33,0.4,45399.69,False
ves_d231468571d2,9BTDX2W7CSN4,Sea Ray,Sundancer 320,1984,cruiser,FRP,planing,13.72,4.65,1.05,9516,sterndrive,1,diesel,7967,True,none,False,wet_slip,fair,60,2021-04-23,Gulf Coast,2019-11-29T00:00:00,9956.7,2.0,64624.8,False
ves_0b7ee97f3a63,P7EZKUNHCEY3,Regal,26 XO,1980,runabout,FRP,planing,18.47,4.97,2.23,9374,sterndrive,1,gasoline,5856,True,none,False,unknown,fair,45,2025-05-15,Gulf Coast,2013-12-04T00:00:00,3825.5,2.31,46251.6,False
ves_7bdbb70d016a,D451VVL93RC6,Bayliner,DX2000,2001,runabout,FRP,planing,22.17,7.27,1.23,16660,sterndrive,1,gasoline,1909,False,none,False,dry_stack,very_good,89,2020-10-30,Great Lakes,2025-03-21T00:00:00,13403.6,1.39,54428.49,False
ves_fb2c00a79ca8,7WBBUTEDD5LN,Lund,1650 Angler,1996,fishing,FRP,planing,16.75,4.43,0.87,10496,outboard,1,diesel,2624,False,none,False,trailered,good,71,,Great Lakes,2024-04-16T00:00:00,7427.03,1.03,45618.51,False
ves_2fdfdbfea08f,PEBZ0APF096X,Carver,C34 Coupe,1989,cruiser,FRP,semi_displacement,28.08,9.23,1.37,37537,sterndrive,1,diesel,2514,True,none,False,dry_stack,fair,59,2022-12-13,Gulf Coast,2025-01-07T00:00:00,26991.93,0.72,169937.39,True
ves_62f3d0c35f8d,J67DKEYR1HGY,Lund,1875 Pro-V,1972,fishing,aluminum,planing,10.74,3.5,1.24,5180,inboard,1,gasoline,4032,False,none,False,wet_slip,fair,49,2017-12-17,Great Lakes,2023-02-25T00:00:00,1551.77,0.88,25026.19,False
ves_c1fcda40a4a6,T8MXZPHC8N8E,Bayliner,Element M17,2002,runabout,FRP,planing,13.93,4.4,1.64,6562,outboard,1,gasoline,1211,True,none,False,dry_stack,fair,53,2018-12-11,Maritimes,2021-09-12T00:00:00,4734.55,0.92,29063.29,True
ves_ae730dd0b57a,S3CGASEGUDB9,Bayliner,Element M17,2026,runabout,aluminum,planing,26.0,8.64,3.47,30736,outboard,1,gasoline,0,True,none,False,wet_slip,excellent,98,2023-06-12,Pacific Coast,2023-04-30T00:00:00,71790.2,0.0,67510.06,False
ves_c13af3dc66ba,TNWYCK24TM7S,Bayliner,Ciera 8,1972,runabout,FRP,planing,25.11,7.1,3.49,21363,sterndrive,1,gasoline,5542,True,none,False,wet_slip,poor,38,,Maritimes,2013-12-12T00:00:00,3800.55,1.87,64416.37,False
ves_816693e23c52,KUNB4878R166,SafeBoat,25 Defender,2002,workboat,steel,semi_displacement,44.81,12.11,2.31,86139,inboard,2,diesel,5962,True,none,False,trailered,excellent,90,,Pacific Coast,2014-07-04T00:00:00,78628.75,1.13,339590.99,False
ves_602c2a5a47da,S41F1LBF5KXH,Chaparral,21 SSI,2024,runabout,FRP,planing,18.91,4.81,1.49,8747,outboard,1,gasoline,38,True,none,False,wet_slip,excellent,96,2024-01-03,Pacific Coast,2022-09-28T00:00:00,37028.17,0.35,47748.19,False
ves_e9784079498f,727P3B3RPPZC,Boston Whaler,170 Montauk,2016,fishing,aluminum,semi_displacement,24.71,6.28,3.11,15609,outboard,1,diesel,725,True,none,False,wet_slip,excellent,91,2018-07-01,Pacific Coast,2017-02-12T00:00:00,30683.29,0.85,86352.01,False
ves_0b73aa5949dd,M0D9CZ04VWEV,Boston Whaler,280 Vantage,2008,fishing,aluminum,semi_displacement,17.51,4.37,2.5,7599,outboard,1,gasoline,893,True,none,False,trailered,good,78,2021-05-12,Pacific Coast,2024-05-17T00:00:00,13538.72,0.58,54261.1,False
ves_93b6a198eea3,P38TASJF55UF,Jeanneau,Sun Odyssey 349,2025,sailboat,wood,displacement,16.13,4.33,2.04,17888,sail_aux,1,diesel,45,True,none,False,wet_slip,excellent,98,2022-07-19,Gulf Coast,2023-03-23T00:00:00,66942.0,1.12,69571.52,False
ves_791129cbe8ac,JMXDS2CNDP48,Tiara,38 LS,2010,cruiser,FRP,planing,14.58,3.5,2.09,8745,sterndrive,1,diesel,1347,True,none,False,wet_slip,good,69,2018-10-19,Pacific Coast,2019-05-13T00:00:00,25493.64,0.89,78538.79,False
ves_09d4fb45dbdf,8AGLD6CBP8FA,Sun Tracker,Bass Buggy 18 DLX,1975,pontoon,aluminum,pontoon,13.74,4.45,1.81,3966,outboard,1,gasoline,3576,True,none,False,trailered,poor,39,2024-06-30,Pacific Coast,2023-04-19T00:00:00,1299.62,1.56,21927.05,False
ves_5c598c560db3,H22FB82TWUDU,Sea Ray,SLX 260,2026,runabout,FRP,planing,19.69,6.43,1.38,15852,outboard,1,gasoline,0,True,none,False,wet_slip,excellent,90,,Maritimes,2020-11-18T00:00:00,50271.77,0.0,50423.04,False
ves_f0e4813eb06e,CL1BMW3ZYKFX,Carver,C34 Coupe,1975,cruiser,FRP,semi_displacement,39.57,9.79,6.27,56570,inboard,1,diesel,2975,True,none,False,wet_slip,poor,42,,Gulf Coast,2017-04-19T00:00:00,26578.76,0.61,269960.08,False
ves_3bbe6cb0319e,WWTRR5R1CD9Y,Sun Tracker,Bass Buggy 18 DLX,1987,pontoon,aluminum,pontoon,23.43,5.55,1.2,6935,outboard,1,gasoline,1413,True,none,False,dry_stack,fair,61,,Pacific Coast,2016-01-22T00:00:00,5048.0,0.81,45074.14,False
ves_6504833c9d10,YLNV2FXELH48,Tracker,Grizzly 1860,2011,fishing,FRP,planing,25.98,8.03,2.52,23591,inboard,1,gasoline,789,True,none,False,wet_slip,good,68,2020-07-25,Maritimes,2016-11-05T00:00:00,18806.35,0.62,75906.21,False
ves_65186ff9b472,0JPYTCWVYBR2,Sea Ray,SLX 260,1974,cruiser,FRP,planing,47.6,14.13,4.4,115787,sterndrive,1,diesel,3411,False,none,False,wet_slip,fair,53,,Inland Lakes,2021-07-19T00:00:00,38350.96,0.69,346536.55,False
ves_b1a2f053d9dc,RMREZNB7B6GC,Harris,Cruiser 210,1976,pontoon,aluminum,pontoon,22.03,6.79,1.11,10227,outboard,1,gasoline,1611,True,none,False,wet_slip,poor,44,2022-04-27,Atlantic Coast,2019-05-10T00:00:00,2953.0,0.72,45088.65,False
ves_718330c10914,TZUF9PN8GW8W,Tiara,38 LS,2009,cruiser,FRP,planing,23.4,7.07,3.64,32508,inboard,1,gasoline,1844,True,none,False,wet_slip,very_good,83,2019-04-08,Maritimes,2022-08-24T00:00:00,53772.1,1.14,148829.47,False
ves_8729602b1b5a,YACXNX71DR25,Beneteau,Oceanis 31,2001,sailboat,wood,displacement,31.55,9.83,2.65,61528,sail_aux,1,diesel,789,False,none,False,dry_stack,good,70,2022-04-18,Great Lakes,2021-03-16T00:00:00,55290.41,0.79,172039.64,False
ves_02d391b5d765,9LTS3WYE5L50,Sea Ray,Sundancer 320,2024,runabout,aluminum,planing,21.15,4.7,1.13,12322,outboard,1,gasoline,153,True,none,False,dry_stack,excellent,91,2022-12-10,Pacific Coast,2014-10-12T00:00:00,41350.38,1.39,55522.91,False
ves_005bf1734d10,KX39NY4J5S77,Boston Whaler,230 Outrage,1996,fishing,aluminum,planing,26.0,7.81,3.12,22768,inboard,1,gasoline,4625,False,none,False,trailered,good,75,,Great Lakes,2015-02-27T00:00:00,15657.41,1.81,92511.88,False
ves_433d2ce3eb2f,3Z4YMR1701M6,Lund,1650 Angler,2023,fishing,aluminum,planing,18.97,5.41,1.74,14409,outboard,1,gasoline,142,True,none,True,trailered,fair,64,2024-03-12,Gulf Coast,2017-08-06T00:00:00,14344.09,0.56,53952.23,False
ves_2fdfaf7aff3b,T5CYTT82Z9NA,Tiara,38 LS,1984,cruiser,FRP,planing,48.24,15.36,3.91,127593,sterndrive,2,diesel,7667,True,none,False,wet_slip,fair,52,2025-06-23,Gulf Coast,2024-05-13T00:00:00,55466.27,1.92,395079.63,False
ves_b2fc9dd12fe1,5EZRUURBJ6SX,HarborCat,36 Pilot,1976,workboat,FRP,planing,19.74,4.83,1.13,14640,inboard,1,gasoline,11035,True,none,False,wet_slip,poor,41,,Maritimes,2018-12-03T00:00:00,7055.8,1.0,112277.62,False
ves_1caeaeee2c48,52NTM8LW56GH,Lund,1975 Impact,1997,fishing,aluminum,planing,26.0,7.89,2.38,21493,inboard,1,diesel,1585,True,none,False,unknown,good,71,2025-07-03,Atlantic Coast,2018-01-07T00:00:00,13857.43,0.64,82599.89,False
ves_aa4239536bcf,NEVBPEH243H4,Grady-White,191 CE,2018,fishing,aluminum,planing,23.1,6.75,2.29,18178,outboard,1,diesel,889,True,freshwater,False,trailered,good,67,2020-06-22,Pacific Coast,2022-02-01T00:00:00,16945.64,1.31,70390.78,False
ves_1bd1237b501e,245C6G25FUZ6,Grady-White,191 CE,1966,fishing,aluminum,semi_displacement,16.26,4.42,1.57,9200,outboard,1,gasoline,3808,True,none,False,wet_slip,poor,35,2020-06-27,Maritimes,2022-09-24T00:00:00,1868.53,0.75,43834.05,False
ves_aecb3273ac15,7GEZXMMEHYF5,Boston Whaler,170 Montauk,2013,fishing,aluminum,planing,25.34,8.3,1.34,21333,outboard,1,diesel,2824,False,none,False,trailered,good,71,2022-10-27,Inland Lakes,2023-10-29T00:00:00,24226.06,2.56,89354.87,False
ves_fbc2c60ae505,NN2VLZXAR0SS,Formula,350 CBR,2015,cruiser,steel,semi_displacement,35.4,12.02,2.17,67155,inboard,1,gasoline,301,False,none,False,wet_slip,very_good,80,2019-10-27,Great Lakes,2021-12-20T00:00:00,106333.33,0.29,260213.76,False
ves_23c944d9b325,57CRG7A04J0N,Hunter,36,2024,sailboat,wood,displacement,26.48,7.78,1.74,40798,inboard,1,diesel,139,False,none,False,wet_slip,very_good,87,,Great Lakes,2021-09-15T00:00:00,88764.47,1.74,111528.82,False
ves_a7dd81fc4eda,WW9HB2NJ35NJ,Bayliner,Ciera 8,1987,runabout,aluminum,planing,22.53,6.58,1.17,16156,sterndrive,1,gasoline,1890,True,none,False,wet_slip,fair,60,2018-07-11,Gulf Coast,2025-04-13T00:00:00,6810.7,0.88,55636.92,False
ves_eef5df918369,47LDP97JHGJB,Tracker,Pro Team 175,1983,fishing,aluminum,planing,19.58,5.61,1.28,13645,outboard,1,gasoline,3920,True,none,False,wet_slip,fair,55,2025-06-19,Maritimes,2021-01-21T00:00:00,4807.7,1.07,51813.54,False
ves_aafa13e1252c,D19CSCWBAXU3,Sun Tracker,Bass Buggy 18 DLX,2007,pontoon,aluminum,pontoon,23.65,7.96,1.56,12747,outboard,1,gasoline,836,True,none,False,dry_stack,good,76,,Maritimes,2014-03-18T00:00:00,10846.19,0.98,45637.9,False
ves_f3a0ba593e1e,UYJF7G1DES1V,Bayliner,Ciera 8,1993,runabout,aluminum,planing,16.17,4.51,2.2,7641,outboard,1,gasoline,1109,True,none,False,wet_slip,good,67,2022-03-03,Maritimes,2024-06-01T00:00:00,5616.02,0.61,35558.21,False
ves_6a22038ff13c,AGFYP3B1VPW0,Harris,Solstice 230,2004,pontoon,aluminum,pontoon,15.06,3.52,1.99,4079,outboard,1,gasoline,655,True,none,False,wet_slip,fair,60,2020-03-13,Pacific Coast,2021-07-03T00:00:00,4577.81,0.66,26976.21,True
ves_c41337a719d6,4MWBW8CT3UYX,Formula,290 BR,2013,cruiser,FRP,planing,36.95,9.9,4.71,48452,inboard,2,diesel,2445,False,none,False,trailered,good,79,2022-03-04,Inland Lakes,2017-11-25T00:00:00,106197.56,1.98,275709.65,False
ves_3d8729f2a7c2,S9E2285B0KE9,Yamaha WaveRunner,FX HO,1987,PWC,composite,planing,11.61,4.44,1.11,727,jet,1,gasoline,347,False,none,False,trailered,fair,63,2026-01-04,Great Lakes,2018-06-10T00:00:00,1200.0,0.25,19274.42,True
ves_fc70101d71a4,X79NCN7BP57P,Carver,C40 Command Bridge,2004,cruiser,FRP,semi_displacement,34.04,11.42,1.66,53697,inboard,1,gasoline,1845,True,none,False,wet_slip,good,72,2019-12-22,Pacific Coast,2024-01-15T00:00:00,63421.58,0.88,220335.32,False
ves_22e25dc0570b,ZHUAXDEGS1E8,Bayliner,VR5,1974,runabout,aluminum,planing,21.56,5.81,2.71,16429,sterndrive,1,gasoline,1728,True,freshwater,False,trailered,poor,23,,Gulf Coast,2025-02-20T00:00:00,1844.18,0.6,52429.94,False
ves_919ba1018b51,1KX04FUUGK5D,Bayliner,Element M17,2010,runabout,FRP,planing,13.94,3.73,1.11,4951,outboard,1,gasoline,538,True,none,False,trailered,good,74,2023-03-28,Gulf Coast,2024-06-26T00:00:00,8202.1,0.61,29088.47,False
ves_e3e2b96b59c3,9RLTC2YJ3EJH,SafeBoat,25 Defender,2005,workboat,aluminum,displacement,25.38,8.32,3.42,37380,jet,1,gasoline,2067,False,none,False,trailered,good,77,,Great Lakes,2017-03-10T00:00:00,32771.48,0.45,157667.07,True
ves_308ca436d742,Y016SMRN19WG,Catalina,275 Sport,1981,sailboat,steel,displacement,14.68,3.94,1.93,12627,sail_aux,0,diesel,2470,True,none,False,dry_stack,fair,45,,Pacific Coast,2019-04-24T00:00:00,8839.62,1.37,54688.34,False
ves_1d45d0cbe15c,AY0AULE4R2KY,Chaparral,280 OSX,2013,runabout,FRP,planing,21.65,6.44,2.71,15031,outboard,1,gasoline,1000,True,none,False,wet_slip,very_good,83,,Gulf Coast,2015-11-24T00:00:00,19208.51,1.4,57305.67,False
ves_2f574c4feb21,0YYFWZ0L4TSX,Bennington,20 SVL,2018,pontoon,aluminum,pontoon,16.37,3.63,1.25,4052,outboard,1,gasoline,677,False,none,False,wet_slip,very_good,85,2025-01-31,Great Lakes,2022-09-27T00:00:00,13406.27,1.88,33826.45,False
ves_56aee65cbac4,GSTKCWY8HSGV,Bayliner,VR5,2018,runabout,aluminum,planing,20.22,5.34,2.32,13271,outboard,1,gasoline,308,True,none,False,dry_stack,excellent,94,2022-07-03,Pacific Coast,2017-10-02T00:00:00,22253.94,0.7,48075.18,False
ves_1d438b7e3f72,WWMFVS679B0Y,HarborCat,26 WB,2021,workboat,aluminum,displacement,28.7,9.06,3.5,54982,inboard,1,gasoline,1051,True,none,False,trailered,very_good,87,2021-04-09,Pacific Coast,2022-10-17T00:00:00,95383.91,0.96,186085.54,False
ves_9c052a11b076,MZ24WEEPZA54,Sea Ray,Sundancer 320,1999,cruiser,FRP,semi_displacement,23.6,6.9,1.03,22254,sterndrive,1,diesel,2700,True,none,False,wet_slip,fair,64,2020-12-25,Pacific Coast,2019-05-22T00:00:00,31458.23,1.05,134368.34,False
ves_00eaba2d8df7,DZMJCGEK7AVK,Bennington,24 LXSB,2004,pontoon,aluminum,pontoon,14.59,3.5,1.6,2729,outboard,1,gasoline,303,True,none,False,wet_slip,very_good,87,2022-07-04,Pacific Coast,2023-01-03T00:00:00,6939.43,0.31,28948.45,False
ves_96d7c02658f6,7WW38C8HHYEH,HarborCat,26 WB,1986,workboat,aluminum,planing,32.97,7.79,3.65,42574,jet,2,gasoline,4966,True,none,False,wet_slip,good,69,2021-06-22,Gulf Coast,2023-04-02T00:00:00,26535.19,0.56,224446.05,False
ves_8debfe11a472,MWY9V1P5EU68,Grady-White,191 CE,1992,fishing,FRP,planing,26.0,7.69,1.2,19898,inboard,1,diesel,3342,False,none,False,dry_stack,good,66,2021-07-04,Inland Lakes,2018-02-14T00:00:00,11337.45,1.16,82599.89,False
ves_7419efbbfd45,TLUWR5P214DV,Catalina,275 Sport,1978,sailboat,steel,displacement,41.4,9.49,3.42,94896,inboard,1,diesel,1941,False,none,False,wet_slip,fair,53,,Inland Lakes,2018-12-13T00:00:00,37331.59,1.01,221638.66,False
ves_81da9e2d3996,5V0J6SSGGX38,Bennington,24 LXSB,1971,pontoon,aluminum,pontoon,19.14,5.46,0.96,7315,outboard,1,gasoline,2514,True,none,False,dry_stack,fair,46,2021-05-06,Pacific Coast,2018-07-22T00:00:00,2416.97,1.02,41749.93,False
ves_d57ac72797fc,W0YPBBE8NGTG,Jeanneau,Leader 10.5,1979,sailboat,wood,displacement,36.29,8.83,2.48,83954,inboard,1,diesel,2825,False,none,False,wet_slip,fair,56,2025-05-29,Great Lakes,2022-07-01T00:00:00,36999.33,1.5,207815.82,False
ves_d1d4d19820d6,87VZ4XK2WKUP,Grady-White,336 Canyon,2014,fishing,aluminum,semi_displacement,26.0,8.01,1.71,28579,outboard,1,diesel,133,True,none,False,wet_slip,very_good,82,2024-11-08,Gulf Coast,2016-01-27T00:00:00,25586.95,0.13,82599.89,True
ves_6c3748530e1c,DGU963D35R5L,Lund,1875 Pro-V,1991,fishing,FRP,planing,24.96,7.92,3.23,23595,outboard,1,diesel,1282,False,none,False,trailered,fair,57,2018-01-08,Inland Lakes,2017-07-03T00:00:00,9437.83,0.43,78173.77,False
ves_c13c67fa3853,HYTUZJP2TTEG,Bayliner,DX2000,2024,runabout,aluminum,planing,23.69,5.94,3.46,15692,outboard,1,gasoline,122,False,none,False,dry_stack,excellent,91,2018-12-25,Inland Lakes,2025-04-12T00:00:00,44330.38,1.11,59524.27,False
ves_f0e364c1493c,H6XH17M3BY4Z,Formula,290 BR,2018,cruiser,steel,semi_displacement,25.63,6.44,3.34,27631,sterndrive,1,gasoline,379,True,none,False,wet_slip,very_good,84,,Maritimes,2020-08-20T00:00:00,82370.21,0.5,168253.0,False
ves_8b1757c9cf58,6TY9N28VL2CF,Sea Ray,SLX 260,1987,runabout,FRP,planing,26.0,7.42,4.08,18646,outboard,1,gasoline,1237,True,none,False,dry_stack,fair,54,2024-06-02,Gulf Coast,2014-12-27T00:00:00,8384.7,0.58,73380.5,False
ves_2f7da57df745,R0LKP68YCUVB,Sea Ray,SPX 190,2005,cruiser,steel,planing,31.91,9.54,1.85,47101,inboard,2,gasoline,996,True,none,False,wet_slip,fair,58,,Maritimes,2016-12-22T00:00:00,47313.47,0.5,201940.16,True
ves_b5500fa0309a,SN7DJHW1E1CW,Formula,290 BR,2022,cruiser,steel,semi_displacement,30.73,9.36,2.65,40244,sterndrive,1,gasoline,478,True,none,False,wet_slip,good,75,2020-10-15,Maritimes,2015-04-09T00:00:00,123204.45,1.26,214913.96,False
ves_a718c6f07860,36CYAPX3LS5M,Tiara,44 Coupe,2017,cruiser,steel,semi_displacement,37.81,12.74,2.57,79233,inboard,1,gasoline,597,False,none,False,wet_slip,excellent,90,2018-08-16,Great Lakes,2019-09-28T00:00:00,138018.11,0.7,284402.2,False
ves_331655f7f76f,EHE89YHMZL6M,Boston Whaler,280 Vantage,1975,fishing,aluminum,planing,19.24,4.85,1.99,10320,outboard,1,diesel,4235,True,none,False,wet_slip,poor,44,2020-08-02,Gulf Coast,2012-11-04T00:00:00,3915.95,0.98,61612.51,False
ves_1b40c614b1bc,208LLT0S44A8,Chaparral,21 SSI,2013,runabout,FRP,planing,16.69,4.38,1.05,9410,sterndrive,1,gasoline,1258,False,none,False,unknown,good,77,2020-07-14,Inland Lakes,2012-10-06T00:00:00,12797.84,1.76,40318.97,False
ves_c6998dac1569,BB703YSDBDMK,Sun Tracker,Bass Buggy 18 DLX,1982,pontoon,aluminum,pontoon,24.68,6.49,1.86,12897,outboard,1,gasoline,780,True,none,False,dry_stack,fair,59,2021-09-27,Atlantic Coast,2015-01-09T00:00:00,4557.31,0.39,48339.19,False
ves_23627e526453,7V5M8RMK39UX,Yamaha WaveRunner,VX Cruiser,2004,PWC,FRP,planing,10.93,4.48,0.83,906,jet,1,gasoline,882,False,none,False,trailered,very_good,88,2023-08-10,Great Lakes,2020-01-22T00:00:00,2766.28,1.15,17766.22,False
ves_34bda5a9de8f,Z9G3E9B9BDTB,Bayliner,DX2000,1992,runabout,FRP,planing,19.9,5.27,2.15,13011,sterndrive,1,gasoline,1288,True,none,False,trailered,fair,61,,Pacific Coast,2021-03-25T00:00:00,6766.39,0.69,47053.5,False
ves_1c99354c8ec5,7MMKGXZSKXDG,Bayliner,DX2000,2024,runabout,aluminum,planing,15.61,4.66,1.91,9685,sterndrive,1,gasoline,146,True,none,False,wet_slip,excellent,92,2018-01-21,Maritimes,2017-02-02T00:00:00,25466.8,1.33,33915.33,False
ves_6f898f1cd1c4,MVXGRN44AY6X,Sun Tracker,Bass Buggy 18 DLX,2024,pontoon,aluminum,pontoon,18.72,5.25,1.04,7548,outboard,1,gasoline,86,False,none,False,trailered,excellent,98,2021-07-21,Inland Lakes,2022-07-20T00:00:00,25711.01,0.96,33296.35,False
ves_651dcc89b043,HFT2Y0D3P49Y,Harris,Cruiser 210,2011,pontoon,aluminum,pontoon,26.59,5.94,1.79,9302,outboard,1,gasoline,247,True,none,True,trailered,good,71,,Pacific Coast,2024-06-21T00:00:00,8161.71,0.37,58118.12,False
ves_e45a7eb528fb,1UWZGVS5AUNT,SafeBoat,25 Defender,1974,workboat,FRP,semi_displacement,22.7,6.25,2.2,28110,jet,1,gasoline,14802,True,none,False,trailered,poor,43,2023-10-25,Pacific Coast,2022-05-31T00:00:00,8252.4,1.29,135625.18,False
ves_9eff37a3e0f8,G7N9FBRT5PG6,Grady-White,257 Fisherman,1991,fishing,FRP,semi_displacement,16.81,4.45,2.03,8935,inboard,1,diesel,3425,False,none,False,wet_slip,fair,62,2018-10-15,Great Lakes,2018-07-25T00:00:00,5853.88,1.15,45856.05,False
ves_f9c4670e3b1b,X4NVRE5EE1RN,Bayliner,DX2000,2021,runabout,aluminum,planing,24.64,5.67,1.29,16741,outboard,1,gasoline,874,True,none,False,unknown,fair,50,2023-08-03,Maritimes,2018-01-30T00:00:00,23149.33,3.18,62798.68,False
ves_de38d4d7248f,2JTYCM9WZ6H3,Bayliner,Element M17,2021,runabout,FRP,planing,16.8,5.22,1.09,11656,sterndrive,1,gasoline,500,True,none,False,trailered,very_good,82,2025-08-30,Maritimes,2013-01-15T00:00:00,19307.53,1.82,37428.07,False
ves_002a2a74cdc7,4HR36V1F4G4A,HarborCat,36 Pilot,1968,workboat,aluminum,semi_displacement,41.89,9.51,4.63,87466,outboard,1,diesel,15744,False,none,False,dry_stack,poor,41,2023-08-06,Great Lakes,2018-09-29T00:00:00,14100.62,1.23,310047.32,True
ves_fdd29fcf96dc,SEMG6WA15J45,Grady-White,191 CE,2015,fishing,FRP,semi_displacement,18.96,5.6,2.02,13479,outboard,1,diesel,462,True,none,False,wet_slip,good,79,,Atlantic Coast,2022-09-25T00:00:00,16759.14,0.49,53946.4,False
ves_b4a5a36829f1,1T8TAHK0ZSH5,Catalina,445,2020,sailboat,FRP,displacement,21.16,6.86,3.21,29796,sail_aux,1,diesel,176,True,none,False,wet_slip,very_good,87,,Gulf Coast,2018-05-19T00:00:00,55526.06,0.73,89581.52,False
ves_32c04222ccbb,53DVFTJZDZ2N,Tracker,Grizzly 1860,2002,fishing,FRP,semi_displacement,22.81,5.86,1.91,15407,inboard,1,gasoline,2282,False,none,False,dry_stack,very_good,80,2022-02-25,Great Lakes,2016-09-22T00:00:00,13521.27,1.12,63700.26,False
ves_5d44256841e5,WNZ0G663S909,Carver,C34 Coupe,2021,cruiser,steel,planing,28.65,8.3,1.49,39715,inboard,1,gasoline,438,False,none,False,wet_slip,good,79,,Great Lakes,2017-02-07T00:00:00,97850.86,0.92,174598.95,False
ves_9defcb50cbf9,40PYYZNU0D4Y,Carver,C40 Command Bridge,2013,cruiser,steel,semi_displacement,39.08,12.84,1.96,67078,sterndrive,2,diesel,588,True,none,False,wet_slip,very_good,85,,Maritimes,2014-08-15T00:00:00,107901.86,0.48,265533.92,False
ves_ca0c097ebde8,WRFWHTLEZTWC,Sea Ray,SLX 260,2007,cruiser,steel,planing,42.25,11.76,2.75,67839,inboard,1,diesel,2558,True,none,False,wet_slip,very_good,81,,Atlantic Coast,2012-11-20T00:00:00,99585.66,1.42,294978.61,False
ves_b5dc53ffa2ce,BN0T641RD558,Lund,1875 Pro-V,2024,fishing,aluminum,semi_displacement,15.54,4.48,1.09,7231,inboard,1,gasoline,106,True,none,False,wet_slip,excellent,94,2020-10-23,Pacific Coast,2018-09-14T00:00:00,30845.37,0.62,41232.79,False
ves_000b10389ceb,UHE8D9KKJDKX,Chaparral,21 SSI,2026,runabout,aluminum,planing,25.31,7.77,1.64,21041,sterndrive,1,gasoline,0,True,saltwater,False,wet_slip,fair,61,2025-07-23,Maritimes,2023-12-01T00:00:00,24078.3,0.0,70748.83,False
ves_7f28344b6530,0XJS79NBT8Z7,Sea Ray,SPX 190,2015,cruiser,FRP,semi_displacement,35.17,9.97,1.45,55894,inboard,2,diesel,1038,True,none,False,wet_slip,good,70,2022-02-17,Atlantic Coast,2019-04-28T00:00:00,85552.76,0.99,230271.42,False
ves_34c89582cb4e,JVFPCH4D2TTC,Tracker,Pro Team 175,2013,fishing,FRP,planing,17.76,5.25,0.97,13938,inboard,1,diesel,1078,False,none,False,wet_slip,good,74,2025-06-07,Inland Lakes,2021-05-17T00:00:00,12677.96,0.98,45413.81,False
ves_864f312fa353,6HKGLF1B4NLR,Grady-White,336 Canyon,2002,fishing,FRP,semi_displacement,28.25,9.25,3.96,27829,outboard,1,gasoline,1583,True,none,False,wet_slip,good,71,2018-02-20,Maritimes,2024-05-21T00:00:00,18006.11,0.78,92378.85,False
ves_8a70207158dd,7AJZ5XSZ4WUE,Harris,Cruiser 210,2005,pontoon,aluminum,pontoon,20.16,4.88,1.15,7954,outboard,1,gasoline,560,True,none,False,trailered,good,79,2019-07-22,Pacific Coast,2024-05-01T00:00:00,9204.95,0.59,39996.34,False
ves_027e6ee54991,KDRE7ZETXACB,Harris,Solstice 230,2022,pontoon,aluminum,pontoon,29.77,10.01,1.39,16745,outboard,1,gasoline,119,True,none,False,trailered,excellent,91,2019-01-16,Maritimes,2021-08-08T00:00:00,38870.09,0.66,67690.05,False
ves_9f098130eef0,M51XPVDMW12L,Harris,Solstice 230,1992,pontoon,aluminum,pontoon,24.68,8.1,1.29,14605,outboard,1,gasoline,395,True,none,False,trailered,poor,36,,Gulf Coast,2020-08-11T00:00:00,4566.25,0.26,52567.32,True
ves_7518bda1d56d,0WWWW8KA5UD0,HarborCat,26 WB,2004,workboat,steel,planing,28.51,8.83,2.66,39610,inboard,1,diesel,4459,True,none,False,unknown,good,77,2018-05-28,Gulf Coast,2023-07-17T00:00:00,40440.81,0.92,184451.22,False
ves_3363b42ee149,SEBPMAUGDR8J,Carver,C34 Coupe,2008,cruiser,FRP,planing,42.72,12.74,6.38,91997,inboard,1,diesel,2930,True,none,False,wet_slip,good,67,2018-12-30,Maritimes,2014-06-29T00:00:00,90576.17,1.71,299387.47,False
ves_5584cbb753af,4PPBMLZG6144,Formula,350 CBR,1971,cruiser,FRP,semi_displacement,44.78,14.59,3.05,105456,sterndrive,1,gasoline,9000,False,none,False,dry_stack,poor,36,,Great Lakes,2013-12-12T00:00:00,29182.98,1.72,357311.06,False
ves_e41be7493416,2Z2LELXCWWEW,Bennington,20 SVL,2024,pontoon,aluminum,pontoon,24.22,5.39,1.75,7165,outboard,1,gasoline,62,True,none,False,trailered,excellent,94,2021-11-27,Atlantic Coast,2014-09-17T00:00:00,42925.6,0.69,57381.13,False
ves_45a580b452f1,X88AXH30D263,Lund,1650 Angler,1973,fishing,aluminum,planing,17.84,4.86,2.28,12664,inboard,1,diesel,4295,True,none,False,dry_stack,fair,53,2018-08-01,Atlantic Coast,2019-08-11T00:00:00,3333.66,0.95,49663.91,False
ves_7456c981277f,ZCDW23A1R9M9,Jeanneau,Sun Odyssey 349,2017,sailboat,steel,displacement,20.25,5.3,1.61,26474,inboard,1,diesel,161,False,none,False,dry_stack,excellent,95,2019-02-08,Great Lakes,2017-07-25T00:00:00,53893.74,0.45,94560.23,False
ves_033aff7ae2da,VT1J81SXGV96,Bayliner,VR5,2024,runabout,aluminum,planing,26.0,7.75,1.16,21565,outboard,1,gasoline,78,True,none,False,wet_slip,very_good,83,2024-01-27,Gulf Coast,2019-12-24T00:00:00,46956.91,0.71,67510.06,False
ves_467924307840,VE4ZRZYKJ7XF,Sun Tracker,Party Barge 22 DLX,2010,pontoon,aluminum,pontoon,18.72,4.24,2.18,4587,outboard,1,gasoline,761,True,none,False,trailered,very_good,89,,Pacific Coast,2022-12-25T00:00:00,9719.79,1.06,33299.02,False
ves_70130b0bd0d1,GDXAVX1G5UDB,Kawasaki Jet Ski,STX 160,1996,PWC,composite,planing,12.21,3.87,0.87,1030,jet,1,gasoline,584,False,none,False,trailered,good,78,2025-09-28,Inland Lakes,2017-10-08T00:00:00,1906.41,0.56,18420.69,False
ves_d8d88de996b4,9M3XUC65MXYC,Harris,Solstice 230,1987,pontoon,aluminum,pontoon,19.38,4.96,1.33,5461,outboard,1,gasoline,218,True,none,False,wet_slip,poor,37,2025-01-08,Gulf Coast,2017-07-09T00:00:00,2878.62,0.12,37928.46,True
ves_209a2c46bec8,2F4UHP0GLTP1,Lund,1650 Angler,1993,fishing,FRP,semi_displacement,24.77,6.87,3.53,20547,inboard,1,gasoline,3217,True,none,False,wet_slip,fair,63,2025-09-11,Gulf Coast,2018-11-13T00:00:00,10603.8,1.15,77386.92,False
ves_6514d0feda77,TB4BM84HBALR,Yamaha WaveRunner,VX Cruiser,2010,PWC,FRP,planing,12.44,4.24,1.18,840,jet,1,gasoline,423,True,none,False,trailered,excellent,92,2019-09-17,Gulf Coast,2017-12-13T00:00:00,4329.73,0.76,21157.55,False
ves_9e40a2186de3,4NP7Z9UFS78A,Hunter,31,2017,sailboat,wood,displacement,20.12,5.94,1.22,30123,inboard,1,diesel,392,True,none,False,trailered,good,75,2018-11-28,Maritimes,2023-05-11T00:00:00,36875.16,1.09,77009.66,False
ves_ba8f29a07126,LUF5A6GK8983,Harris,Cruiser 210,2005,pontoon,aluminum,pontoon,19.13,4.33,1.57,6700,outboard,1,gasoline,573,False,none,False,trailered,very_good,80,2023-05-23,Great Lakes,2020-07-05T00:00:00,8652.35,0.61,37253.87,False
ves_bb52156fb2e9,SXH89G3TZ7HC,Bayliner,DX2000,2002,runabout,FRP,planing,16.16,4.47,1.16,7014,outboard,1,gasoline,2760,False,freshwater,False,trailered,fair,64,2022-09-25,Inland Lakes,2019-05-14T00:00:00,5128.22,2.09,35523.22,False
ves_973bd9b89a80,RGS88UPTCRDY,Sea-Doo,GTI 130,1999,PWC,FRP,planing,10.93,3.83,0.87,822,jet,1,gasoline,789,True,none,False,wet_slip,good,76,,Maritimes,2015-04-14T00:00:00,2034.75,0.83,17766.22,False
ves_7a7dd714f2ef,830V2MFF15AD,Sun Tracker,Bass Buggy 18 DLX,1995,pontoon,aluminum,pontoon,21.14,5.44,1.82,8572,outboard,1,gasoline,3668,True,none,False,wet_slip,poor,43,2024-04-12,Gulf Coast,2016-07-15T00:00:00,4481.12,2.63,39223.02,False
ves_8844ac706398,JHSYCGGSUT1X,Regal,28 Express,2025,runabout,aluminum,planing,26.0,6.17,1.68,21286,sterndrive,1,gasoline,69,False,none,False,wet_slip,excellent,98,2019-07-31,Inland Lakes,2025-04-14T00:00:00,67163.47,1.25,73380.5,False
ves_8cc47c71daba,TWJG503RTAT1,Sun Tracker,Party Barge 22 DLX,2018,pontoon,aluminum,pontoon,19.71,4.81,1.49,6951,outboard,1,gasoline,138,False,none,False,wet_slip,very_good,88,2020-07-16,Inland Lakes,2018-08-03T00:00:00,14510.73,0.38,35683.32,False
ves_aa504657e6ce,2W1XBRBTSF7V,Chaparral,280 OSX,2011,runabout,aluminum,planing,26.0,6.37,2.22,21130,outboard,1,gasoline,1529,True,none,False,wet_slip,good,75,,Gulf Coast,2022-05-30T00:00:00,21526.09,1.85,73380.5,False
ves_ba578fe05016,H0TKLTHLXAPP,Chaparral,280 OSX,2020,runabout,aluminum,planing,20.83,6.13,1.0,13084,outboard,1,gasoline,138,False,none,False,wet_slip,excellent,98,,Inland Lakes,2019-09-21T00:00:00,29905.27,0.42,54410.84,False
ves_16739ba6e1ac,SLS86PR0LGAY,Formula,290 BR,2013,cruiser,FRP,planing,54.84,15.98,2.37,134057,inboard,2,gasoline,1236,True,none,False,trailered,very_good,80,2021-03-18,Atlantic Coast,2014-01-06T00:00:00,182608.27,1.0,469781.62,False
ves_2eac232a92bd,Z9FHGUMH8SVJ,Bayliner,DX2000,2010,runabout,FRP,planing,19.94,4.51,1.52,10155,outboard,1,gasoline,406,True,none,False,trailered,good,67,2020-02-28,Maritimes,2025-11-05T00:00:00,12410.03,0.46,47183.9,False
ves_f201dcaa36a2,AUDPMVKUNCBF,Tracker,Targa V-18,2017,fishing,aluminum,semi_displacement,15.48,3.76,2.25,5696,outboard,1,gasoline,403,True,none,False,wet_slip,very_good,88,2019-01-06,Atlantic Coast,2015-08-02T00:00:00,14167.9,0.53,37742.0,False
ves_4e5465fccf74,FL084EDKWH9M,Regal,LS4,2024,runabout,FRP,planing,17.23,4.24,1.27,8035,sterndrive,1,gasoline,112,True,none,False,trailered,excellent,97,2024-07-05,Pacific Coast,2015-05-02T00:00:00,32915.78,1.02,42111.32,False
ves_de6d8d7dcf83,689ZG42ZDGDD,Sea Ray,SLX 260,2006,cruiser,steel,planing,33.97,10.17,4.17,67286,sterndrive,1,gasoline,4377,True,none,False,dry_stack,fair,59,,Gulf Coast,2017-07-16T00:00:00,58026.6,2.3,219732.78,False
ves_c8aec8970836,13Z7WS7SU5FU,Tracker,Pro Team 175,1971,fishing,FRP,planing,17.88,5.02,0.78,13122,outboard,1,diesel,7643,False,none,False,trailered,fair,59,2023-08-11,Great Lakes,2017-09-05T00:00:00,3106.25,1.63,45829.51,False
ves_294a4b5029db,FJCPFDK1KR5B,Harris,Cruiser 210,2026,pontoon,aluminum,pontoon,24.53,7.42,1.08,10566,outboard,1,gasoline,0,True,unknown,False,trailered,excellent,97,,Pacific Coast,2017-10-01T00:00:00,55006.23,0.0,52133.66,False
ves_8a7c0f23cdbe,4FW0ZDP1YRZV,Bayliner,Element M17,1989,runabout,FRP,planing,16.73,5.56,2.61,8747,sterndrive,1,gasoline,2356,True,none,False,trailered,good,68,2025-03-02,Pacific Coast,2022-05-03T00:00:00,5268.0,1.16,37224.0,False
ves_a9ee0a839132,YLKVLC04TK0V,Hunter,36,2011,sailboat,wood,displacement,40.31,13.1,1.9,137831,sail_aux,1,diesel,386,True,none,False,wet_slip,good,78,2022-01-15,Atlantic Coast,2015-10-20T00:00:00,83395.62,0.64,196733.38,False
ves_69403bcd8cd0,S0MFGXUMTAFZ,Harris,Cruiser 210,2008,pontoon,aluminum,pontoon,23.21,6.19,1.17,11194,outboard,1,gasoline,606,True,none,False,trailered,good,79,2022-03-07,Pacific Coast,2025-05-18T00:00:00,12178.59,0.75,48362.59,False
ves_ff7cb2752dba,T5057TJZVLDW,Formula,290 BR,2016,cruiser,steel,planing,38.64,11.83,2.15,82476,inboard,2,diesel,651,True,unknown,False,wet_slip,very_good,82,2022-06-07,Gulf Coast,2021-02-11T00:00:00,124915.2,0.69,292820.82,False
ves_6dfc2810e394,GYA25T0GGRLV,Lund,1875 Pro-V,1980,fishing,aluminum,semi_displacement,24.44,7.19,1.08,19870,inboard,1,diesel,2125,True,none,False,trailered,good,65,2020-04-16,Atlantic Coast,2016-08-19T00:00:00,7200.76,0.54,75985.46,False
ves_55054a73164d,1NXE8Z5D0PMC,Grady-White,191 CE,1991,fishing,FRP,planing,25.76,7.16,3.55,20548,outboard,1,gasoline,7167,True,none,False,wet_slip,poor,42,,Maritimes,2013-04-09T00:00:00,8151.54,2.41,81562.39,False
ves_3b3183e29fd3,DP48XA1RKUCE,Tiara,44 Coupe,2016,cruiser,FRP,planing,44.36,12.91,2.3,109821,sterndrive,2,gasoline,2203,True,none,False,wet_slip,very_good,85,2025-03-26,Pacific Coast,2023-11-04T00:00:00,154537.02,2.32,352818.65,False
ves_44e5eedb9f3c,PG3K5ZL8W3DF,Grady-White,191 CE,1985,fishing,aluminum,planing,16.94,4.59,2.25,11263,inboard,1,diesel,3256,True,none,False,wet_slip,fair,58,2020-09-10,Atlantic Coast,2024-12-03T00:00:00,4723.28,0.93,46307.26,False
ves_bb77bff20bdd,1EA1GAYS6CA8,Chaparral,21 SSI,2001,runabout,aluminum,planing,24.71,6.5,1.16,21170,outboard,1,gasoline,1160,True,none,False,wet_slip,good,66,2021-07-24,Pacific Coast,2024-06-29T00:00:00,12524.23,0.84,68507.58,True
ves_1ad9c70112ad,HEE1NUHA1647,Catalina,275 Sport,2024,sailboat,FRP,displacement,23.92,6.93,1.67,39543,inboard,1,diesel,110,False,freshwater,False,trailered,very_good,81,,Great Lakes,2024-06-09T00:00:00,57480.6,1.38,105724.46,False
ves_653d5177c9f2,Y91H45KGE8BK,Bayliner,DX2000,2011,runabout,aluminum,planing,26.0,8.81,2.21,29108,outboard,1,gasoline,177,False,none,False,wet_slip,very_good,84,,Great Lakes,2018-07-25T00:00:00,21499.54,0.21,67510.06,True
ves_042bccb6b989,TDY6ZYALVKTJ,Chaparral,280 OSX,1976,runabout,FRP,planing,21.95,6.6,2.48,19460,outboard,1,gasoline,5332,True,none,False,wet_slip,poor,23,,Gulf Coast,2016-06-30T00:00:00,3028.49,1.94,58381.56,False
ves_5724ec33eca6,JASG3546UWLM,Regal,26 XO,2025,runabout,aluminum,planing,21.39,6.19,2.67,12337,outboard,1,gasoline,84,True,none,False,wet_slip,excellent,93,2018-11-17,Gulf Coast,2014-06-12T00:00:00,49599.42,1.53,56391.33,False
ves_bb495c213cc1,4M1CL4WECT8H,Tiara,44 Coupe,2023,cruiser,FRP,planing,25.19,6.92,2.5,26554,inboard,1,gasoline,142,False,none,False,wet_slip,excellent,93,,Inland Lakes,2016-08-01T00:00:00,117213.82,0.5,164405.54,False
ves_ec621224e99f,ZNTL69PM6PKM,Lund,1650 Angler,2011,fishing,aluminum,semi_displacement,33.25,11.18,1.91,46668,inboard,1,diesel,1410,False,freshwater,False,wet_slip,very_good,80,2024-10-12,Inland Lakes,2015-05-21T00:00:00,23053.56,1.11,115151.54,False
ves_63e37801db84,BBKGWR13XVZN,Formula,350 CBR,1984,cruiser,steel,planing,21.17,6.07,2.68,18488,sterndrive,1,diesel,1899,True,none,False,dry_stack,fair,48,,Pacific Coast,2013-06-18T00:00:00,17364.07,0.48,130015.09,False
ves_622b384d3525,3070WKARAHNR,Yamaha WaveRunner,VX Cruiser,1987,PWC,FRP,planing,10.64,4.32,1.18,1045,jet,1,gasoline,697,True,none,False,trailered,fair,62,,Atlantic Coast,2015-06-04T00:00:00,1200.0,0.51,17132.83,False
ves_720fa5b6d7f5,PEZSULEHZ62Y,Bennington,20 SVL,1996,pontoon,aluminum,pontoon,26.99,7.15,1.43,12925,outboard,1,gasoline,746,False,none,False,wet_slip,fair,61,2024-04-21,Great Lakes,2025-01-06T00:00:00,8963.2,0.55,66408.56,True
ves_4b41b0348c8f,DBTVRACJ68RJ,Sun Tracker,Party Barge 22 DLX,2001,pontoon,aluminum,pontoon,19.73,5.7,1.21,8357,outboard,1,gasoline,1623,False,none,False,wet_slip,good,68,2024-12-28,Great Lakes,2025-07-29T00:00:00,6559.24,1.44,35736.72,False
ves_c9c5708e55e6,GFWSFD6YR97F,Formula,290 BR,2011,cruiser,FRP,semi_displacement,33.9,8.14,3.93,54124,inboard,1,gasoline,741,True,none,False,wet_slip,good,74,2023-06-28,Gulf Coast,2019-09-11T00:00:00,85817.21,0.52,245469.0,False
ves_964b2d037cd0,9E38WJXWDZV7,Regal,28 Express,2001,runabout,FRP,planing,25.0,7.0,2.42,23863,sterndrive,1,gasoline,1966,True,none,False,wet_slip,fair,54,,Atlantic Coast,2020-01-26T00:00:00,12102.12,1.43,69590.67,False
ves_c8c71a22a1db,UKHBAHW2HH75,Chaparral,23 SSi,2001,runabout,aluminum,planing,22.49,7.1,2.01,15547,sterndrive,1,gasoline,1526,False,none,False,wet_slip,good,72,2018-09-22,Inland Lakes,2014-01-28T00:00:00,12735.92,1.11,60326.59,False
ves_57cf6dcf007f,SYSACJZZNYM0,Grady-White,336 Canyon,2006,fishing,FRP,semi_displacement,24.41,7.68,1.9,20240,inboard,1,diesel,677,True,unknown,False,trailered,very_good,89,,Gulf Coast,2016-11-29T00:00:00,19637.51,0.4,75853.67,False
ves_bbc33b3d59c6,ZH8SP0N3KVMH,Carver,C40 Command Bridge,1969,cruiser,FRP,planing,32.12,7.91,4.94,38743,inboard,2,diesel,3721,True,none,False,wet_slip,fair,46,2021-01-14,Pacific Coast,2018-05-03T00:00:00,18221.45,0.69,203727.21,False
ves_86d370c5166a,FDZUMY4L7P4U,Sea Ray,SLX 260,2011,runabout,aluminum,planing,21.98,6.92,2.79,18328,outboard,1,gasoline,708,True,none,False,trailered,good,77,2020-04-08,Pacific Coast,2021-06-04T00:00:00,17482.95,0.86,58485.08,False
ves_31eed1596729,25JD5ZC11GJX,Sea Ray,SDX 250,1973,cruiser,FRP,planing,32.34,9.65,1.66,41720,sterndrive,1,diesel,8719,True,none,False,wet_slip,fair,46,2023-07-15,Atlantic Coast,2017-01-05T00:00:00,20327.67,1.73,205647.88,False
ves_7b3f8580550e,L1JGC2AS3SLR,Bennington,20 SVL,1982,pontoon,aluminum,pontoon,18.23,4.52,1.6,5404,outboard,1,gasoline,1184,False,none,False,trailered,fair,56,,Inland Lakes,2017-08-10T00:00:00,3562.0,0.6,39098.17,False
ves_4f5a6ad13dcd,FV9VXUWNBA6V,Formula,350 CBR,2013,cruiser,FRP,planing,37.7,8.36,3.69,53781,sterndrive,2,gasoline,1052,False,none,False,wet_slip,excellent,98,,Inland Lakes,2018-05-02T00:00:00,128093.44,0.85,283238.33,False
ves_df8d85dd9f70,4NCY6Z6912D6,Jeanneau,Leader 10.5,1970,sailboat,wood,displacement,24.6,7.09,3.39,42330,inboard,1,diesel,1289,True,none,False,wet_slip,poor,44,2023-04-24,Pacific Coast,2024-07-31T00:00:00,14476.06,0.58,122938.7,True
ves_7567cf9e51cd,J1T8UGTEMUAT,Chaparral,21 SSI,2020,runabout,FRP,planing,13.2,4.01,2.11,6516,sterndrive,1,gasoline,177,True,freshwater,False,wet_slip,good,71,2023-09-07,Gulf Coast,2021-07-04T00:00:00,9179.72,0.54,29390.99,False
ves_1cf9c135021c,HPK7FG9RG7JG,Bennington,20 SVL,2002,pontoon,aluminum,pontoon,22.8,6.91,1.15,12382,outboard,1,gasoline,326,False,none,False,wet_slip,good,69,2019-11-05,Inland Lakes,2016-08-15T00:00:00,9299.08,0.3,52903.02,True
ves_f4bfe4a08b08,JJ3JWFYJRL9G,Grady-White,336 Canyon,1996,fishing,aluminum,semi_displacement,25.37,8.04,3.74,23939,outboard,1,gasoline,4964,False,freshwater,False,dry_stack,fair,52,,Great Lakes,2016-11-01T00:00:00,7605.72,1.95,79895.34,False
ves_fcf90faf1a1b,4MZYS840EFJX,Beneteau,Oceanis 31,1995,sailboat,wood,displacement,22.59,5.3,3.09,26784,sail_aux,1,diesel,601,True,none,False,trailered,fair,58,2020-07-18,Gulf Coast,2016-01-31T00:00:00,27500.15,0.48,109616.34,False
ves_143f93175b27,FNVHRYBNNV2A,Carver,C34 Coupe,2010,cruiser,FRP,semi_displacement,29.73,7.45,2.11,31151,sterndrive,1,gasoline,4442,True,none,False,wet_slip,fair,59,2020-01-11,Pacific Coast,2015-04-10T00:00:00,53571.47,2.92,183557.37,False
ves_3870f5605145,PMGJYX987UCZ,Grady-White,257 Fisherman,2005,fishing,aluminum,semi_displacement,30.76,7.66,3.04,27695,inboard,1,diesel,641,False,none,False,trailered,very_good,80,2020-07-20,Inland Lakes,2024-08-03T00:00:00,24076.25,0.36,103663.54,False
ves_99d16410a69b,V78FRWFLYSST,Sea Ray,SLX 260,2012,runabout,aluminum,planing,18.89,4.47,2.31,9368,sterndrive,1,gasoline,1052,False,none,False,trailered,very_good,84,2023-01-15,Great Lakes,2023-12-08T00:00:00,15646.72,1.37,47679.71,False
ves_dfe8affa9d73,RP1586TWGCTN,Regal,26 XO,1992,runabout,aluminum,planing,18.62,5.24,1.37,11959,sterndrive,1,gasoline,2071,True,none,False,wet_slip,fair,53,2023-05-19,Gulf Coast,2012-10-05T00:00:00,6131.49,1.11,46742.14,False
ves_65d658011f44,H8NJDPFA422V,Tracker,Grizzly 1860,1993,fishing,FRP,planing,21.96,6.03,2.28,14752,inboard,1,gasoline,2825,False,none,False,wet_slip,good,70,2018-05-10,Great Lakes,2016-02-14T00:00:00,8910.58,1.01,60483.15,False
ves_e4c3204dd379,F6V3ED1MRZGB,Formula,350 CBR,1968,cruiser,steel,semi_displacement,34.55,9.29,2.67,57809,sterndrive,2,diesel,9281,False,none,False,wet_slip,fair,46,2022-10-01,Great Lakes,2013-10-21T00:00:00,21963.88,1.68,251786.53,False
ves_01ea6b5d24c7,DRDXJTGGULC5,Hunter,36,1987,sailboat,FRP,displacement,27.88,8.37,3.79,56449,inboard,1,diesel,2247,True,none,False,dry_stack,poor,43,,Maritimes,2016-10-05T00:00:00,21209.35,1.44,119561.78,False
ves_d20a41a13574,UL7DWXP452EK,Lund,1650 Angler,1986,fishing,FRP,semi_displacement,26.0,8.47,2.29,29135,inboard,1,gasoline,1387,False,unknown,False,dry_stack,fair,46,2025-09-08,Great Lakes,2013-02-26T00:00:00,7499.42,0.41,82599.89,False
ves_07f156115fff,9NW0SEMDCYCW,Lund,1975 Impact,2014,fishing,FRP,semi_displacement,24.12,8.06,2.37,21326,inboard,1,diesel,2845,True,unknown,False,unknown,fair,61,2023-10-25,Pacific Coast,2024-10-26T00:00:00,18793.0,2.79,74649.32,False
ves_4862f5c605ed,KWEV5H972LE7,Sea-Doo,RXT-X 300,1983,PWC,composite,planing,11.87,4.34,1.22,702,jet,1,gasoline,1949,False,none,False,trailered,fair,59,2018-12-04,Great Lakes,2015-05-16T00:00:00,1200.0,1.3,19859.41,False
ves_7403a500a14c,7YB83SFRKUDU,Bennington,20 SVL,1982,pontoon,aluminum,pontoon,24.98,7.28,2.15,12747,outboard,1,gasoline,1782,True,none,False,trailered,fair,50,2025-01-20,Maritimes,2012-09-24T00:00:00,5071.17,0.9,59831.98,False
ves_2c682c40e7cd,494LP59056G6,Grady-White,257 Fisherman,2009,fishing,aluminum,planing,23.29,6.18,3.51,14899,outboard,1,diesel,511,False,none,False,dry_stack,good,79,,Great Lakes,2023-02-18T00:00:00,16996.38,0.35,71195.46,True
ves_e6d6a7a28e18,54LUWYM59VNA,Regal,28 Express,2012,runabout,FRP,planing,19.26,5.58,2.82,13375,sterndrive,1,gasoline,2100,False,none,False,trailered,good,68,2018-10-11,Inland Lakes,2025-08-26T00:00:00,13808.91,2.73,48941.1,False
ves_876590155897,W98UNMAPKL12,Regal,26 XO,2005,runabout,aluminum,planing,20.61,4.96,0.94,9932,sterndrive,1,gasoline,1637,False,none,False,wet_slip,good,78,,Inland Lakes,2014-08-26T00:00:00,13515.17,1.42,53627.74,False
ves_6e68c2427199,VPB9HRJKMZ60,Lund,1650 Angler,1970,fishing,aluminum,semi_displacement,17.38,3.9,0.77,9779,inboard,1,diesel,5450,True,none,False,trailered,fair,51,,Maritimes,2025-06-18T00:00:00,2870.65,1.14,47947.35,False
ves_4a84a8b01f7d,K44MKT854ANK,Sea Ray,Sundancer 320,2020,runabout,FRP,planing,16.29,4.91,2.14,7872,sterndrive,1,gasoline,409,True,none,False,trailered,very_good,82,,Atlantic Coast,2014-08-17T00:00:00,18771.15,1.24,39026.74,False
ves_4d400610b8b6,RNS9NN549P2K,Sea Ray,SLX 260,2024,runabout,aluminum,planing,19.94,4.96,2.99,13100,outboard,1,gasoline,103,False,none,False,wet_slip,excellent,91,,Great Lakes,2018-02-21T00:00:00,38185.84,0.94,51273.74,False
ves_919e8acb74c1,S78R0JHB1T2B,Sun Tracker,Bass Buggy 18 DLX,2020,pontoon,aluminum,pontoon,21.3,6.34,1.18,10830,outboard,1,gasoline,183,True,none,False,wet_slip,excellent,94,2019-02-15,Pacific Coast,2021-06-22T00:00:00,19876.18,0.68,39637.24,False
ves_62444747459e,56535R7EECZ5,Alumacraft Pro,Trophy 195,2017,workboat,FRP,semi_displacement,37.22,12.35,4.89,99961,outboard,2,diesel,907,True,none,False,trailered,very_good,86,2021-06-30,Gulf Coast,2019-12-15T00:00:00,97565.72,0.46,264382.71,False
ves_a027917bfe30,U78N1ZGUH32F,Jeanneau,Sun Odyssey 349,1986,sailboat,FRP,displacement,32.48,7.91,3.64,66470,inboard,1,diesel,1719,False,none,False,trailered,fair,56,2024-04-30,Inland Lakes,2021-02-23T00:00:00,36642.7,1.07,178925.01,False
ves_e5abf21f6efa,XCA6JWR9ZAB9,Chaparral,23 SSi,2023,runabout,aluminum,planing,17.06,4.53,0.7,7097,sterndrive,1,gasoline,102,True,none,False,wet_slip,very_good,88,2020-02-28,Gulf Coast,2016-04-10T00:00:00,25972.67,0.62,41547.58,False
ves_f0bfdeb0eea6,80URVXS1V2GD,Boston Whaler,230 Outrage,1990,fishing,aluminum,semi_displacement,16.7,4.4,2.4,8636,outboard,1,diesel,3682,True,none,False,wet_slip,fair,59,2019-03-21,Maritimes,2014-12-17T00:00:00,6099.02,1.2,50888.59,False
ves_430ca5c495e7,SCAK8AJ60D73,Bennington,24 LXSB,2008,pontoon,aluminum,pontoon,25.44,7.89,0.93,15815,outboard,1,gasoline,794,False,none,False,wet_slip,excellent,98,2023-04-25,Inland Lakes,2015-05-05T00:00:00,18128.16,0.98,61313.2,False
ves_83ac0b6d34a7,EKC8YADB2FZ0,Tiara,38 LS,2006,cruiser,FRP,planing,45.55,12.76,7.19,106735,sterndrive,2,diesel,832,True,none,False,wet_slip,good,74,,Maritimes,2014-01-04T00:00:00,112838.04,0.44,365733.37,False
ves_8606a589f036,WUFN0F52NPDS,Beneteau,Oceanis 41.1,1986,sailboat,steel,displacement,34.17,8.61,2.22,55446,inboard,1,diesel,1115,True,none,False,trailered,fair,64,,Gulf Coast,2013-07-09T00:00:00,42876.87,0.7,191570.62,False
ves_150677f278de,EJ8VC9HE6NB1,Chaparral,280 OSX,2006,runabout,aluminum,planing,13.84,4.14,0.58,7355,sterndrive,1,gasoline,1663,True,none,False,wet_slip,good,69,2024-10-09,Pacific Coast,2012-12-05T00:00:00,7460.78,1.51,31337.74,False
ves_ce23baf117ce,VD0KE9ZDX1DN,Tiara,38 LS,1991,cruiser,FRP,semi_displacement,26.95,8.8,1.87,37337,sterndrive,1,diesel,7007,True,none,False,trailered,fair,54,2019-10-31,Atlantic Coast,2023-06-30T00:00:00,30842.1,2.11,180031.21,False
ves_cded2c6b386e,4ZW6EM8D0T96,Sun Tracker,Party Barge 22 DLX,1997,pontoon,aluminum,pontoon,17.54,3.91,1.68,3722,outboard,1,gasoline,1184,True,none,False,wet_slip,fair,63,,Atlantic Coast,2019-01-10T00:00:00,4710.45,0.91,30489.67,False
ves_a8517f490b71,RYD32014D0BZ,Sun Tracker,Party Barge 22 DLX,2009,pontoon,aluminum,pontoon,17.77,4.32,0.83,5312,outboard,1,gasoline,421,False,none,False,trailered,excellent,97,2018-06-26,Great Lakes,2025-06-04T00:00:00,9378.81,0.55,31025.76,False
ves_ccea1170aa8c,R6KCNXKF1BHB,Jeanneau,Leader 10.5,2004,sailboat,wood,displacement,35.86,10.01,4.97,76372,sail_aux,1,diesel,675,True,saltwater,False,wet_slip,fair,49,2023-01-15,Gulf Coast,2022-10-17T00:00:00,24816.76,0.77,204497.34,False
ves_f609b9ca80f2,JS85NGRSASGT,Lund,1975 Impact,2001,fishing,aluminum,planing,25.65,7.97,3.73,25643,outboard,1,gasoline,730,True,none,False,trailered,fair,62,2021-05-10,Gulf Coast,2017-08-05T00:00:00,12854.51,0.34,81083.46,True
ves_ad148d7ab49d,3X223CYCCD0Z,Yamaha WaveRunner,FX HO,2001,PWC,FRP,planing,11.76,4.22,0.86,723,jet,1,gasoline,463,True,none,False,wet_slip,fair,60,,Atlantic Coast,2021-01-23T00:00:00,2066.29,0.53,19611.36,False
ves_f220faf2638a,UGVHZHVU43FY,Sun Tracker,Party Barge 22 DLX,2010,pontoon,aluminum,pontoon,23.06,5.48,1.82,6974,outboard,1,gasoline,1170,True,none,False,unknown,good,65,2018-01-14,Gulf Coast,2020-03-24T00:00:00,10281.49,1.62,44110.62,False
ves_a71aad6ae2fb,2R88440ZCLRU,Regal,26 XO,2020,runabout,aluminum,planing,21.9,5.65,1.21,16830,sterndrive,1,gasoline,689,False,none,False,trailered,excellent,98,,Great Lakes,2019-07-30T00:00:00,31993.59,2.09,58210.42,False
ves_7a659e536e88,1LR2PYD0PNF0,HarborCat,26 WB,2018,workboat,aluminum,semi_displacement,30.35,8.26,2.69,45479,outboard,2,gasoline,2893,True,none,False,wet_slip,good,76,2022-07-12,Atlantic Coast,2024-01-19T00:00:00,73331.26,1.64,200720.15,False
ves_0fca88db40d6,N5LMRH71E3LL,Sun Tracker,Bass Buggy 18 DLX,1988,pontoon,aluminum,pontoon,25.67,6.22,1.48,9123,outboard,1,gasoline,787,False,none,False,dry_stack,good,65,,Great Lakes,2018-02-15T00:00:00,6143.52,0.46,50996.28,False
ves_a0fbc1c8a5db,N7K3G8Z3Y58D,Bennington,20 SVL,1967,pontoon,aluminum,pontoon,18.9,4.48,1.43,5040,outboard,1,gasoline,1647,True,none,False,trailered,poor,41,,Gulf Coast,2017-04-05T00:00:00,1969.3,0.62,41050.51,False
ves_353e9b4ef9ee,94SWTAE4F5D1,Sea Ray,Sundancer 320,1984,runabout,FRP,planing,15.1,4.22,1.97,7999,sterndrive,1,gasoline,2066,True,none,False,trailered,fair,48,2024-07-30,Atlantic Coast,2020-03-29T00:00:00,3415.86,0.89,35222.21,False
ves_11c5fb464519,G1WEZ7RN74UA,Harris,Solstice 230,2010,pontoon,aluminum,pontoon,18.66,4.37,1.01,5578,outboard,1,gasoline,221,False,none,False,trailered,good,71,,Great Lakes,2023-11-26T00:00:00,8215.02,0.31,36036.52,True
ves_704464dae21b,ZXN8P1C6M24E,Sea Ray,Sundancer 320,2007,runabout,FRP,planing,21.23,6.0,2.35,17050,sterndrive,1,gasoline,388,False,none,False,trailered,very_good,82,2022-11-22,Great Lakes,2014-04-14T00:00:00,15487.61,0.37,55810.73,False
ves_4eec0c2604aa,6BW1UTYASBA1,Chaparral,280 OSX,2018,runabout,FRP,planing,22.84,5.05,1.59,14947,outboard,1,gasoline,473,True,unknown,False,trailered,very_good,83,2025-09-04,Gulf Coast,2025-10-31T00:00:00,25985.68,1.07,61595.7,False
ves_6c6f72dbdd4a,6MLP8R4XDTPK,Bayliner,VR5,1997,runabout,aluminum,planing,22.96,6.88,2.85,20915,outboard,1,gasoline,2860,True,none,False,unknown,good,72,,Maritimes,2017-03-28T00:00:00,10685.85,1.79,57069.31,False
ves_20d07b6368c0,P6NW0GNZ4VK3,Jeanneau,Sun Odyssey 349,2011,sailboat,wood,displacement,22.3,5.8,3.42,31862,inboard,1,diesel,467,True,none,False,trailered,good,77,2022-03-04,Gulf Coast,2024-07-24T00:00:00,45229.68,0.78,107694.57,False
ves_71ec828f8bc7,FN403WDL0VM4,Harris,Solstice 230,1971,pontoon,aluminum,pontoon,23.13,6.1,1.85,9237,outboard,1,gasoline,2782,False,none,False,dry_stack,fair,49,2025-04-03,Great Lakes,2024-12-23T00:00:00,2896.7,1.12,48139.29,False
ves_ae375a870407,W0LKXE7U8XMU,Bayliner,Element M17,2005,runabout,FRP,planing,16.64,5.08,0.84,9707,outboard,1,gasoline,2109,True,none,False,wet_slip,good,79,2019-08-08,Atlantic Coast,2015-11-27T00:00:00,9399.58,1.83,36955.4,False
ves_a980f0626267,FLJESR8ZPTME,Tracker,Grizzly 1860,2014,fishing,aluminum,semi_displacement,20.43,5.9,3.21,13305,outboard,1,diesel,752,True,none,False,trailered,good,72,2025-12-28,Pacific Coast,2019-02-18T00:00:00,15483.03,0.74,54876.8,False
ves_3a086dd8b146,PCNYSYMEZE8N,Lund,1975 Impact,2021,fishing,aluminum,semi_displacement,19.15,5.14,2.38,12451,outboard,1,diesel,391,False,unknown,False,trailered,excellent,98,2022-10-26,Inland Lakes,2019-06-19T00:00:00,30646.07,0.92,54654.59,False
ves_d3bb30f3292b,CPBLMGJPY0GM,Tiara,44 Coupe,1999,cruiser,steel,planing,41.88,11.98,3.74,89139,inboard,1,diesel,3432,True,none,False,wet_slip,good,68,2025-03-02,Pacific Coast,2023-09-23T00:00:00,79684.82,1.34,326484.6,False
ves_15913a85b5b4,JHVTXN7GYCUX,Beneteau,First 27,2012,sailboat,FRP,displacement,39.8,12.04,4.96,94774,inboard,1,diesel,873,True,none,False,wet_slip,fair,61,2021-05-27,Pacific Coast,2023-02-04T00:00:00,85800.18,1.56,235412.25,False
ves_cc783bfbcdd2,2NYZU3CPN1NF,Catalina,275 Sport,2002,sailboat,wood,displacement,42.08,12.2,2.44,96393,sail_aux,1,diesel,717,True,none,False,trailered,good,71,2018-05-02,Pacific Coast,2025-02-07T00:00:00,75049.23,0.75,226632.86,False
ves_d284674dadf5,L1AMPY4VBRA4,Beneteau,Oceanis 31,2006,sailboat,wood,displacement,40.18,13.41,5.86,124975,sail_aux,1,diesel,646,True,none,False,wet_slip,good,74,2018-11-12,Gulf Coast,2014-06-24T00:00:00,88087.24,0.81,238478.39,False
ves_5669d5fbb294,6U1HMSFACKVF,Harris,Solstice 230,2010,pontoon,aluminum,pontoon,22.21,6.02,1.4,8084,outboard,1,gasoline,353,False,unknown,False,wet_slip,very_good,85,2019-09-23,Great Lakes,2017-10-07T00:00:00,12860.85,0.49,45590.92,False
ves_249c5446171a,234940UPEF1L,Grady-White,191 CE,1980,fishing,aluminum,planing,23.66,7.48,1.73,18579,inboard,1,gasoline,9490,True,none,False,wet_slip,poor,40,,Pacific Coast,2024-05-21T00:00:00,5080.66,2.43,72727.92,False
ves_4ec83ecd8497,58ECPDK6Y3CY,Chaparral,23 SSi,1978,runabout,FRP,planing,19.24,5.28,0.83,12455,outboard,1,gasoline,4517,True,none,False,trailered,fair,48,2022-01-23,Maritimes,2013-08-07T00:00:00,3959.81,1.71,48883.73,False
ves_b5150564b0df,4C4JA9GCUDHX,Lund,1875 Pro-V,2010,fishing,aluminum,planing,25.69,7.79,2.59,21713,outboard,1,gasoline,3141,True,none,False,wet_slip,good,68,2018-02-05,Pacific Coast,2023-02-09T00:00:00,19540.93,2.31,81273.09,False
ves_ea61fc04cca4,R3TEML3W5JXU,Sea Ray,Sundancer 320,1982,cruiser,FRP,semi_displacement,35.7,11.02,3.73,55531,inboard,1,gasoline,2195,True,none,False,wet_slip,fair,49,2021-07-11,Gulf Coast,2020-12-22T00:00:00,30235.27,0.53,234988.59,False
ves_54d08ed846a2,0S2YM549MBGG,Formula,290 BR,1982,cruiser,steel,planing,23.42,5.36,1.57,16459,sterndrive,1,gasoline,12819,True,none,False,wet_slip,poor,36,2024-06-23,Maritimes,2022-03-07T00:00:00,16021.96,3.07,149005.2,False
ves_6a3d9e53248a,ZGXEE7YPSH5D,Regal,LS4,2001,runabout,FRP,planing,16.97,4.61,1.56,9352,outboard,1,gasoline,1236,True,none,False,trailered,good,72,2023-04-05,Pacific Coast,2022-11-09T00:00:00,8711.76,0.9,41265.25,False
ves_a2f7ece221ad,N6F8JCHXRSRB,Sea Ray,SLX 260,1985,cruiser,steel,semi_displacement,34.91,11.39,4.24,71633,inboard,2,gasoline,4521,True,none,False,wet_slip,good,65,,Gulf Coast,2025-09-22T00:00:00,38018.57,1.16,228019.28,False
ves_3e3083279e92,RVWLK34NF0WP,Regal,26 XO,2009,runabout,aluminum,planing,21.63,4.85,1.85,13600,outboard,1,gasoline,1218,True,none,False,dry_stack,good,74,2020-05-21,Atlantic Coast,2025-06-30T00:00:00,15663.3,1.3,57241.06,False
ves_34247ff48c4a,2W3NYFWXLM9J,Bennington,20 SVL,2023,pontoon,aluminum,pontoon,23.68,7.67,1.98,12969,outboard,1,gasoline,224,False,none,False,dry_stack,good,77,2023-09-15,Inland Lakes,2021-02-14T00:00:00,30631.13,1.66,55676.73,False
ves_627bd304441e,RZMH8A1VA4VF,Regal,28 Express,1981,runabout,aluminum,planing,19.4,6.34,2.66,13819,outboard,1,gasoline,6578,True,none,False,dry_stack,poor,32,2018-11-02,Gulf Coast,2022-09-02T00:00:00,3482.85,2.66,49415.98,False
ves_bae1875c1cbb,8BNUHTGBZJ12,Chaparral,23 SSi,1996,runabout,FRP,planing,20.8,6.82,1.31,15449,sterndrive,1,gasoline,993,True,freshwater,False,trailered,fair,56,2024-06-09,Maritimes,2021-05-20T00:00:00,5512.68,0.6,54308.92,True
ves_e9d5d8b6318b,47W17M193NAF,Catalina,275 Sport,1990,sailboat,wood,displacement,35.27,11.02,4.76,81591,inboard,1,diesel,1999,True,freshwater,False,wet_slip,fair,51,2020-08-19,Pacific Coast,2020-09-04T00:00:00,26862.21,1.39,178535.75,False
ves_47f6e5e38482,VGZHW6Z4H3CP,Regal,LS4,2003,runabout,FRP,planing,14.77,3.5,0.66,6966,outboard,1,gasoline,1571,True,none,False,dry_stack,very_good,80,2019-04-08,Atlantic Coast,2013-09-03T00:00:00,8268.46,1.24,34205.02,False
ves_7d7b244b1491,1E0LNLY5C9YC,Tracker,Grizzly 1860,1991,fishing,aluminum,planing,20.3,6.31,2.7,12954,inboard,1,diesel,1934,True,none,False,wet_slip,fair,58,2021-10-06,Gulf Coast,2016-05-23T00:00:00,6642.51,0.65,54395.71,False
ves_4e3603793866,0YGJKC6KKNCP,Bennington,20 SVL,2023,pontoon,aluminum,pontoon,26.0,8.17,1.49,12329,outboard,1,gasoline,184,True,none,False,trailered,good,79,2020-02-08,Atlantic Coast,2020-06-14T00:00:00,35391.34,1.36,63150.08,False
ves_a011bd9e43f5,6L5615LS2AVM,Boston Whaler,280 Vantage,2023,fishing,aluminum,planing,26.0,8.61,3.91,31267,outboard,1,gasoline,93,False,unknown,False,wet_slip,excellent,98,2023-04-19,Inland Lakes,2022-12-21T00:00:00,60874.14,0.36,92511.88,False
ves_c24dfde4c289,EWWH95KDM9FE,Harris,Solstice 230,1974,pontoon,aluminum,pontoon,24.95,7.2,1.87,12733,outboard,1,gasoline,2406,True,none,False,trailered,fair,47,2020-02-09,Pacific Coast,2021-03-20T00:00:00,3422.27,1.03,53326.6,False
ves_2fc636024dc8,YA6UYDVVSL5G,Chaparral,21 SSI,2012,runabout,FRP,planing,23.46,6.83,1.52,14726,outboard,1,gasoline,605,False,none,False,trailered,good,79,2019-01-05,Great Lakes,2012-08-23T00:00:00,20045.51,0.79,63882.95,False
ves_5d8ab88e8f4e,YH4RJS9GN8AX,Sea Ray,SLX 260,2000,runabout,aluminum,planing,20.28,6.12,1.8,13643,outboard,1,gasoline,1087,False,unknown,False,wet_slip,good,79,2025-05-17,Inland Lakes,2015-01-24T00:00:00,11484.36,0.76,52459.09,False
ves_369ebd77e35f,PZF4RX8EH3VU,Carver,C34 Coupe,2023,cruiser,steel,semi_displacement,34.55,7.95,4.81,40848,sterndrive,1,diesel,203,True,none,False,wet_slip,very_good,82,,Gulf Coast,2016-02-29T00:00:00,145991.55,0.71,224859.2,False
ves_aebfee5cac8f,YHG0FHDGV1CJ,Boston Whaler,170 Montauk,2008,fishing,FRP,planing,23.84,6.65,2.77,19432,outboard,1,gasoline,1216,False,none,False,wet_slip,good,66,,Inland Lakes,2021-08-07T00:00:00,18252.6,0.79,82286.3,False
ves_c5d15bb25a58,2812DK5G2M6U,Sea Ray,SPX 190,2021,cruiser,steel,planing,29.52,7.73,3.41,35061,sterndrive,1,gasoline,135,True,none,False,wet_slip,very_good,87,2025-02-10,Gulf Coast,2015-05-20T00:00:00,109349.81,0.28,181789.34,False
ves_b584c9003fe7,RABMLGPHFW9M,Sun Tracker,Party Barge 22 DLX,1995,pontoon,aluminum,pontoon,17.06,4.55,2.04,4657,outboard,1,gasoline,1990,True,none,False,wet_slip,fair,57,2020-09-16,Maritimes,2018-11-30T00:00:00,3996.72,1.43,29361.46,False
ves_04fbc91476fc,BBF53RSU0ADT,Sun Tracker,Party Barge 22 DLX,1981,pontoon,aluminum,pontoon,22.04,6.54,2.0,10174,outboard,1,gasoline,1077,False,none,False,trailered,good,73,2022-08-29,Great Lakes,2023-07-24T00:00:00,4394.65,0.53,41512.3,False
ves_c51a7423291e,U3WJB8JWE9G1,Sun Tracker,Party Barge 22 DLX,1988,pontoon,aluminum,pontoon,15.99,3.6,1.31,3053,outboard,1,gasoline,2353,False,none,False,dry_stack,good,70,,Great Lakes,2013-01-06T00:00:00,3411.99,1.38,26907.9,False
ves_e8a8a8d81029,3N2KBE3AUVH7,Lund,1650 Angler,2022,fishing,aluminum,planing,26.0,5.87,2.74,21288,inboard,1,gasoline,638,True,none,False,trailered,good,77,,Atlantic Coast,2022-05-11T00:00:00,41949.34,1.88,82599.89,False
ves_34df5e6c4a1a,PZ9TDW7C06FL,Catalina,445,1999,sailboat,FRP,displacement,33.04,7.82,2.98,44577,inboard,1,diesel,1136,False,none,False,wet_slip,very_good,83,2019-10-22,Great Lakes,2016-07-19T00:00:00,57023.13,1.05,163449.36,False
ves_0a6c8f619b69,HJC8BGBYN048,Lund,1650 Angler,2001,fishing,FRP,semi_displacement,24.25,5.64,1.67,14932,inboard,1,diesel,2496,True,none,False,wet_slip,fair,59,,Gulf Coast,2012-08-31T00:00:00,12530.87,1.17,75166.5,False
ves_66277dd5aab8,9TD3E94NATPU,Formula,350 CBR,2021,cruiser,FRP,semi_displacement,28.54,8.39,2.23,43610,inboard,1,diesel,602,True,none,False,wet_slip,very_good,87,2019-03-21,Pacific Coast,2022-08-21T00:00:00,117025.12,1.27,194549.23,False
ves_c788a0667421,ADS83ZWBGWCY,Sea Ray,SPX 190,1969,runabout,FRP,planing,17.84,3.96,0.83,9570,outboard,1,gasoline,5586,False,none,False,trailered,fair,45,2022-11-18,Inland Lakes,2016-03-09T00:00:00,2624.49,1.78,44136.74,False
ves_d6057a6f63bd,2EHN3UN1J33F,Boston Whaler,280 Vantage,2021,fishing,aluminum,planing,24.39,5.44,3.87,13188,inboard,1,gasoline,631,False,none,False,wet_slip,very_good,86,2023-11-12,Great Lakes,2016-08-17T00:00:00,43128.18,1.48,84863.84,False
ves_e55536ac6bef,6FTGJTXL57C0,Formula,350 CBR,1970,cruiser,FRP,semi_displacement,41.98,10.35,2.45,67332,inboard,1,diesel,4960,True,none,False,wet_slip,poor,36,2022-12-23,Pacific Coast,2025-01-13T00:00:00,26087.83,0.93,327500.64,False
ves_9f315a454d5d,150BGRHN6D5U,Formula,290 BR,2010,cruiser,FRP,semi_displacement,42.85,11.84,3.91,90568,sterndrive,2,gasoline,6392,True,freshwater,False,wet_slip,poor,41,,Pacific Coast,2024-01-30T00:00:00,56467.5,4.21,336734.15,False
ves_e67231091c3f,Z5MP3L7RRD9A,Tracker,Grizzly 1860,2023,fishing,aluminum,planing,20.66,4.9,2.41,10971,outboard,1,diesel,709,True,none,False,wet_slip,very_good,82,2023-10-31,Atlantic Coast,2020-06-19T00:00:00,32080.07,2.78,55710.06,False
ves_c6a109c25a5b,ND7AE9U253E6,Boston Whaler,280 Vantage,2005,fishing,FRP,planing,26.0,7.73,2.08,24426,outboard,1,diesel,1891,True,none,False,trailered,good,79,2017-12-23,Gulf Coast,2025-06-17T00:00:00,21291.12,1.06,92511.88,False
ves_b362cb0a86d4,KBZ6Y0BBDTWU,Harris,Cruiser 210,2026,pontoon,aluminum,pontoon,20.23,5.73,1.86,9313,outboard,1,gasoline,0,True,none,False,unknown,excellent,98,2025-08-26,Gulf Coast,2024-03-28T00:00:00,42742.19,0.0,40193.9,False
ves_04cd14f3eb71,MPBXN6BHR72B,Tracker,Targa V-18,1998,fishing,aluminum,semi_displacement,23.66,7.07,3.74,17106,inboard,1,diesel,978,True,none,False,trailered,very_good,85,2022-06-13,Pacific Coast,2015-08-28T00:00:00,13170.79,0.41,66921.64,False
ves_948cce27d240,1XPMUHV9VK39,Bayliner,DX2000,1991,runabout,aluminum,planing,17.13,5.51,2.24,9928,sterndrive,1,gasoline,563,True,none,False,wet_slip,fair,53,,Maritimes,2013-07-19T00:00:00,4890.94,0.29,38420.56,False
ves_a647e53aba3b,5ST1J0F2ZKM8,Tiara,44 Coupe,2008,cruiser,steel,semi_displacement,29.78,8.98,2.13,51247,sterndrive,1,diesel,640,True,none,False,wet_slip,good,67,2024-06-26,Pacific Coast,2021-03-25T00:00:00,62333.29,0.37,206034.39,False
ves_07d7a08939ef,EBNE5M883D39,Boston Whaler,230 Outrage,2008,fishing,FRP,semi_displacement,17.89,4.87,1.02,9208,inboard,1,diesel,2795,False,none,False,dry_stack,good,75,2021-01-11,Great Lakes,2014-03-09T00:00:00,13548.12,1.83,55848.36,False
ves_7a8dd8ec1650,YF2XHZRFJEVE,Tiara,38 LS,1982,cruiser,FRP,planing,33.56,8.2,1.79,52019,sterndrive,1,diesel,6761,True,none,False,wet_slip,fair,46,,Pacific Coast,2020-08-27T00:00:00,29969.93,1.62,242106.35,False
ves_aa15f1744c95,S36CGY0LM1WE,Formula,350 CBR,2007,cruiser,steel,planing,39.54,12.85,4.79,80222,sterndrive,1,diesel,2051,True,none,False,wet_slip,good,72,2022-02-07,Atlantic Coast,2022-11-22T00:00:00,93713.67,1.14,302049.38,False
ves_43b6a987297f,HFPF9DDKFUDC,Regal,LS4,1977,runabout,aluminum,planing,20.0,4.85,1.05,9941,sterndrive,1,gasoline,3531,True,none,True,wet_slip,poor,25,2020-11-01,Pacific Coast,2013-12-03T00:00:00,1570.88,1.31,51493.41,False
ves_b0294da1ba70,ES31TSZ9AU18,Bayliner,Element M17,2002,runabout,aluminum,planing,22.51,5.44,3.5,13720,outboard,1,gasoline,303,True,none,False,trailered,good,70,,Maritimes,2021-04-06T00:00:00,11852.81,0.23,55572.62,False
ves_295de858fd8b,UZBD12BW6ND3,Bayliner,Ciera 8,1968,runabout,aluminum,planing,21.05,6.75,1.4,17278,outboard,1,gasoline,2769,True,none,False,trailered,fair,46,,Pacific Coast,2022-08-05T00:00:00,2967.63,0.87,50751.7,False
ves_52b64d2c1d9d,UJCM6WSCFFKJ,Parker,2320 Sport Cabin,2004,workboat,steel,planing,26.25,6.8,1.23,31929,outboard,1,gasoline,2882,True,none,False,trailered,good,75,2020-02-01,Pacific Coast,2025-01-14T00:00:00,35502.7,0.6,165009.24,False
ves_8f602c53f487,8AA5870EDCPM,Bayliner,Ciera 8,2014,runabout,aluminum,planing,19.47,4.73,2.34,9225,sterndrive,1,gasoline,249,False,none,False,wet_slip,excellent,94,2023-06-14,Great Lakes,2022-05-04T00:00:00,17311.1,0.38,45677.0,False
ves_c48feecb8513,REDPJPRZTS54,SafeBoat,25 Defender,2023,workboat,steel,semi_displacement,23.9,5.96,3.11,32402,inboard,1,gasoline,876,True,none,False,dry_stack,very_good,81,,Pacific Coast,2015-02-06T00:00:00,82980.31,1.33,145399.93,False
ves_a24ce7ccee96,KZ099NLPB7HU,Chaparral,23 SSi,2010,runabout,FRP,planing,15.36,5.13,1.93,8097,sterndrive,1,gasoline,2952,True,none,False,wet_slip,fair,55,,Maritimes,2023-05-27T00:00:00,8309.36,3.35,36046.69,False
ves_4dc6a30e50b4,X5EGRH038PHC,Regal,28 Express,2005,runabout,FRP,planing,23.95,7.35,1.04,19352,outboard,1,gasoline,846,True,none,False,wet_slip,fair,55,,Gulf Coast,2022-12-18T00:00:00,13032.89,0.73,65687.45,False
ves_2ccef6c3ee75,Z97J1NM7ZCM8,Lund,1650 Angler,1980,fishing,aluminum,planing,26.0,6.66,4.12,18215,inboard,1,diesel,3640,True,none,False,wet_slip,poor,38,2022-02-22,Pacific Coast,2024-04-19T00:00:00,5605.71,0.93,82599.89,False
ves_e7e28044cc6a,W8C1XAH2URSZ,Harris,Solstice 230,2014,pontoon,aluminum,pontoon,20.67,6.72,1.68,7699,outboard,1,gasoline,586,True,none,False,wet_slip,excellent,94,,Pacific Coast,2016-08-09T00:00:00,14190.04,1.09,41379.57,False
ves_9db163a8e098,LCSZ1DBV41E5,Regal,LS4,2015,runabout,FRP,planing,22.16,5.95,1.0,13596,outboard,1,gasoline,115,False,none,False,unknown,very_good,88,2024-07-22,Inland Lakes,2023-04-12T00:00:00,21974.25,0.19,59125.72,True
ves_a7de6baada77,D299064CM6NH,Jeanneau,Leader 10.5,1982,sailboat,wood,displacement,32.16,10.11,4.98,79425,inboard,1,diesel,1315,False,none,False,trailered,good,69,2022-05-24,Great Lakes,2016-05-13T00:00:00,38420.1,0.75,176574.76,False
ves_a31f480f8d5c,F4TX4W13162T,Regal,LS4,2022,runabout,aluminum,planing,19.63,5.79,1.42,10976,outboard,1,gasoline,172,True,freshwater,False,wet_slip,good,77,2022-12-10,Gulf Coast,2016-08-28T00:00:00,19113.13,0.78,50220.59,False
ves_64476f47a77c,B7S9MNMKXRR7,Bennington,20 SVL,2004,pontoon,aluminum,pontoon,26.0,6.87,1.74,13507,outboard,1,gasoline,2309,False,freshwater,False,dry_stack,fair,52,2024-12-07,Great Lakes,2016-04-20T00:00:00,7642.29,2.33,63150.08,False
ves_d20790840e16,4FCDCBZFH1LU,Tiara,44 Coupe,2013,cruiser,FRP,planing,22.21,7.46,2.58,32990,inboard,1,gasoline,1409,True,none,False,wet_slip,excellent,92,2021-04-20,Atlantic Coast,2014-09-08T00:00:00,59764.43,1.14,138642.99,False
ves_78db09f5560c,ZZDB9708Y6YG,Sun Tracker,Bass Buggy 18 DLX,2005,pontoon,aluminum,pontoon,19.12,6.4,1.36,8545,outboard,1,gasoline,1022,True,none,False,wet_slip,fair,64,2022-06-10,Atlantic Coast,2021-02-19T00:00:00,6800.34,1.08,34257.19,False
ves_8f1f21a7cb4f,S90WGWMRL2UX,Chaparral,23 SSi,1992,runabout,aluminum,planing,15.11,3.82,1.87,7834,sterndrive,1,gasoline,6220,True,none,False,wet_slip,fair,52,2025-01-17,Atlantic Coast,2015-09-20T00:00:00,4570.55,3.33,35266.97,False
ves_987678385c6e,M7RFCK1L76X3,Sea Ray,SPX 190,1972,runabout,aluminum,planing,16.45,4.23,2.24,8381,sterndrive,1,gasoline,3410,True,none,False,wet_slip,poor,28,2025-02-05,Pacific Coast,2012-06-25T00:00:00,1990.75,1.15,39547.17,False
ves_9e8b28b4a37e,MJFB7X94WR0S,Harris,Solstice 230,1973,pontoon,aluminum,pontoon,18.8,6.22,2.0,9067,outboard,1,gasoline,980,False,none,False,wet_slip,good,65,2019-10-17,Inland Lakes,2025-05-22T00:00:00,2796.53,0.41,36406.02,False
ves_13ce7509a722,PTXU1ULMB3KY,Sun Tracker,Bass Buggy 18 DLX,2023,pontoon,aluminum,pontoon,18.63,4.41,1.87,4365,outboard,1,gasoline,103,True,none,False,trailered,excellent,98,2021-03-08,Gulf Coast,2018-03-13T00:00:00,21769.98,0.76,33084.36,False
ves_05a74f6baa8a,9ZRVSFM5L559,Harris,Solstice 230,2023,pontoon,aluminum,pontoon,17.32,4.99,2.17,5718,outboard,1,gasoline,734,True,freshwater,False,trailered,poor,40,2025-08-03,Atlantic Coast,2021-03-10T00:00:00,8446.37,5.44,32574.38,False
ves_b5220e86284f,RVCMD8R4E8WX,Boston Whaler,280 Vantage,2005,fishing,FRP,planing,24.03,8.01,2.14,28209,outboard,1,diesel,815,True,none,False,dry_stack,very_good,85,2025-12-14,Pacific Coast,2015-09-08T00:00:00,20192.65,0.46,83166.06,False
ves_800f1b483933,HUBTAFFSLGZE,Sea Ray,SPX 190,2016,cruiser,FRP,semi_displacement,40.71,13.65,6.36,86559,inboard,2,gasoline,390,True,none,False,wet_slip,excellent,97,2024-02-20,Gulf Coast,2012-11-16T00:00:00,135707.28,0.41,280581.61,False
ves_6a665795b334,0NP2Y5W8CGV9,Chaparral,23 SSi,1983,runabout,aluminum,planing,26.0,6.68,2.46,19933,sterndrive,1,gasoline,6341,True,none,False,trailered,poor,28,2024-12-02,Pacific Coast,2015-07-18T00:00:00,5138.07,2.68,73380.5,False
ves_2497ecdca510,J123H1L65B94,Carver,C34 Coupe,2024,cruiser,FRP,planing,30.89,7.63,4.85,33376,sterndrive,2,gasoline,268,True,none,False,wet_slip,very_good,86,2025-03-28,Maritimes,2017-06-10T00:00:00,146515.79,1.41,193253.86,False
ves_f4d3bf4c1cc3,6XC3JNS7SRSU,Lund,1975 Impact,1973,fishing,aluminum,semi_displacement,26.0,7.49,1.76,22303,inboard,1,diesel,5241,True,none,False,wet_slip,poor,36,2025-08-03,Gulf Coast,2015-05-28T00:00:00,4410.5,1.16,82599.89,False
ves_142e73788ac1,A0KF6PJESPAY,Formula,350 CBR,2016,cruiser,FRP,semi_displacement,36.47,10.98,1.89,57567,sterndrive,2,diesel,877,True,none,False,wet_slip,very_good,89,,Maritimes,2014-05-13T00:00:00,122748.96,0.92,270833.87,False
ves_2d558ecdbfe0,C5EA3JNFZVRW,Carver,C40 Command Bridge,2013,cruiser,FRP,planing,44.52,14.15,6.02,102616,sterndrive,1,diesel,1349,True,none,False,wet_slip,very_good,80,2018-05-12,Maritimes,2019-04-22T00:00:00,123038.63,1.09,316531.61,False
ves_2d3f74d1c19e,X1STN40DTG3K,Harris,Solstice 230,1981,pontoon,aluminum,pontoon,16.09,5.26,2.1,5416,outboard,1,gasoline,5534,False,none,False,trailered,poor,37,2018-12-13,Inland Lakes,2017-02-07T00:00:00,2032.5,2.73,29496.72,False
ves_e67725f67216,45DEE96H6HAU,HarborCat,36 Pilot,2007,workboat,FRP,semi_displacement,29.13,9.66,3.74,58344,inboard,1,diesel,11841,True,none,False,dry_stack,fair,61,,Atlantic Coast,2018-05-30T00:00:00,38745.36,2.83,189867.85,False
ves_67fd3601233a,1GF7SVF7TFU3,Sea Ray,SPX 190,1990,cruiser,FRP,semi_displacement,40.12,10.01,3.51,68564,inboard,2,gasoline,1118,False,none,False,trailered,fair,60,2022-07-11,Inland Lakes,2018-02-22T00:00:00,45294.61,0.33,275041.46,True
ves_ef62afef9819,NBN1NR93W92Y,Lund,1975 Impact,2024,fishing,FRP,semi_displacement,23.82,7.25,1.97,18536,outboard,1,diesel,158,True,none,False,trailered,excellent,98,2021-06-22,Gulf Coast,2025-06-18T00:00:00,56685.42,0.93,73408.95,False
ves_9132ad905c07,789GPTEWYKUU,Sea Ray,SPX 190,2010,runabout,aluminum,planing,21.13,5.71,3.03,11521,sterndrive,1,gasoline,632,True,none,False,dry_stack,good,69,2021-03-28,Gulf Coast,2013-08-11T00:00:00,14889.93,0.72,55470.35,False
ves_cac49903c6cc,UC1PKT20GPK6,HarborCat,36 Pilot,1996,workboat,FRP,semi_displacement,18.24,6.03,2.35,17793,inboard,1,diesel,4087,True,none,False,wet_slip,fair,53,,Gulf Coast,2023-12-20T00:00:00,13507.17,0.62,100930.22,False
ves_9b8b5b2b6c6e,0DG1PSKS2JXR,Chaparral,21 SSI,2006,runabout,FRP,planing,21.7,7.08,1.39,19092,sterndrive,1,gasoline,783,True,none,False,wet_slip,very_good,85,2025-11-01,Gulf Coast,2022-11-19T00:00:00,15897.64,0.71,57494.63,False
ves_93fdabec7fd7,4MSH9PLU0H38,Beneteau,First 27,2004,sailboat,FRP,displacement,15.66,3.97,0.76,15548,inboard,1,diesel,1779,True,none,False,trailered,fair,57,,Pacific Coast,2013-02-04T00:00:00,19844.08,2.02,66827.42,False
ves_587b7f3698f3,XHSP0PF0SZ4L,Regal,28 Express,2005,runabout,aluminum,planing,20.95,5.31,1.35,12442,outboard,1,gasoline,1326,True,none,False,trailered,fair,60,2018-02-21,Pacific Coast,2013-09-14T00:00:00,11516.09,1.15,54822.35,False
ves_67eabb5476f7,MEJVV1LG2N1J,Jeanneau,Sun Odyssey 349,2022,sailboat,wood,displacement,21.93,6.37,3.3,25973,inboard,1,diesel,62,True,none,False,wet_slip,very_good,88,2019-03-10,Maritimes,2012-06-25T00:00:00,72721.82,0.39,105260.28,False
ves_d993e59c07d4,P29FLYTGVYJ8,Tracker,Grizzly 1860,2002,fishing,aluminum,planing,20.17,6.01,0.88,15242,outboard,1,gasoline,2361,True,saltwater,False,wet_slip,poor,31,2019-10-16,Atlantic Coast,2013-09-30T00:00:00,2859.35,1.16,53933.61,False
ves_d6b595fae567,1XMZPMSJUWUR,Grady-White,257 Fisherman,2011,fishing,aluminum,planing,25.16,6.52,3.37,20256,inboard,1,gasoline,1047,True,none,False,wet_slip,good,70,2025-08-26,Gulf Coast,2019-08-30T00:00:00,19973.82,0.82,79007.89,False
ves_b5db06ce7087,44MZAG4MMBWN,Sea Ray,SLX 260,2006,cruiser,steel,semi_displacement,43.38,13.05,4.8,95772,sterndrive,2,diesel,1196,False,none,False,wet_slip,very_good,82,2025-09-19,Great Lakes,2015-10-31T00:00:00,101559.41,0.63,305689.44,False
ves_6ab219d8940f,SAX4JDD9MB79,Lund,1975 Impact,2002,fishing,aluminum,planing,19.25,5.47,2.11,13818,inboard,1,gasoline,1466,False,none,False,wet_slip,very_good,83,2018-06-03,Great Lakes,2025-10-17T00:00:00,12006.94,0.72,55065.93,False
ves_3e626c2f9aa4,T8FPDL8JALXF,Bennington,24 LXSB,1990,pontoon,aluminum,pontoon,21.27,7.01,1.76,11907,outboard,1,gasoline,740,False,none,False,trailered,fair,61,2018-06-01,Inland Lakes,2025-05-19T00:00:00,5901.68,0.46,48161.25,False
ves_9cb7cc4142e4,CRMLWDA67CAR,Regal,28 Express,1990,runabout,FRP,planing,26.0,7.03,2.35,19902,outboard,1,gasoline,1911,True,none,False,trailered,good,76,2021-03-11,Maritimes,2015-02-06T00:00:00,11573.68,0.97,73380.5,False
ves_7f6f42797046,LDXHZFMJ931C,Formula,350 CBR,2003,cruiser,steel,planing,28.32,9.2,2.26,37891,inboard,1,diesel,2638,False,none,False,wet_slip,good,74,2019-07-28,Great Lakes,2025-05-29T00:00:00,55116.5,1.21,192558.54,False
ves_c110bd93059a,8S7JZBGKX49U,SafeBoat,25 Defender,2008,workboat,FRP,semi_displacement,8.0,3.5,0.9,6272,inboard,1,gasoline,1263,False,unknown,False,trailered,good,77,2020-05-30,Inland Lakes,2014-03-15T00:00:00,7544.36,0.32,33172.69,True
ves_3fd97e5d3ff1,X8FW58DC6FFD,Formula,290 BR,1992,cruiser,steel,semi_displacement,40.79,10.2,5.98,79848,sterndrive,2,gasoline,4833,True,none,False,wet_slip,good,65,2019-01-24,Gulf Coast,2020-09-06T00:00:00,62579.87,1.5,315071.34,False
ves_1a47efd204ac,43SHUR6D1HEY,Grady-White,191 CE,2012,fishing,FRP,planing,27.93,7.35,1.61,25756,outboard,1,diesel,362,True,none,False,dry_stack,good,79,2019-12-08,Atlantic Coast,2019-01-28T00:00:00,25826.61,0.3,90962.97,True
ves_3659da82fa8c,WHURFP5TBAFD,Sea Ray,SDX 250,2018,runabout,aluminum,planing,26.0,8.35,1.57,25374,sterndrive,1,gasoline,659,False,none,False,trailered,very_good,85,2021-04-14,Great Lakes,2023-04-07T00:00:00,31504.73,1.5,73380.5,False
ves_03f4ad1e9780,99H89YXE5HZV,Beneteau,Oceanis 41.1,1985,sailboat,steel,displacement,55.54,13.54,5.87,182941,inboard,1,diesel,962,False,none,False,wet_slip,fair,58,2018-07-23,Great Lakes,2020-07-17T00:00:00,75823.72,0.59,369151.08,False
ves_a8140725eb39,CA3X2FPNNF27,Lund,1975 Impact,1998,fishing,FRP,semi_displacement,23.41,6.26,1.37,19948,inboard,1,gasoline,841,False,unknown,False,trailered,good,67,2025-04-01,Inland Lakes,2012-09-05T00:00:00,10952.35,0.35,71699.44,True
ves_92741df4b26d,UBHD15HDG510,HarborCat,26 WB,2009,workboat,steel,displacement,11.55,3.5,1.79,8339,outboard,1,gasoline,1749,True,none,False,trailered,good,75,,Atlantic Coast,2023-09-11T00:00:00,12525.49,0.47,54464.02,True
ves_fb1a4538c2fa,41YTST69GK39,Bayliner,Ciera 8,2002,runabout,aluminum,planing,23.13,7.6,2.86,16367,sterndrive,1,gasoline,797,True,none,False,wet_slip,good,68,2021-12-10,Gulf Coast,2023-02-08T00:00:00,12047.05,0.6,57634.64,False
ves_3487f4851450,JSMXYHFHL563,Sea Ray,SPX 190,1976,runabout,FRP,planing,13.35,3.5,1.57,5679,sterndrive,1,gasoline,3223,True,none,False,wet_slip,fair,45,2021-04-11,Maritimes,2023-09-07T00:00:00,2189.17,1.17,29842.33,False
ves_c467b75558bc,Z53X8FMYTWZW,Jeanneau,Sun Odyssey 349,2008,sailboat,steel,displacement,37.98,11.67,4.63,76793,inboard,1,diesel,566,False,none,False,trailered,very_good,86,2024-06-20,Great Lakes,2016-01-05T00:00:00,94763.48,0.79,221020.52,False
ves_cbe2243532c5,0KH3ZS6PD621,Harris,Solstice 230,2020,pontoon,aluminum,pontoon,26.0,5.75,1.76,11123,outboard,1,gasoline,128,True,freshwater,False,wet_slip,excellent,95,2018-10-01,Gulf Coast,2016-11-13T00:00:00,20521.21,0.47,56384.0,False
ves_22f69a5328c4,EGJU0D75R4RX,Tracker,Pro Team 175,2022,fishing,FRP,planing,21.0,5.76,2.43,12738,inboard,1,diesel,255,True,none,False,wet_slip,excellent,90,,Maritimes,2024-12-07T00:00:00,32439.31,0.75,56961.49,False
ves_456577252d7e,AF65M3YY9EPJ,Carver,C34 Coupe,2007,cruiser,FRP,planing,33.59,10.88,1.95,62049,sterndrive,2,diesel,1178,False,none,False,wet_slip,very_good,80,2021-04-28,Inland Lakes,2016-02-22T00:00:00,72415.47,0.65,216446.77,False
ves_d14421afb083,RCU27WB6G0RR,Sea Ray,SDX 250,1984,runabout,aluminum,planing,17.7,4.3,2.41,8074,outboard,1,gasoline,3606,True,none,False,wet_slip,fair,59,2022-05-23,Gulf Coast,2023-05-09T00:00:00,4831.48,1.56,43670.11,False
ves_14f61c9d6dd3,KHZK3T06E11N,Formula,290 BR,2004,cruiser,FRP,semi_displacement,34.47,7.9,4.2,38386,sterndrive,2,gasoline,545,True,none,False,wet_slip,good,68,2022-10-20,Gulf Coast,2021-03-13T00:00:00,69408.66,0.26,250965.44,False
ves_089b2a990ea7,YY8TFJ0GMGNN,Sea Ray,SLX 260,1990,cruiser,FRP,semi_displacement,26.66,8.75,1.61,37821,inboard,1,gasoline,4203,True,none,False,wet_slip,good,67,,Atlantic Coast,2019-05-19T00:00:00,30561.74,1.23,158427.41,False
ves_eb7ba3639219,N35GG8HJCRW0,Chaparral,280 OSX,2017,runabout,aluminum,planing,16.82,4.6,1.82,9316,sterndrive,1,gasoline,555,True,none,False,wet_slip,good,79,2022-03-04,Maritimes,2015-02-19T00:00:00,15461.31,1.12,40747.24,False
ves_5c09e6251cc4,5F21WRPNZF5L,Tiara,38 LS,2008,cruiser,steel,semi_displacement,32.34,9.01,1.82,58137,inboard,1,gasoline,1618,False,none,False,wet_slip,very_good,84,,Great Lakes,2024-06-03T00:00:00,81868.76,0.95,230295.33,False
ves_9b58ce6edd82,F8SECECHBT2C,Sea Ray,SLX 260,2017,runabout,FRP,planing,16.44,5.22,1.1,9924,sterndrive,1,gasoline,414,True,none,False,wet_slip,very_good,85,,Gulf Coast,2024-10-24T00:00:00,15823.68,0.84,39528.73,False
ves_15a1fd56d0a8,J6RMALYPMWUB,Hunter,36,2015,sailboat,wood,displacement,21.27,5.82,1.03,25686,inboard,1,diesel,22,True,none,False,trailered,fair,62,2023-12-29,Atlantic Coast,2014-11-11T00:00:00,32474.15,0.05,83000.51,True
ves_474706cfd1ee,T4SELVYST6TE,Formula,350 CBR,2004,cruiser,steel,semi_displacement,26.37,7.09,1.41,32575,sterndrive,1,diesel,1530,True,none,False,unknown,fair,64,2024-11-27,Pacific Coast,2024-03-07T00:00:00,46382.28,0.73,174834.79,False
ves_cfa0331e8785,WWZ2WWYFTMH0,Tracker,Pro Team 175,2005,fishing,FRP,planing,19.8,6.62,1.28,18939,outboard,1,diesel,3091,True,none,False,trailered,good,74,,Maritimes,2015-07-01T00:00:00,11554.8,1.73,52617.67,False
ves_ecb16476b5c8,HJPZXT0KYHP5,Sea Ray,SDX 250,2011,runabout,FRP,planing,20.62,6.15,2.46,16120,outboard,1,gasoline,955,True,none,False,dry_stack,very_good,82,2021-07-31,Maritimes,2022-01-06T00:00:00,16792.16,1.16,53669.13,False
ves_c53500567fef,7YPHFNLF9PXA,Catalina,445,1971,sailboat,wood,displacement,29.28,6.84,1.59,34779,inboard,1,diesel,1060,False,none,False,dry_stack,fair,56,2025-06-16,Great Lakes,2015-12-20T00:00:00,21072.72,0.48,138896.91,False
ves_3fd94b37c32b,Y23LE72L6MWR,Chaparral,21 SSI,2005,runabout,aluminum,planing,18.28,5.33,2.15,10650,sterndrive,1,gasoline,993,False,none,False,trailered,very_good,80,,Inland Lakes,2014-07-22T00:00:00,11708.96,0.86,45616.94,False
ves_5f0436a3aa59,STXXVYAFJKJE,Catalina,445,2010,sailboat,wood,displacement,46.27,12.44,4.24,103546,inboard,1,diesel,1130,True,none,False,trailered,fair,64,,Gulf Coast,2014-03-15T00:00:00,93176.64,1.77,257603.37,False
ves_d608d3f20740,LWE8435C2NLL,Sun Tracker,Bass Buggy 18 DLX,2014,pontoon,aluminum,pontoon,26.0,6.9,1.34,13552,outboard,1,gasoline,144,False,none,False,wet_slip,excellent,90,2025-08-01,Inland Lakes,2017-05-30T00:00:00,17215.31,0.27,51873.28,True
ves_d96314408433,HKFP0YNDHLYR,Formula,350 CBR,2005,cruiser,FRP,planing,33.36,11.05,1.67,62030,inboard,2,diesel,3334,True,none,False,wet_slip,fair,62,2025-10-28,Pacific Coast,2020-03-24T00:00:00,63928.34,1.67,240126.35,False
ves_10c42dc0df7a,U9MMHETY8MBZ,Carver,C40 Command Bridge,2011,cruiser,steel,semi_displacement,29.84,8.43,2.19,33023,inboard,1,diesel,840,True,none,False,wet_slip,very_good,86,2025-01-22,Atlantic Coast,2017-06-25T00:00:00,71906.93,0.59,184425.23,False
ves_5be530d19c94,P2D6LK9VNK31,Lund,1875 Pro-V,2020,fishing,aluminum,semi_displacement,26.0,6.35,2.79,23798,outboard,1,diesel,942,True,none,False,trailered,good,75,,Atlantic Coast,2014-07-22T00:00:00,35079.46,1.85,82599.89,False
ves_4ea80f942c91,GTG4R5B6L8TJ,Harris,Solstice 230,2020,pontoon,aluminum,pontoon,14.16,4.14,0.81,3317,outboard,1,gasoline,365,False,none,False,trailered,good,79,,Great Lakes,2025-03-27T00:00:00,10941.99,1.35,24820.13,False
ves_397e7f38cb9c,GZBZTLV5VCWG,Regal,28 Express,1978,runabout,aluminum,planing,19.08,5.61,3.04,14371,outboard,1,gasoline,2591,True,none,False,trailered,poor,40,2021-11-19,Maritimes,2018-12-31T00:00:00,3514.1,0.98,48330.8,False
ves_043e7e77123e,N6CE2VAW72SR,Harris,Solstice 230,2005,pontoon,aluminum,pontoon,24.68,6.27,1.09,11826,outboard,1,gasoline,723,False,none,False,trailered,good,76,2018-10-14,Great Lakes,2025-08-20T00:00:00,11764.16,0.77,52561.4,False
ves_966f4e884e30,186UG4YS5U31,Tiara,38 LS,1981,cruiser,steel,planing,27.59,8.19,2.45,32119,sterndrive,1,gasoline,4784,True,none,False,wet_slip,fair,56,,Maritimes,2016-01-03T00:00:00,25383.74,1.12,185835.37,False
ves_9d2123e4b298,JWE8H48W8LX3,Sun Tracker,Bass Buggy 18 DLX,2019,pontoon,aluminum,pontoon,12.95,3.67,1.34,3739,outboard,1,gasoline,753,True,none,False,wet_slip,very_good,84,,Pacific Coast,2020-04-30T00:00:00,8617.4,2.39,20247.43,False
ves_f77ee0a3382f,JCF6W6TFX74G,Boston Whaler,170 Montauk,2021,fishing,FRP,planing,20.96,6.4,1.9,15240,outboard,1,gasoline,353,True,none,False,trailered,excellent,93,2025-01-08,Maritimes,2012-09-13T00:00:00,37257.52,0.83,69143.92,False
ves_9b1ea96f5910,9B8CM605UN3V,Beneteau,First 27,1988,sailboat,steel,displacement,15.33,4.5,2.39,15278,sail_aux,1,diesel,2461,True,none,False,wet_slip,fair,58,,Gulf Coast,2022-03-22T00:00:00,14163.62,1.62,64940.52,False
ves_7f3eaf97f0f5,M6KJSH5B93SP,Boston Whaler,280 Vantage,1971,fishing,FRP,semi_displacement,22.1,5.2,2.21,13000,inboard,1,diesel,9125,True,none,False,wet_slip,poor,38,2018-03-10,Atlantic Coast,2019-02-08T00:00:00,3847.99,1.95,74274.78,False
ves_e6ed7e7b1271,AK5N3J1UVGV6,Sea Ray,SDX 250,2006,cruiser,steel,semi_displacement,40.54,10.91,3.55,81478,inboard,1,diesel,3104,True,none,False,unknown,good,68,2022-11-27,Gulf Coast,2024-08-26T00:00:00,81112.67,1.63,278980.75,False
ves_0612bfa7e9de,ABAM7A37JU4X,Regal,28 Express,2010,runabout,aluminum,planing,21.69,6.39,1.27,14773,outboard,1,gasoline,119,True,none,False,trailered,good,65,2024-05-20,Pacific Coast,2018-11-10T00:00:00,13618.23,0.14,57463.28,True
ves_a58aaf78eda5,MKRL8KRWTJUE,Sea Ray,SLX 260,2024,runabout,FRP,planing,24.42,5.63,3.14,14441,outboard,1,gasoline,30,False,none,False,trailered,excellent,98,,Inland Lakes,2017-02-06T00:00:00,53111.9,0.27,67419.19,False
ves_14510af9cd75,42H5FC9G92NK,Jeanneau,Leader 10.5,2018,sailboat,steel,displacement,30.83,9.18,2.69,73309,sail_aux,1,diesel,430,False,freshwater,False,wet_slip,good,70,,Inland Lakes,2023-05-28T00:00:00,57566.38,1.34,166762.11,False
ves_b3070abc3fa9,8TTLMY5NCP8T,Chaparral,23 SSi,2003,runabout,FRP,planing,25.09,6.48,2.91,17804,sterndrive,1,gasoline,1121,True,none,False,wet_slip,fair,56,,Atlantic Coast,2014-05-04T00:00:00,13222.6,0.89,69942.95,False
ves_6e55bbdf011a,8S41709Z58FX,Jeanneau,Sun Odyssey 349,2007,sailboat,FRP,displacement,36.77,9.57,2.95,68390,sail_aux,1,diesel,362,True,none,False,wet_slip,good,78,2020-12-05,Gulf Coast,2015-05-26T00:00:00,82770.9,0.48,211522.24,False
ves_36f20938ffbb,1GL6HKC62KUC,Hunter,31,2023,sailboat,steel,displacement,40.05,8.95,3.43,72747,sail_aux,1,diesel,71,True,none,False,wet_slip,excellent,98,2020-11-19,Atlantic Coast,2013-01-03T00:00:00,153640.85,0.59,195028.64,False
ves_c26c72d1bdf9,BEH5XYY266V7,Tiara,44 Coupe,2022,cruiser,FRP,semi_displacement,32.54,7.99,4.76,39563,inboard,1,gasoline,116,True,none,False,wet_slip,excellent,95,,Gulf Coast,2020-05-02T00:00:00,158458.22,0.31,232226.6,False
ves_1925f3654dc0,9DSBLVJRAAPR,Boston Whaler,280 Vantage,1971,fishing,aluminum,semi_displacement,17.31,5.71,1.66,11296,inboard,1,gasoline,5866,False,none,False,wet_slip,poor,32,,Great Lakes,2019-02-07T00:00:00,2524.44,1.25,53433.79,False
ves_de5133710d79,S5RGK0BU9G80,Bayliner,DX2000,2014,runabout,aluminum,planing,17.36,4.52,0.76,6991,outboard,1,gasoline,734,False,none,True,wet_slip,good,69,2024-11-05,Inland Lakes,2013-03-20T00:00:00,6514.59,1.11,39136.07,False
ves_38602c75af1d,2PGC3MBU463N,Beneteau,Oceanis 41.1,2013,sailboat,steel,displacement,23.66,5.43,2.85,29170,sail_aux,1,diesel,1488,False,none,False,wet_slip,fair,57,,Inland Lakes,2024-12-26T00:00:00,41461.24,2.86,116625.37,False
ves_667c4ab136ac,UUEHZFCGYTL5,Formula,350 CBR,2020,cruiser,FRP,semi_displacement,35.32,9.94,3.67,69891,inboard,1,diesel,1780,False,freshwater,False,wet_slip,fair,61,,Inland Lakes,2021-12-17T00:00:00,82321.19,3.12,259420.36,False
ves_af34e4fd9c55,M80LHZL8KSEH,Tracker,Targa V-18,2025,fishing,FRP,semi_displacement,20.26,6.22,1.33,17481,inboard,1,gasoline,139,True,none,False,wet_slip,very_good,86,,Pacific Coast,2019-12-01T00:00:00,44581.27,1.64,54281.6,False
ves_2e9f98789891,U3BZNW2Y5VD1,Regal,26 XO,1976,runabout,FRP,planing,16.3,4.13,2.29,9010,sterndrive,1,gasoline,1403,False,none,False,dry_stack,good,68,2020-04-27,Great Lakes,2013-10-26T00:00:00,3743.8,0.51,39071.96,False
ves_ecad9efd386b,1BXSAEFABC77,Regal,28 Express,2009,runabout,aluminum,planing,23.79,7.25,3.58,22252,sterndrive,1,gasoline,568,True,none,False,wet_slip,very_good,85,2023-11-12,Maritimes,2013-10-08T00:00:00,19687.18,0.61,65071.61,False
ves_aa85fca3400d,D9FNRKL7TV0T,Bayliner,Ciera 8,1967,runabout,FRP,planing,21.73,6.65,0.95,14997,sterndrive,1,gasoline,7244,False,none,False,trailered,poor,23,2022-06-19,Great Lakes,2018-01-15T00:00:00,2097.83,2.23,52976.07,False
ves_3fff809ddcbc,3215TJA1HP74,Formula,290 BR,1970,cruiser,FRP,semi_displacement,35.35,8.99,2.4,45637,sterndrive,2,diesel,2761,True,none,False,wet_slip,poor,43,2025-10-05,Gulf Coast,2013-12-17T00:00:00,22881.09,0.52,259745.42,False
ves_675fa9ec7ef1,L2PXH047ECM1,Jeanneau,Sun Odyssey 349,2014,sailboat,steel,displacement,44.45,10.4,4.44,96744,sail_aux,1,diesel,610,True,none,False,unknown,very_good,89,2025-02-07,Atlantic Coast,2022-01-18T00:00:00,135525.63,1.27,273287.7,False
ves_974faf7c78f6,TBGLZJDCTSMC,Regal,LS4,1994,runabout,FRP,planing,19.91,5.65,1.65,10012,sterndrive,1,gasoline,1843,True,none,False,trailered,good,65,,Gulf Coast,2013-04-10T00:00:00,8155.43,1.05,51164.2,False
ves_9a37839676e6,8LUDP7ZFP83T,Kawasaki Jet Ski,STX 160,2016,PWC,composite,planing,10.59,4.08,0.87,729,jet,1,gasoline,686,False,none,False,trailered,good,76,,Inland Lakes,2013-12-29T00:00:00,3436.26,1.96,15200.2,False
ves_0cb04128ec31,YFTC02VZPTDG,Chaparral,21 SSI,1976,runabout,FRP,planing,22.35,6.43,2.53,17020,outboard,1,gasoline,2617,True,unknown,False,wet_slip,fair,45,2020-04-11,Maritimes,2024-11-01T00:00:00,4388.24,0.95,59819.66,False
ves_efe15c875b21,LM7L0UV0XASA,Beneteau,Oceanis 31,1972,sailboat,steel,displacement,37.35,12.6,4.16,80611,inboard,1,diesel,314,True,none,False,trailered,fair,49,2024-09-16,Gulf Coast,2015-09-25T00:00:00,28261.17,0.15,216025.9,True
ves_bcbd232aa561,3NA24M27WAC6,Bennington,20 SVL,2022,pontoon,aluminum,pontoon,21.7,6.11,1.44,8592,outboard,1,gasoline,179,False,none,False,unknown,very_good,80,2025-02-15,Inland Lakes,2021-03-18T00:00:00,25824.07,0.99,49463.34,False
ves_91796c2b4064,F01YBXUWEUMJ,Tracker,Targa V-18,2025,fishing,aluminum,planing,21.35,5.62,2.3,17133,outboard,1,diesel,39,True,none,False,trailered,excellent,93,2019-05-10,Atlantic Coast,2013-10-30T00:00:00,50721.19,0.46,58246.27,False
ves_3c0d251adae0,SCZT2C7ATRYG,Chaparral,21 SSI,1998,runabout,FRP,planing,15.97,5.08,1.35,10746,outboard,1,gasoline,1597,True,none,False,wet_slip,good,72,2019-01-21,Gulf Coast,2014-12-21T00:00:00,7332.33,1.04,38002.04,False
ves_5210479cdea0,GM3YD80Y9XN7,Lund,1650 Angler,2024,fishing,FRP,planing,26.0,7.69,3.35,24685,inboard,1,gasoline,200,True,none,False,dry_stack,excellent,98,2021-07-29,Atlantic Coast,2012-08-25T00:00:00,63782.55,1.18,82599.89,False
ves_f2681d62b003,W7NMF759XVX6,Harris,Cruiser 210,1968,pontoon,aluminum,pontoon,22.8,6.51,1.06,10855,outboard,1,gasoline,650,True,none,False,wet_slip,poor,43,2022-10-28,Pacific Coast,2019-06-30T00:00:00,2208.49,0.25,47232.43,True
ves_f1e534dc3c3e,0WFEX40K76DF,Jeanneau,Sun Odyssey 349,2009,sailboat,FRP,displacement,37.83,12.02,5.39,97816,inboard,1,diesel,635,True,none,False,trailered,good,73,2020-10-18,Maritimes,2018-03-03T00:00:00,85383.65,0.93,219808.42,False
ves_d5950e0a11a8,U3C22WNLS8YY,Catalina,355,2020,sailboat,steel,displacement,33.06,8.89,2.87,50994,sail_aux,1,diesel,125,True,none,False,trailered,very_good,85,2017-12-18,Pacific Coast,2013-10-22T00:00:00,99696.2,0.52,163636.6,False
ves_bbcc3920f388,MA244XPT85FC,Bayliner,DX2000,2023,runabout,FRP,planing,20.71,6.68,3.22,16713,sterndrive,1,gasoline,106,False,freshwater,False,wet_slip,excellent,98,,Inland Lakes,2013-03-01T00:00:00,24244.4,0.64,49660.93,False
ves_4ec097ecdd32,TWE2K883ZAKV,Bayliner,Ciera 8,1995,runabout,FRP,planing,22.82,6.06,2.22,18292,sterndrive,1,gasoline,2137,True,none,False,wet_slip,good,71,,Atlantic Coast,2022-04-06T00:00:00,9886.95,1.25,56622.29,False
ves_d319c5534bc5,H1LVJNPBHD7C,Tracker,Targa V-18,2017,fishing,FRP,semi_displacement,19.38,5.95,1.86,11112,inboard,1,gasoline,555,False,none,False,wet_slip,good,74,,Great Lakes,2023-04-20T00:00:00,16916.58,0.73,51123.56,False
ves_ca8f0bafa41f,PRHXRU81MG8V,Lund,1975 Impact,2015,fishing,aluminum,semi_displacement,23.6,5.56,3.2,13215,outboard,1,diesel,1911,True,none,False,wet_slip,very_good,86,2024-07-19,Gulf Coast,2024-04-15T00:00:00,23956.37,2.04,72465.15,False
ves_aa3db844abc1,J52CLV3P00ZB,Sun Tracker,Party Barge 22 DLX,2021,pontoon,aluminum,pontoon,26.0,7.77,0.93,14369,outboard,1,gasoline,269,True,none,False,wet_slip,very_good,85,,Maritimes,2024-05-13T00:00:00,26135.21,1.2,51873.28,False
ves_4f5061958e80,10U8DYVT0GTX,Chaparral,21 SSI,2003,runabout,FRP,planing,26.0,7.02,1.98,22121,sterndrive,1,gasoline,1751,True,none,False,wet_slip,good,76,2019-08-11,Maritimes,2022-07-30T00:00:00,17094.1,1.38,73380.5,False
ves_4b95f80d1d81,ACV387ZKFCDV,Sea Ray,SLX 260,2026,cruiser,FRP,semi_displacement,40.82,12.13,2.83,65613,inboard,2,diesel,0,False,none,False,wet_slip,excellent,98,,Great Lakes,2013-07-12T00:00:00,299426.91,0.0,281575.05,False
ves_9a87a801a562,BZ18PKP3C6A1,Tracker,Pro Team 175,2016,fishing,aluminum,semi_displacement,28.56,9.43,4.22,29046,outboard,1,gasoline,706,True,none,False,trailered,very_good,85,2025-01-13,Gulf Coast,2020-04-04T00:00:00,29133.73,0.83,86264.41,False
ves_2e8a36553b02,A52J6SL0YPL6,Carver,C40 Command Bridge,2004,cruiser,FRP,semi_displacement,41.17,13.0,2.7,80911,inboard,1,diesel,1290,True,none,False,trailered,good,68,2023-11-02,Maritimes,2019-01-03T00:00:00,78782.53,0.62,284859.18,False
ves_eec7382843bf,RAET3T470BSD,Chaparral,21 SSI,2020,runabout,FRP,planing,20.36,6.61,2.21,15674,sterndrive,1,gasoline,191,True,none,False,wet_slip,very_good,84,,Atlantic Coast,2018-07-25T00:00:00,25817.83,0.58,52736.63,False
ves_dc927e033fdb,DSTC3BD729V2,Carver,C40 Command Bridge,2004,cruiser,FRP,planing,30.53,8.42,3.64,40281,inboard,1,gasoline,3396,False,none,False,wet_slip,very_good,80,2025-07-17,Great Lakes,2017-07-06T00:00:00,59062.1,1.62,190283.33,False
ves_99e44c9d950f,M88YBFPK0J35,Grady-White,336 Canyon,2013,fishing,aluminum,semi_displacement,24.23,5.65,1.81,13377,inboard,1,diesel,462,True,none,False,wet_slip,good,75,2024-06-10,Maritimes,2018-11-21T00:00:00,21165.74,0.42,75096.67,False
ves_d65517b14eba,MBRX685RHMTD,Harris,Solstice 230,1989,pontoon,aluminum,pontoon,21.04,6.29,1.79,7383,outboard,1,gasoline,1014,True,none,False,wet_slip,fair,63,2022-10-20,Atlantic Coast,2019-05-23T00:00:00,5149.44,0.61,42372.21,False
ves_489a7efb3eb7,4PD4XZ9K64ZW,Sun Tracker,Party Barge 22 DLX,2012,pontoon,aluminum,pontoon,23.92,5.84,2.15,8121,outboard,1,gasoline,934,False,none,False,wet_slip,good,77,,Inland Lakes,2017-03-07T00:00:00,12916.58,1.48,46342.41,False
ves_57028c1bcf10,WJN363HB6XBX,Beneteau,First 27,2014,sailboat,wood,displacement,38.35,12.04,4.69,109669,sail_aux,1,diesel,662,False,none,False,wet_slip,excellent,98,,Inland Lakes,2017-01-05T00:00:00,119418.68,1.38,223892.12,False
ves_2f0752d70ae0,BE8E95J6AFM3,Regal,26 XO,2003,runabout,FRP,planing,17.65,5.73,1.36,13114,outboard,1,gasoline,623,True,none,False,trailered,fair,58,2020-02-10,Maritimes,2014-07-09T00:00:00,8411.47,0.49,43483.89,False
ves_64b31e74ae9d,73AYUSYK2JEW,Sea Ray,SLX 260,2009,runabout,aluminum,planing,14.14,4.48,1.81,8322,outboard,1,gasoline,325,False,unknown,False,dry_stack,very_good,81,,Great Lakes,2015-11-09T00:00:00,9418.16,0.35,32250.22,False
ves_81dfb893989f,SCNW9DX3TPF5,Sea Ray,SPX 190,2024,runabout,FRP,planing,16.21,5.47,1.97,8226,sterndrive,1,gasoline,28,True,freshwater,False,wet_slip,very_good,82,2023-12-31,Maritimes,2022-10-21T00:00:00,19254.11,0.25,38789.68,False
ves_d002a3d1f993,PZBXWV0NGGRG,Sea Ray,SPX 190,1983,cruiser,steel,planing,30.67,9.82,4.0,44808,sterndrive,1,diesel,1251,False,none,False,wet_slip,fair,50,,Great Lakes,2022-07-23T00:00:00,25574.13,0.31,191435.26,False
ves_1fb356e4f8b7,H1JUN3HNFVYR,Boston Whaler,170 Montauk,2017,fishing,FRP,semi_displacement,25.45,6.19,1.46,17162,inboard,1,gasoline,850,True,none,True,wet_slip,good,72,2020-08-12,Pacific Coast,2019-07-31T00:00:00,16040.01,1.11,89861.52,False
ves_93e1a9542547,AJGD448JYM5N,Harris,Solstice 230,1992,pontoon,aluminum,pontoon,19.1,5.87,1.35,7435,outboard,1,gasoline,598,False,none,False,dry_stack,fair,62,2021-10-12,Great Lakes,2019-07-12T00:00:00,4890.42,0.39,37176.67,False
ves_275733c0cecb,PUVN8GBTLY5Z,Regal,26 XO,2014,runabout,FRP,planing,26.0,8.27,2.74,26212,sterndrive,1,gasoline,65,True,none,False,unknown,good,74,2021-05-13,Gulf Coast,2019-11-05T00:00:00,23329.23,0.1,73380.5,True
ves_09bdc51dd13b,MM55T2ANRT8H,Bayliner,Element M17,2012,runabout,aluminum,planing,18.75,4.57,2.59,8902,sterndrive,1,gasoline,1307,True,none,False,wet_slip,fair,60,2025-09-25,Atlantic Coast,2020-12-18T00:00:00,11255.15,1.7,43431.21,False
ves_4b51e24c3fa3,CWAKPUJDNR7P,Parker,2820 XLD,2001,workboat,steel,planing,35.4,11.74,1.92,66134,inboard,2,diesel,7310,False,none,False,unknown,good,76,,Great Lakes,2013-06-27T00:00:00,49046.93,1.33,247077.57,False
ves_c4cb974e7cd6,3Y91WE7XHRWV,Lund,1975 Impact,2015,fishing,FRP,planing,26.0,6.61,2.66,21101,inboard,1,gasoline,1244,True,none,False,trailered,very_good,86,,Atlantic Coast,2018-10-27T00:00:00,27306.83,1.33,82599.89,False
ves_3a6993455382,2G232RSWM9CF,Carver,C40 Command Bridge,1976,cruiser,steel,semi_displacement,28.54,7.68,1.24,28751,sterndrive,1,diesel,3556,True,none,False,wet_slip,poor,33,2018-08-28,Atlantic Coast,2023-09-16T00:00:00,15343.4,0.75,173667.07,False
ves_7d7b3891f653,40U82ZGM47UB,Boston Whaler,230 Outrage,2018,fishing,aluminum,semi_displacement,15.04,4.37,1.59,6562,inboard,1,gasoline,1375,True,none,False,wet_slip,good,70,,Maritimes,2015-08-14T00:00:00,15233.08,2.02,44194.26,False
ves_507e0e310d54,KKPDW82CY453,Grady-White,191 CE,2012,fishing,aluminum,semi_displacement,26.0,6.95,1.72,20890,outboard,1,gasoline,1170,True,none,False,trailered,very_good,82,2020-01-24,Atlantic Coast,2017-09-22T00:00:00,24096.89,0.98,82599.89,False
ves_3ffec258f43b,P9K0LGVR7PYL,Tiara,44 Coupe,2022,cruiser,FRP,planing,15.13,3.8,1.97,10309,inboard,1,diesel,232,True,none,False,wet_slip,good,75,,Pacific Coast,2024-10-27T00:00:00,47348.97,0.61,82594.05,False
ves_24500189d7aa,EFG2TTHK28F9,Harris,Solstice 230,2025,pontoon,aluminum,pontoon,22.96,6.35,1.7,8918,outboard,1,gasoline,54,True,none,False,dry_stack,excellent,98,2020-11-24,Atlantic Coast,2015-06-02T00:00:00,43208.58,1.2,47682.66,False
ves_2bfcc6929012,XHH7VL1FWJK5,Sea Ray,Sundancer 320,2023,cruiser,steel,semi_displacement,32.64,8.69,4.87,38694,sterndrive,2,gasoline,343,True,none,False,wet_slip,excellent,96,,Maritimes,2018-12-07T00:00:00,152048.36,1.2,208192.01,False
ves_30845b1ba71c,HCBWMT2CHKZT,Regal,LS4,2024,runabout,aluminum,planing,22.79,5.19,1.28,13631,outboard,1,gasoline,37,True,none,False,trailered,excellent,98,2019-09-04,Gulf Coast,2013-02-12T00:00:00,48377.27,0.34,61409.14,False
ves_fc4f699feb4c,JZ5BPXUC1UKL,Harris,Solstice 230,2013,pontoon,aluminum,pontoon,26.0,6.5,0.94,13320,outboard,1,gasoline,321,True,none,False,trailered,good,70,,Maritimes,2020-11-27T00:00:00,15135.76,0.55,56384.0,True
ves_1e0629eb097a,P8C2K6KRYJ2U,Hunter,31,1983,sailboat,steel,displacement,28.33,9.62,1.47,57033,inboard,1,diesel,593,False,none,False,trailered,fair,64,2022-02-06,Inland Lakes,2021-03-09T00:00:00,23700.67,0.34,122218.32,True
ves_52064b42f961,98CD4T3HU1U9,Lund,1650 Angler,2018,fishing,aluminum,planing,17.01,4.25,1.36,8731,outboard,1,diesel,883,False,none,False,wet_slip,very_good,88,,Great Lakes,2020-05-26T00:00:00,18945.67,1.3,46589.25,False
ves_0563107df828,W5YPPCR2EPJ1,Yamaha WaveRunner,FX HO,1978,PWC,FRP,planing,11.23,4.42,0.87,961,jet,1,gasoline,1112,False,none,False,trailered,poor,42,,Inland Lakes,2025-05-29T00:00:00,1200.0,0.66,18427.68,False
ves_920d99e88f3b,E4XB6V2HKCT3,Chaparral,21 SSI,1975,runabout,aluminum,planing,20.81,5.71,1.92,14032,outboard,1,gasoline,1929,False,none,False,wet_slip,fair,51,2020-10-14,Inland Lakes,2018-04-25T00:00:00,4175.72,0.69,54317.72,False
ves_1205a038b608,VMGDR8MBW5P8,Grady-White,191 CE,2009,fishing,aluminum,planing,18.77,5.66,2.36,10677,outboard,1,gasoline,3593,True,none,False,trailered,good,66,2025-05-17,Pacific Coast,2024-11-10T00:00:00,12158.75,2.49,53194.03,False
ves_2483f5d952bd,KBERP5AVX7UA,HarborCat,36 Pilot,2023,workboat,steel,semi_displacement,41.76,10.56,3.16,94587,jet,1,gasoline,236,False,none,False,wet_slip,excellent,98,2024-07-28,Great Lakes,2013-07-03T00:00:00,203190.64,0.36,308793.67,False
ves_fa04edaa62a9,K4RFSABPSNS4,Catalina,275 Sport,1970,sailboat,steel,displacement,27.1,6.38,3.69,44421,sail_aux,1,diesel,834,False,unknown,False,wet_slip,fair,49,2019-11-27,Great Lakes,2015-08-31T00:00:00,17088.11,0.37,125074.67,False
ves_dfddb17a0ad7,XG9HEA2VKMLS,Sea Ray,Sundancer 320,1975,cruiser,FRP,semi_displacement,41.49,13.57,4.53,73908,sterndrive,1,gasoline,4182,True,none,False,wet_slip,fair,51,,Atlantic Coast,2024-06-19T00:00:00,31874.69,0.86,287831.87,False
ves_b75e45afdfff,8W5SCFWUHA9P,Sea Ray,SPX 190,1979,cruiser,FRP,planing,46.75,14.62,2.71,95255,inboard,1,gasoline,6244,True,none,False,wet_slip,fair,51,2018-06-26,Pacific Coast,2019-01-02T00:00:00,41385.21,1.4,338149.42,False
ves_a25f873b1a03,CKPJ9NFDE05E,Tiara,38 LS,2010,cruiser,FRP,semi_displacement,25.86,8.49,1.75,35915,sterndrive,1,diesel,573,True,none,False,wet_slip,good,65,,Gulf Coast,2012-06-30T00:00:00,48792.97,0.38,170259.42,True
ves_9158ff259511,1PGD1L4VVE66,Beneteau,Oceanis 31,2012,sailboat,steel,displacement,17.27,4.97,0.85,14703,inboard,1,diesel,826,False,none,False,trailered,good,72,2022-06-01,Great Lakes,2016-03-15T00:00:00,31149.67,1.48,76260.12,False
ves_e404d988ce5d,FDFWEDBKZMPD,Hunter,36,2014,sailboat,steel,displacement,20.5,6.11,2.14,21152,sail_aux,1,diesel,704,False,none,False,wet_slip,very_good,83,2018-01-27,Inland Lakes,2017-03-19T00:00:00,37173.33,1.47,78936.03,False
ves_08c512309da1,B0C9WYF7ATJD,Lund,1875 Pro-V,2007,fishing,aluminum,planing,23.02,5.93,1.42,15676,outboard,1,gasoline,1300,False,none,False,wet_slip,very_good,88,2019-09-15,Great Lakes,2019-07-20T00:00:00,18534.59,0.8,70065.71,False
ves_5b29eea3c24b,NXDMEDP77ABK,Tracker,Targa V-18,1972,fishing,aluminum,semi_displacement,17.96,5.05,2.73,11586,outboard,1,gasoline,5078,False,none,False,trailered,fair,45,2018-06-01,Great Lakes,2020-07-15T00:00:00,2714.81,1.11,46114.54,False
ves_8cae832dd840,NL92CTG1GWRY,Hunter,31,2012,sailboat,wood,displacement,24.67,7.44,3.62,34875,inboard,1,diesel,207,True,none,False,wet_slip,good,79,,Gulf Coast,2019-08-15T00:00:00,44254.39,0.37,101392.77,False
ves_a6705f53af64,DUBPCYF9H09Z,Chaparral,280 OSX,2001,runabout,FRP,planing,18.94,4.77,1.26,8595,sterndrive,1,gasoline,1300,True,none,False,wet_slip,good,69,2023-06-11,Maritimes,2020-08-05T00:00:00,9804.46,0.95,47846.64,False
ves_904316d03775,P1ZY2YDLJAB0,Boston Whaler,280 Vantage,2024,fishing,FRP,semi_displacement,19.75,6.55,2.58,16437,inboard,1,gasoline,121,True,none,False,trailered,good,79,,Pacific Coast,2021-08-18T00:00:00,41965.4,0.71,63808.9,False
ves_d73aadf114c7,4HLCHTC69RUB,Bennington,20 SVL,1991,pontoon,aluminum,pontoon,19.63,6.25,2.05,6932,outboard,1,gasoline,1519,True,none,False,wet_slip,fair,62,2023-03-03,Gulf Coast,2025-10-07T00:00:00,5514.67,0.96,43198.84,False
ves_b174e200020f,RS6XNG8XJ1GM,Tracker,Pro Team 175,1974,fishing,FRP,planing,20.98,5.54,0.94,13486,inboard,1,gasoline,6709,True,none,False,trailered,poor,38,2021-12-30,Pacific Coast,2022-05-03T00:00:00,3224.66,1.52,56885.92,False
ves_ec81c60c5373,A808TJRZFCL4,Regal,28 Express,1997,runabout,aluminum,planing,20.67,4.97,1.45,12034,sterndrive,1,gasoline,1352,False,none,False,trailered,very_good,82,2023-01-11,Great Lakes,2018-12-02T00:00:00,11065.0,0.85,53823.63,False
ves_45273709481a,3NKAZ0F06ATZ,Regal,28 Express,2013,runabout,aluminum,planing,19.28,5.51,1.32,14337,outboard,1,gasoline,530,True,none,False,wet_slip,excellent,94,2019-01-22,Maritimes,2021-08-28T00:00:00,18028.63,0.74,49019.01,False
ves_a68cd048e86d,AKBRBDGARFEH,Sea Ray,Sundancer 320,2023,cruiser,steel,semi_displacement,33.61,7.86,2.69,48267,inboard,1,diesel,192,True,none,False,wet_slip,very_good,87,2023-01-29,Atlantic Coast,2019-03-04T00:00:00,146899.36,0.67,216598.26,False
ves_04a5a38a8fc4,WT7YZB9KRKG2,Sea Ray,SLX 260,2006,runabout,aluminum,planing,26.0,5.91,2.77,18599,outboard,1,gasoline,615,True,none,False,trailered,fair,63,2023-08-21,Gulf Coast,2024-02-04T00:00:00,16412.65,0.56,73380.5,False
ves_d552ab934baf,3P5MDPLNRKJ7,Bayliner,DX2000,1980,runabout,FRP,planing,23.02,6.06,2.43,18380,sterndrive,1,gasoline,728,True,none,False,trailered,fair,50,2020-03-14,Pacific Coast,2024-07-13T00:00:00,5053.39,0.29,57284.39,False
ves_c0cbe2a073a4,SHB9G9ZUBXFT,Tracker,Targa V-18,2024,fishing,aluminum,planing,26.0,8.39,2.5,28686,inboard,1,diesel,198,True,none,False,wet_slip,very_good,87,2023-05-21,Gulf Coast,2020-08-09T00:00:00,53641.88,1.16,75991.9,False
ves_685a0ac6ecea,ENKVC3KEV3GR,Tiara,38 LS,1970,cruiser,FRP,semi_displacement,31.23,10.13,4.59,62806,sterndrive,1,diesel,6250,False,none,False,wet_slip,good,65,,Inland Lakes,2021-01-12T00:00:00,25170.27,1.17,219646.42,False
ves_864f6dc7ccf1,Z66HD5TJKN43,Lund,1650 Angler,2023,fishing,FRP,semi_displacement,26.0,7.38,2.94,28137,inboard,1,gasoline,155,True,none,False,trailered,excellent,91,,Pacific Coast,2017-10-20T00:00:00,51382.33,0.61,82599.89,False
ves_416fd45fca69,K0B84NR7R3VN,Bayliner,Ciera 8,2014,runabout,FRP,planing,22.96,5.07,2.5,10267,sterndrive,1,gasoline,1264,True,none,False,wet_slip,very_good,80,2019-04-03,Maritimes,2017-07-05T00:00:00,19187.35,1.92,57064.14,False
ves_1fffe1eda568,2PKSEDM2ZX8V,Formula,290 BR,2013,cruiser,FRP,semi_displacement,32.8,7.46,3.37,38221,inboard,1,gasoline,516,True,none,False,trailered,very_good,81,2019-12-25,Atlantic Coast,2015-03-11T00:00:00,92089.67,0.42,234779.66,False
ves_7ec2d9bca994,APPU2U7N0RY1,Bayliner,VR5,2009,runabout,FRP,planing,19.66,6.66,1.28,17956,sterndrive,1,gasoline,1194,True,none,False,wet_slip,good,76,2022-11-23,Gulf Coast,2022-03-20T00:00:00,12905.87,1.28,46275.23,False
ves_8dbf4ff0f709,315RMKH65ZUE,Formula,350 CBR,2013,cruiser,steel,planing,33.91,10.29,1.81,62315,inboard,1,gasoline,1606,True,none,False,wet_slip,good,79,2024-12-29,Maritimes,2019-03-13T00:00:00,94564.31,1.3,245507.45,False
ves_1bb44b9ead04,US3D2RCC6MPP,Bayliner,Ciera 8,1999,runabout,aluminum,planing,26.0,8.05,1.83,27384,sterndrive,1,gasoline,1274,True,none,False,dry_stack,good,78,,Pacific Coast,2013-06-06T00:00:00,14211.1,0.86,67510.06,False
ves_84633c676ab7,K175RYHDZ6PW,Bennington,24 LXSB,2008,pontoon,aluminum,pontoon,26.0,7.43,1.93,15256,outboard,1,gasoline,193,False,freshwater,False,wet_slip,good,74,,Great Lakes,2019-02-28T00:00:00,10051.05,0.24,63150.08,True
ves_67a34cc96cd6,2G13KC5J21R4,Tiara,44 Coupe,2003,cruiser,FRP,planing,23.07,5.5,2.49,21949,sterndrive,1,diesel,3360,True,none,False,wet_slip,good,74,,Pacific Coast,2014-11-26T00:00:00,41781.6,1.54,145970.88,False
ves_8d3a383ada9f,UHN9R9DGE6XK,Grady-White,191 CE,2020,fishing,aluminum,planing,26.0,8.1,2.14,24341,inboard,1,gasoline,762,True,none,False,trailered,very_good,80,2019-10-05,Pacific Coast,2013-09-09T00:00:00,36748.0,1.49,82599.89,False
ves_f7b3b5e7c392,AJBKLMWV14F3,Harris,Solstice 230,1970,pontoon,aluminum,pontoon,21.78,5.13,1.19,6474,outboard,1,gasoline,2369,False,none,False,trailered,fair,47,,Great Lakes,2018-08-02T00:00:00,2526.76,0.94,44392.45,False
ves_e5f43b349b4a,TBHM2E62T055,Chaparral,23 SSi,1973,runabout,FRP,planing,23.01,7.73,3.34,16324,outboard,1,gasoline,1329,True,none,False,trailered,poor,41,2023-10-24,Maritimes,2019-03-30T00:00:00,3949.33,0.46,62219.57,False
ves_9c805d45eee4,K36T7H9E43C8,Chaparral,23 SSi,1984,runabout,aluminum,planing,17.95,5.62,0.87,12653,sterndrive,1,gasoline,247,True,none,False,wet_slip,fair,49,2022-05-11,Atlantic Coast,2020-09-05T00:00:00,4019.88,0.11,44485.42,True
ves_58a8e2bd7f88,WJP9LJSYXMKB,Hunter,36,1998,sailboat,FRP,displacement,33.29,10.8,3.91,73762,inboard,1,diesel,875,False,none,False,wet_slip,good,78,2021-03-16,Great Lakes,2018-12-02T00:00:00,45696.88,0.78,151967.27,True
ves_78beedee0b43,2YTZLYXG51X3,Sea Ray,SDX 250,1975,runabout,FRP,planing,24.31,7.92,3.83,25075,sterndrive,1,gasoline,718,True,none,False,trailered,fair,46,2023-11-28,Gulf Coast,2013-04-27T00:00:00,4835.63,0.26,67033.6,False
ves_93db954aae6a,VNA2GWSM990V,Bayliner,Ciera 8,1980,runabout,FRP,planing,19.38,5.52,0.82,13643,sterndrive,1,gasoline,2943,True,saltwater,False,trailered,poor,23,,Gulf Coast,2015-09-26T00:00:00,1200.0,1.16,45402.6,False
ves_276555e93a3f,T4D169XBNGK6,Bayliner,Ciera 8,2015,runabout,FRP,planing,12.89,3.5,0.76,6197,outboard,1,gasoline,268,True,none,False,wet_slip,good,79,2021-04-17,Maritimes,2015-01-14T00:00:00,8986.16,0.44,26173.1,False
ves_b443cf62abbe,R68NR9ABTFTN,Bennington,24 LXSB,2005,pontoon,aluminum,pontoon,21.26,5.44,1.96,7729,outboard,1,gasoline,1315,False,none,False,wet_slip,good,72,2025-06-04,Great Lakes,2022-03-11T00:00:00,10367.87,1.39,48137.32,False
ves_9d2509a27997,101MNRT8ERWL,Sea Ray,SPX 190,2005,cruiser,steel,semi_displacement,23.33,6.61,3.42,28031,sterndrive,1,gasoline,2993,True,none,False,trailered,good,68,,Maritimes,2023-10-20T00:00:00,37529.71,1.5,132348.24,False
ves_d0c238217d14,FMURKH6KT72H,Bayliner,DX2000,2011,runabout,aluminum,planing,10.46,3.5,1.6,4840,sterndrive,1,gasoline,447,True,none,False,dry_stack,good,69,2023-11-25,Gulf Coast,2015-07-09T00:00:00,5460.02,0.54,19739.41,False
ves_8be18e43aeca,YTHRM1NAGXDJ,Lund,1650 Angler,2004,fishing,FRP,planing,21.94,7.36,2.14,18590,inboard,1,gasoline,2188,True,none,False,trailered,good,70,2020-07-12,Atlantic Coast,2022-12-10T00:00:00,13455.78,1.17,65662.89,False
ves_288b37f19de1,8LWNC3J96NUY,Sun Tracker,Bass Buggy 18 DLX,2024,pontoon,aluminum,pontoon,26.0,6.65,1.42,9991,outboard,1,gasoline,220,True,none,False,wet_slip,good,77,,Atlantic Coast,2023-02-14T00:00:00,33490.38,2.44,51873.28,False
ves_83eb4d72fb37,794NV5302GJD,Chaparral,280 OSX,1972,runabout,FRP,planing,20.62,5.88,2.31,15673,sterndrive,1,gasoline,1236,True,none,False,wet_slip,fair,57,2024-04-18,Gulf Coast,2016-09-25T00:00:00,4048.14,0.42,53649.08,False
ves_59c4681401cb,Y5GPUEHJKEAU,Harris,Solstice 230,1990,pontoon,aluminum,pontoon,23.23,6.34,0.87,10085,outboard,1,gasoline,1680,True,none,False,dry_stack,fair,49,2018-05-07,Gulf Coast,2022-02-10T00:00:00,5152.03,1.04,48420.27,False
ves_c86cbba21c17,Y9C1DWS79VWU,Jeanneau,Leader 10.5,2010,sailboat,steel,displacement,50.72,12.12,7.24,111465,inboard,1,diesel,563,False,none,False,trailered,excellent,92,2020-03-22,Inland Lakes,2025-11-12T00:00:00,153277.24,0.88,326601.23,False
ves_4e50d6fdbad7,68ND9FYRBLRP,Boston Whaler,230 Outrage,1998,fishing,aluminum,semi_displacement,17.27,5.68,2.08,14350,outboard,1,gasoline,4604,True,none,False,trailered,fair,54,2020-06-15,Atlantic Coast,2021-05-05T00:00:00,7656.32,1.93,53238.45,False
ves_38507620187f,GRK0RSJZ9TBW,Parker,2320 Sport Cabin,2010,workboat,aluminum,planing,28.77,8.5,4.58,50374,outboard,1,diesel,8288,True,none,False,wet_slip,good,68,2019-06-08,Pacific Coast,2024-02-14T00:00:00,44887.15,2.35,186691.07,False
ves_292bbd461800,EBE1FA8GS788,Lund,1650 Angler,2013,fishing,FRP,planing,26.0,8.12,1.75,28125,inboard,1,diesel,1862,True,none,False,trailered,good,74,2021-06-16,Pacific Coast,2020-09-12T00:00:00,23059.03,1.69,82599.89,False
ves_454ed18a84da,AVWBGLE5Y4PW,Sea Ray,SLX 260,2010,runabout,aluminum,planing,22.28,5.8,3.48,13454,outboard,1,gasoline,858,False,none,False,trailered,good,77,2022-09-06,Inland Lakes,2021-05-28T00:00:00,17277.04,0.97,59556.43,False
ves_faf7ec1eed92,V29N1SPKCVG3,Lund,1875 Pro-V,2002,fishing,FRP,planing,18.52,5.67,2.92,11924,outboard,1,gasoline,2703,True,none,False,dry_stack,good,66,2021-09-23,Gulf Coast,2014-07-06T00:00:00,9682.57,1.32,52259.65,False
ves_8b711da1de4b,7RJU16RFW1UL,Hunter,31,2017,sailboat,steel,displacement,39.51,11.14,1.8,103878,sail_aux,1,diesel,257,True,none,False,trailered,very_good,88,2024-03-11,Atlantic Coast,2018-05-28T00:00:00,103032.29,0.71,191490.29,False
ves_5a0e3c52c6e2,PKS8LTLLFSRJ,Tiara,38 LS,1989,cruiser,FRP,planing,41.8,11.98,2.22,82169,sterndrive,1,diesel,2291,False,none,False,wet_slip,very_good,80,2020-07-11,Inland Lakes,2019-01-13T00:00:00,69475.65,0.65,325675.37,False
ves_dbe2fcab5d7a,B03ZL1F4GNUR,SafeBoat,33 Full Cabin,2020,workboat,FRP,planing,24.58,7.19,1.88,32754,inboard,1,gasoline,1446,True,none,False,dry_stack,good,76,,Pacific Coast,2014-03-06T00:00:00,64717.47,1.1,150951.08,False
ves_91fefe9a1dfb,GVK3X1K4E2DT,Tiara,44 Coupe,2021,cruiser,FRP,planing,43.67,9.85,3.52,56662,inboard,2,diesel,844,False,none,False,wet_slip,very_good,86,2023-01-16,Great Lakes,2016-10-31T00:00:00,206040.84,1.78,345483.85,False
ves_50605a7358ec,P6V711R877MW,Grady-White,257 Fisherman,1999,fishing,aluminum,semi_displacement,21.39,7.26,2.75,22656,outboard,1,diesel,1920,False,none,False,wet_slip,very_good,89,2020-02-05,Great Lakes,2021-12-09T00:00:00,13322.45,0.84,63485.74,False
ves_68ab9388ae67,65V9EWC3HM6Z,Beneteau,First 27,2011,sailboat,steel,displacement,19.87,6.24,3.07,25301,inboard,1,diesel,762,True,none,False,unknown,good,68,2018-01-08,Atlantic Coast,2016-11-18T00:00:00,35455.57,1.27,92165.34,False
ves_62d1cd25df73,E1Z2N3XEMBYT,Parker,2320 Sport Cabin,2026,workboat,FRP,semi_displacement,40.64,12.52,6.15,86550,inboard,2,gasoline,0,True,none,False,dry_stack,excellent,98,2020-11-13,Maritimes,2023-05-28T00:00:00,316465.81,0.0,297598.1,False
ves_031c092554d1,KSN1J8B20SEP,Grady-White,257 Fisherman,2004,fishing,aluminum,semi_displacement,16.47,4.88,1.24,8500,outboard,1,gasoline,2183,True,none,False,wet_slip,good,71,,Atlantic Coast,2015-04-20T00:00:00,9229.51,1.17,44593.72,False
ves_8468ab665246,RZ0JVDYCDUXF,Bennington,22 SSB,1992,pontoon,aluminum,pontoon,27.49,8.18,1.67,17249,outboard,1,gasoline,957,True,none,False,wet_slip,fair,58,,Gulf Coast,2025-05-26T00:00:00,8566.9,0.63,68081.16,False
ves_2b9323dc5a43,9SLK08DLHG31,Sea Ray,Sundancer 320,2009,cruiser,FRP,semi_displacement,27.26,6.77,4.06,32001,inboard,1,diesel,850,True,none,False,dry_stack,good,70,,Maritimes,2016-11-12T00:00:00,52195.4,0.53,163223.39,False
ves_b4192fb02fb9,0TN1FEXSRR11,Yamaha WaveRunner,FX HO,2018,PWC,FRP,planing,11.77,4.21,0.95,914,jet,1,gasoline,221,False,none,False,wet_slip,very_good,84,2024-10-15,Great Lakes,2019-01-14T00:00:00,5829.97,0.79,19633.88,False
